2026-08-28 09:31:28,225 [INFO] Activator:176 - 


2026-08-28 09:31:28,243 [INFO] Activator:177 - !SESSION log4j initialized
2026-08-28 09:31:35,738 [INFO] LogOutputStream:77 - [STDOUT_REDIRECT] 
2026-08-28 09:31:45,455 [INFO] ApplicationProperties:184 - Using Application install path: C:\ST\STM32CubeIDE_1.19.0\STM32CubeIDE\plugins\com.st.stm32cube.common.mx_6.15.0.202507011659
2026-08-28 09:31:45,603 [INFO] DbMcusXml:78 - Set database path to: C:\ST\STM32CubeIDE_1.19.0\STM32CubeIDE\plugins\com.st.stm32cube.common.mx_6.15.0.202507011659\\db\/mcu/
2026-08-28 09:31:45,603 [INFO] ApiDb:274 - Set plugin database path to: C:\ST\STM32CubeIDE_1.19.0\STM32CubeIDE\plugins\com.st.stm32cube.common.mx_6.15.0.202507011659\\db\/plugins/boardmanager/
2026-08-28 09:31:45,603 [WARN] ApiDb:259 - Overriding images path with different value:  => C:\ST\STM32CubeIDE_1.19.0\STM32CubeIDE\plugins\com.st.stm32cube.common.mx_6.15.0.202507011659\\db\/plugins/mcufinder/images/
2026-08-28 09:31:45,742 [INFO] ApiDb:250 - Set database path to: C:\Users\student\.stmcufinder\plugins\mcufinder//mcu/
2026-08-28 09:31:45,744 [INFO] DbMcusAds:125 - Set database path to: C:\Users\student\.stmcufinder\plugins\mcufinder//mcu/
2026-08-28 09:31:45,747 [INFO] CrossReferenceDbSqlite:203 - Set database path to: C:\Users\student\.stmcufinder\plugins\mcufinder//mcu/cs/
2026-08-28 09:31:46,135 [INFO] RulesReader:64 - Compatibility file has been processed (317 Rules)
2026-08-28 09:31:46,492 [INFO] DbMcusXml:78 - Set database path to: C:\ST\STM32CubeIDE_1.19.0\STM32CubeIDE\plugins\com.st.stm32cube.common.mx_6.15.0.202507011659\\db\/mcu/
2026-08-28 09:31:46,492 [INFO] ApiDb:274 - Set plugin database path to: C:\ST\STM32CubeIDE_1.19.0\STM32CubeIDE\plugins\com.st.stm32cube.common.mx_6.15.0.202507011659\\db\/plugins/boardmanager/
2026-08-28 09:31:46,493 [INFO] ApiDb:261 - Set plugin images path to: C:\ST\STM32CubeIDE_1.19.0\STM32CubeIDE\plugins\com.st.stm32cube.common.mx_6.15.0.202507011659\\db\/plugins/mcufinder/images/
2026-08-28 09:31:46,493 [WARN] DbFile:41 - Overriding database path with different value: C:\Users\student\.stmcufinder\plugins\mcufinder/ => C:\Users\student\.stmcufinder\plugins\mcufinder
2026-08-28 09:31:46,493 [INFO] ApiDb:250 - Set database path to: C:\Users\student\.stmcufinder\plugins\mcufinder//mcu/
2026-08-28 09:31:46,493 [WARN] DbFile:41 - Overriding database path with different value: C:\Users\student\.stmcufinder\plugins\mcufinder/ => C:\Users\student\.stmcufinder\plugins\mcufinder
2026-08-28 09:31:46,493 [INFO] DbMcusAds:125 - Set database path to: C:\Users\student\.stmcufinder\plugins\mcufinder//mcu/
2026-08-28 09:31:46,493 [WARN] DbFile:41 - Overriding database path with different value: C:\Users\student\.stmcufinder\plugins\mcufinder/ => C:\Users\student\.stmcufinder\plugins\mcufinder
2026-08-28 09:31:46,493 [WARN] DbFile:41 - Overriding database path with different value: C:\Users\student\.stmcufinder\plugins\mcufinder/ => C:\Users\student\.stmcufinder\plugins\mcufinder
2026-08-28 09:31:46,529 [INFO] CrossReferenceDbSqlite:203 - Set database path to: C:\Users\student\.stmcufinder\plugins\mcufinder//mcu/cs/
2026-08-28 09:31:46,927 [INFO] MainPanel:274 - HeapMemory: 268435456
2026-08-28 09:31:47,851 [INFO] DbMcusXml:78 - Set database path to: C:\ST\STM32CubeIDE_1.19.0\STM32CubeIDE\plugins\com.st.stm32cube.common.mx_6.15.0.202507011659\\db\/mcu/
2026-08-28 09:31:47,851 [INFO] ApiDb:274 - Set plugin database path to: C:\ST\STM32CubeIDE_1.19.0\STM32CubeIDE\plugins\com.st.stm32cube.common.mx_6.15.0.202507011659\\db\/plugins/boardmanager/
2026-08-28 09:31:47,851 [INFO] ApiDb:261 - Set plugin images path to: C:\ST\STM32CubeIDE_1.19.0\STM32CubeIDE\plugins\com.st.stm32cube.common.mx_6.15.0.202507011659\\db\/plugins/mcufinder/images/
2026-08-28 09:31:47,851 [WARN] DbFile:41 - Overriding database path with different value: C:\Users\student\.stmcufinder\plugins\mcufinder/ => C:\Users\student\.stmcufinder\plugins\mcufinder
2026-08-28 09:31:47,852 [INFO] ApiDb:250 - Set database path to: C:\Users\student\.stmcufinder\plugins\mcufinder//mcu/
2026-08-28 09:31:47,852 [WARN] DbFile:41 - Overriding database path with different value: C:\Users\student\.stmcufinder\plugins\mcufinder/ => C:\Users\student\.stmcufinder\plugins\mcufinder
2026-08-28 09:31:47,852 [INFO] DbMcusAds:125 - Set database path to: C:\Users\student\.stmcufinder\plugins\mcufinder//mcu/
2026-08-28 09:31:47,852 [WARN] DbFile:41 - Overriding database path with different value: C:\Users\student\.stmcufinder\plugins\mcufinder/ => C:\Users\student\.stmcufinder\plugins\mcufinder
2026-08-28 09:31:47,852 [WARN] DbFile:41 - Overriding database path with different value: C:\Users\student\.stmcufinder\plugins\mcufinder/ => C:\Users\student\.stmcufinder\plugins\mcufinder
2026-08-28 09:31:47,852 [INFO] CrossReferenceDbSqlite:203 - Set database path to: C:\Users\student\.stmcufinder\plugins\mcufinder//mcu/cs/
2026-08-28 09:31:47,905 [INFO] ApplicationProperties:184 - Using Application install path: C:\ST\STM32CubeIDE_1.19.0\STM32CubeIDE\plugins\com.st.stm32cube.common.mx_6.15.0.202507011659
2026-08-28 09:31:47,906 [INFO] PluginManage:196 - Search for loadable plugins [exclusion list=, ]
2026-08-28 09:31:47,926 [INFO] PluginManage:310 - Check plugin analytics
2026-08-28 09:31:52,300 [INFO] McuFinderGlobals:63 - Set McuFinder mode to 2 (CubeIDE integrated)
2026-08-28 09:31:52,974 [INFO] AnalyticsPlugin:253 - Accepted Software Licenses: 
2026-08-28 09:31:52,974 [INFO] AnalyticsPlugin:255 - Accepted CMSIS Pack Licenses: 
2026-08-28 09:31:52,978 [INFO] AnalyticsPlugin:257 - Accepted Firmware Licenses: 
2026-08-28 09:31:52,981 [INFO] PluginManage:359 - Loaded plugin analytics (category:tool,tabindex:-1)
2026-08-28 09:31:52,981 [INFO] PluginManage:310 - Check plugin cadmodel
2026-08-28 09:31:53,042 [INFO] CADModel:105 - Init CAD model plugin
2026-08-28 09:31:53,043 [INFO] PluginManage:359 - Loaded plugin cadmodel (category:power,tabindex:5)
2026-08-28 09:31:53,043 [INFO] PluginManage:310 - Check plugin clock
2026-08-28 09:31:53,078 [INFO] PluginManage:359 - Loaded plugin clock (category:base,tabindex:2)
2026-08-28 09:31:53,078 [INFO] PluginManage:310 - Check plugin ddr
2026-08-28 09:31:53,104 [INFO] PluginManage:359 - Loaded plugin ddr (category:tool,tabindex:6)
2026-08-28 09:31:53,104 [INFO] PluginManage:310 - Check plugin filemanager
2026-08-28 09:31:53,663 [INFO] PluginManage:359 - Loaded plugin filemanager (category:base,tabindex:10)
2026-08-28 09:31:53,663 [INFO] PluginManage:310 - Check plugin ipmanager
2026-08-28 09:31:53,678 [INFO] PluginManage:359 - Loaded plugin ipmanager (category:base,tabindex:5)
2026-08-28 09:31:53,678 [INFO] PluginManage:310 - Check plugin lpbam
2026-08-28 09:31:53,705 [INFO] PluginManage:359 - Loaded plugin lpbam (category:base,tabindex:0)
2026-08-28 09:31:53,705 [INFO] PluginManage:310 - Check plugin memorymap
2026-08-28 09:31:53,740 [INFO] PluginManage:359 - Loaded plugin memorymap (category:base,tabindex:4)
2026-08-28 09:31:53,741 [INFO] PluginManage:310 - Check plugin pinoutandconfiguration
2026-08-28 09:31:53,761 [INFO] PluginManage:359 - Loaded plugin pinoutandconfiguration (category:base,tabindex:1)
2026-08-28 09:31:53,761 [INFO] PluginManage:310 - Check plugin pinoutconfig
2026-08-28 09:31:54,014 [WARN] SupportedApi:132 - Cannot load RTOS API schema: s4s-elt-must-match.1: The content of 'definitions' must match (annotation?, (simpleType | complexType)?, (unique | key | keyref)*)). A problem was found starting at: attribute.
2026-08-28 09:31:54,349 [INFO] PluginManage:359 - Loaded plugin pinoutconfig (category:base,tabindex:0)
2026-08-28 09:31:54,349 [INFO] PluginManage:310 - Check plugin power
2026-08-28 09:31:54,441 [INFO] PluginManage:359 - Loaded plugin power (category:power,tabindex:4)
2026-08-28 09:31:54,441 [INFO] PluginManage:310 - Check plugin projectmanager
2026-08-28 09:31:54,473 [INFO] PluginManage:359 - Loaded plugin projectmanager (category:projectmanager,tabindex:4)
2026-08-28 09:31:54,473 [INFO] PluginManage:310 - Check plugin rif
2026-08-28 09:31:54,507 [INFO] PluginManage:359 - Loaded plugin rif (category:base,tabindex:3)
2026-08-28 09:31:54,508 [INFO] PluginManage:310 - Check plugin thirdparty
2026-08-28 09:31:55,042 [INFO] PluginManage:359 - Loaded plugin thirdparty (category:base,tabindex:-1)
2026-08-28 09:31:55,042 [WARN] IntegrityCheckThread:84 - waiting for thirdparty lock release [integrity check]
2026-08-28 09:31:55,042 [INFO] PluginManage:310 - Check plugin tools
2026-08-28 09:31:55,042 [INFO] IntegrityCheckThread:86 - entering critical section [integrity check]
2026-08-28 09:31:55,043 [INFO] ThirdPartyUpdaterWithRetryManager:70 - Updater plugin not ready yet. [1/15]
2026-08-28 09:31:55,103 [INFO] PluginManage:359 - Loaded plugin tools (category:base,tabindex:7)
2026-08-28 09:31:55,103 [INFO] PluginManage:310 - Check plugin tutovideos
2026-08-28 09:31:55,518 [INFO] PluginManage:359 - Loaded plugin tutovideos (category:base,tabindex:-1)
2026-08-28 09:31:55,518 [INFO] PluginManage:310 - Check plugin updater
2026-08-28 09:31:55,609 [INFO] PluginManage:359 - Loaded plugin updater (category:base,tabindex:12)
2026-08-28 09:31:55,609 [INFO] PluginManage:310 - Check plugin userauth
2026-08-28 09:31:55,648 [INFO] UserAuth:118 - Init User Auth plugin
2026-08-28 09:31:55,648 [INFO] PluginManage:359 - Loaded plugin userauth (category:base,tabindex:14)
2026-08-28 09:31:55,649 [INFO] PluginManage:283 - PluginManage : Loaded plugins [18]
2026-08-28 09:31:56,366 [INFO] PinOutPanel:1589 - setPackage(No Configuration,No Configuration)
2026-08-28 09:31:56,610 [INFO] CADModel:165 - CPN selected for project level
2026-08-28 09:31:56,610 [INFO] CADModel:114 - Register for checkConnection events
2026-08-28 09:31:56,676 [INFO] IPUIPlugin:80 - create IPUIPlugin
2026-08-28 09:31:56,676 [INFO] PluginManager:220 - loadIPPluginJar : add adc
2026-08-28 09:31:56,754 [INFO] IPUIPlugin:80 - create IPUIPlugin
2026-08-28 09:31:56,754 [INFO] PluginManager:220 - loadIPPluginJar : add aes
2026-08-28 09:31:56,824 [INFO] IPUIPlugin:80 - create IPUIPlugin
2026-08-28 09:31:56,824 [INFO] PluginManager:220 - loadIPPluginJar : add can
2026-08-28 09:31:56,854 [INFO] IPUIPlugin:80 - create IPUIPlugin
2026-08-28 09:31:56,854 [INFO] PluginManager:220 - loadIPPluginJar : add comp
2026-08-28 09:31:56,951 [INFO] IPUIPlugin:80 - create IPUIPlugin
2026-08-28 09:31:56,951 [INFO] PluginManager:220 - loadIPPluginJar : add cryp
2026-08-28 09:31:56,981 [INFO] IPUIPlugin:80 - create IPUIPlugin
2026-08-28 09:31:56,982 [INFO] PluginManager:220 - loadIPPluginJar : add ddr_ctrl_phy
2026-08-28 09:31:57,026 [INFO] IPUIPlugin:80 - create IPUIPlugin
2026-08-28 09:31:57,026 [INFO] PluginManager:220 - loadIPPluginJar : add dfsdm
2026-08-28 09:31:57,042 [INFO] IPUIPlugin:80 - create IPUIPlugin
2026-08-28 09:31:57,042 [INFO] PluginManager:220 - loadIPPluginJar : add dma
2026-08-28 09:31:57,090 [INFO] IPUIPlugin:80 - create IPUIPlugin
2026-08-28 09:31:57,090 [INFO] PluginManager:220 - loadIPPluginJar : add dma3
2026-08-28 09:31:57,148 [INFO] IPUIPlugin:80 - create IPUIPlugin
2026-08-28 09:31:57,149 [INFO] PluginManager:220 - loadIPPluginJar : add extmemmanager
2026-08-28 09:31:57,177 [INFO] IPUIPlugin:80 - create IPUIPlugin
2026-08-28 09:31:57,177 [INFO] PluginManager:220 - loadIPPluginJar : add fatfs
2026-08-28 09:31:57,237 [INFO] IPUIPlugin:80 - create IPUIPlugin
2026-08-28 09:31:57,237 [INFO] PluginManager:220 - loadIPPluginJar : add fmc
2026-08-28 09:31:57,265 [INFO] IPUIPlugin:80 - create IPUIPlugin
2026-08-28 09:31:57,265 [INFO] PluginManager:220 - loadIPPluginJar : add freertos
2026-08-28 09:31:57,297 [INFO] IPUIPlugin:80 - create IPUIPlugin
2026-08-28 09:31:57,297 [INFO] PluginManager:220 - loadIPPluginJar : add genericplugin
2026-08-28 09:31:57,422 [INFO] IPUIPlugin:80 - create IPUIPlugin
2026-08-28 09:31:57,422 [INFO] PluginManager:220 - loadIPPluginJar : add gfxmmu
2026-08-28 09:31:57,587 [INFO] IPUIPlugin:80 - create IPUIPlugin
2026-08-28 09:31:57,587 [INFO] PluginManager:220 - loadIPPluginJar : add gic
2026-08-28 09:31:57,602 [INFO] IPUIPlugin:80 - create IPUIPlugin
2026-08-28 09:31:57,602 [INFO] PluginManager:220 - loadIPPluginJar : add gpio
2026-08-28 09:31:57,721 [INFO] IPUIPlugin:80 - create IPUIPlugin
2026-08-28 09:31:57,722 [INFO] PluginManager:220 - loadIPPluginJar : add gtzc
2026-08-28 09:31:57,762 [INFO] IPUIPlugin:80 - create IPUIPlugin
2026-08-28 09:31:57,762 [INFO] PluginManager:220 - loadIPPluginJar : add hash
2026-08-28 09:31:57,828 [INFO] IPUIPlugin:80 - create IPUIPlugin
2026-08-28 09:31:57,829 [INFO] PluginManager:220 - loadIPPluginJar : add i2c
2026-08-28 09:31:57,911 [INFO] IPUIPlugin:80 - create IPUIPlugin
2026-08-28 09:31:57,912 [INFO] PluginManager:220 - loadIPPluginJar : add i2s
2026-08-28 09:31:57,966 [INFO] IPUIPlugin:80 - create IPUIPlugin
2026-08-28 09:31:57,966 [INFO] PluginManager:220 - loadIPPluginJar : add i3c
2026-08-28 09:31:58,044 [INFO] ThirdPartyUpdaterWithRetryManager:70 - Updater plugin not ready yet. [2/15]
2026-08-28 09:31:58,177 [INFO] IPUIPlugin:80 - create IPUIPlugin
2026-08-28 09:31:58,178 [INFO] PluginManager:220 - loadIPPluginJar : add ipddr
2026-08-28 09:31:58,328 [INFO] IPUIPlugin:80 - create IPUIPlugin
2026-08-28 09:31:58,328 [INFO] PluginManager:220 - loadIPPluginJar : add linkedlist
2026-08-28 09:31:58,410 [INFO] IPUIPlugin:80 - create IPUIPlugin
2026-08-28 09:31:58,411 [INFO] PluginManager:220 - loadIPPluginJar : add lorawan
2026-08-28 09:31:58,457 [INFO] IPUIPlugin:80 - create IPUIPlugin
2026-08-28 09:31:58,457 [INFO] PluginManager:220 - loadIPPluginJar : add ltdc
2026-08-28 09:31:58,476 [INFO] IPUIPlugin:80 - create IPUIPlugin
2026-08-28 09:31:58,477 [INFO] PluginManager:220 - loadIPPluginJar : add mdma
2026-08-28 09:31:58,490 [INFO] IPUIPlugin:80 - create IPUIPlugin
2026-08-28 09:31:58,490 [INFO] PluginManager:220 - loadIPPluginJar : add nvic
2026-08-28 09:31:58,536 [INFO] IPUIPlugin:80 - create IPUIPlugin
2026-08-28 09:31:58,537 [INFO] PluginManager:220 - loadIPPluginJar : add opamp
2026-08-28 09:31:58,609 [INFO] IPUIPlugin:80 - create IPUIPlugin
2026-08-28 09:31:58,609 [INFO] PluginManager:220 - loadIPPluginJar : add openamp
2026-08-28 09:31:58,682 [INFO] IPUIPlugin:80 - create IPUIPlugin
2026-08-28 09:31:58,682 [INFO] PluginManager:220 - loadIPPluginJar : add pdm2pcm
2026-08-28 09:31:58,705 [INFO] IPUIPlugin:80 - create IPUIPlugin
2026-08-28 09:31:58,707 [INFO] PluginManager:220 - loadIPPluginJar : add plateformsettings
2026-08-28 09:31:58,751 [INFO] IPUIPlugin:80 - create IPUIPlugin
2026-08-28 09:31:58,751 [INFO] PluginManager:220 - loadIPPluginJar : add quadspi
2026-08-28 09:31:58,790 [INFO] IPUIPlugin:80 - create IPUIPlugin
2026-08-28 09:31:58,790 [INFO] PluginManager:220 - loadIPPluginJar : add radio
2026-08-28 09:31:58,829 [INFO] IPUIPlugin:80 - create IPUIPlugin
2026-08-28 09:31:58,829 [INFO] PluginManager:220 - loadIPPluginJar : add resmgrutility
2026-08-28 09:31:58,893 [INFO] IPUIPlugin:80 - create IPUIPlugin
2026-08-28 09:31:58,893 [INFO] PluginManager:220 - loadIPPluginJar : add sai
2026-08-28 09:31:58,941 [INFO] IPUIPlugin:80 - create IPUIPlugin
2026-08-28 09:31:58,941 [INFO] PluginManager:220 - loadIPPluginJar : add spi
2026-08-28 09:31:59,051 [INFO] IPUIPlugin:80 - create IPUIPlugin
2026-08-28 09:31:59,051 [INFO] PluginManager:220 - loadIPPluginJar : add stm32_wpan
2026-08-28 09:31:59,082 [INFO] IPUIPlugin:80 - create IPUIPlugin
2026-08-28 09:31:59,082 [INFO] PluginManager:220 - loadIPPluginJar : add tim
2026-08-28 09:31:59,167 [INFO] IPUIPlugin:80 - create IPUIPlugin
2026-08-28 09:31:59,167 [INFO] PluginManager:220 - loadIPPluginJar : add touchsensing
2026-08-28 09:31:59,198 [INFO] IPUIPlugin:80 - create IPUIPlugin
2026-08-28 09:31:59,198 [INFO] PluginManager:220 - loadIPPluginJar : add tracer_emb
2026-08-28 09:31:59,245 [INFO] IPUIPlugin:80 - create IPUIPlugin
2026-08-28 09:31:59,245 [INFO] PluginManager:220 - loadIPPluginJar : add ts
2026-08-28 09:31:59,287 [INFO] IPUIPlugin:80 - create IPUIPlugin
2026-08-28 09:31:59,287 [INFO] PluginManager:220 - loadIPPluginJar : add tsc
2026-08-28 09:31:59,314 [INFO] IPUIPlugin:80 - create IPUIPlugin
2026-08-28 09:31:59,314 [INFO] PluginManager:220 - loadIPPluginJar : add ucpd
2026-08-28 09:31:59,370 [INFO] IPUIPlugin:80 - create IPUIPlugin
2026-08-28 09:31:59,371 [INFO] PluginManager:220 - loadIPPluginJar : add usart
2026-08-28 09:31:59,428 [INFO] IPUIPlugin:80 - create IPUIPlugin
2026-08-28 09:31:59,428 [INFO] PluginManager:220 - loadIPPluginJar : add usbx
2026-08-28 09:31:59,676 [FATAL] Updater:351 - Updater called before beeing initialized
2026-08-28 09:31:59,786 [INFO] RulesReader:64 - Compatibility file has been processed (317 Rules)
2026-08-28 09:31:59,796 [INFO] RulesReader:64 - Compatibility file has been processed (317 Rules)
2026-08-28 09:31:59,817 [INFO] CADModel:165 - CPN selected for project level
2026-08-28 09:31:59,817 [INFO] CADModel:114 - Register for checkConnection events
2026-08-28 09:31:59,817 [FATAL] Updater:351 - Updater called before beeing initialized
2026-08-28 09:31:59,817 [ERROR] CADModel:125 - Updater not yet initialized, retry later 
2026-08-28 09:32:00,222 [FATAL] Updater:351 - Updater called before beeing initialized
2026-08-28 09:32:00,241 [INFO] CADModel:165 - CPN selected for project level
2026-08-28 09:32:00,241 [INFO] CADModel:114 - Register for checkConnection events
2026-08-28 09:32:00,241 [FATAL] Updater:351 - Updater called before beeing initialized
2026-08-28 09:32:00,241 [ERROR] CADModel:125 - Updater not yet initialized, retry later 
2026-08-28 09:32:00,243 [FATAL] Updater:351 - Updater called before beeing initialized
2026-08-28 09:32:00,402 [FATAL] Updater:351 - Updater called before beeing initialized
2026-08-28 09:32:00,413 [INFO] DbMcusAds:53 - JSON generation date=Wed Jul 15 15:14:54 IST 2026 (1784108694001)
2026-08-28 09:32:00,413 [FATAL] Updater:351 - Updater called before beeing initialized
2026-08-28 09:32:00,760 [WARN] DetailPanel:346 - Failed to get advertising image, set to default
2026-08-28 09:32:00,867 [FATAL] Updater:351 - Updater called before beeing initialized
2026-08-28 09:32:00,925 [FATAL] Updater:351 - Updater called before beeing initialized
2026-08-28 09:32:00,925 [FATAL] Updater:351 - Updater called before beeing initialized
2026-08-28 09:32:00,925 [WARN] DetailPanel:346 - Failed to get advertising image, set to default
2026-08-28 09:32:00,926 [FATAL] Updater:351 - Updater called before beeing initialized
2026-08-28 09:32:01,046 [INFO] ThirdPartyUpdaterWithRetryManager:70 - Updater plugin not ready yet. [3/15]
2026-08-28 09:32:01,151 [ERROR] Updater:1198 - MainUpdater not yet initialized. External WinMGr cannot be set.
2026-08-28 09:32:01,206 [INFO] Updater:1134 - Updater Version found : 6.15.0
2026-08-28 09:32:01,244 [INFO] ApplicationProperties:184 - Using Application install path: C:\ST\STM32CubeIDE_1.19.0\STM32CubeIDE\plugins\com.st.stm32cube.common.mx_6.15.0.202507011659
2026-08-28 09:32:01,710 [INFO] MainUpdater:2872 - connection check result : 10
2026-08-28 09:32:01,711 [INFO] MainUpdater:289 - Updater Check For Update Now.
2026-08-28 09:32:01,711 [INFO] MicroXplorer:498 - Change Database Version : DB.6.0.150
2026-08-28 09:32:01,755 [INFO] McuFinderGlobals:63 - Set McuFinder mode to 2 (CubeIDE integrated)
2026-08-28 09:32:01,755 [INFO] UserAuth:171 - activating auth plugin
2026-08-28 09:32:01,796 [INFO] UserAuth:487 - Internet connection configuration mode: 1
2026-08-28 09:32:02,162 [INFO] JxBrowserEngine:152 - Initiate JxBrowser Engine with user profile folder
2026-08-28 09:32:02,299 [INFO] CheckServerUpdateThread:120 - End of CheckServer Thread
2026-08-28 09:32:02,390 [INFO] MainUpdater:2872 - connection check result : 10
2026-08-28 09:32:02,462 [INFO] MainUpdater:2872 - connection check result : 10
2026-08-28 09:32:03,364 [INFO] MicroXplorer:468 - Change Database Path : 
2026-08-28 09:32:03,365 [INFO] MicroXplorer:498 - Change Database Version : DB.6.0.150
2026-08-28 09:32:03,469 [WARN] ThirdParty:871 - waiting for thirdparty lock release [close project]
2026-08-28 09:32:06,123 [WARN] PackLoader:240 - Cannot read IP mode file for STMicroelectronics.X-CUBE-AZRTOS-H7.3.5.0
2026-08-28 09:32:06,242 [WARN] PackLoader:240 - Cannot read IP mode file for STMicroelectronics.FP-ATR-ASTRA1.2.0.3
2026-08-28 09:32:06,268 [ERROR] Engine:466 - C:\Users\student\.stm32cubemx\thirdparties\pdsc\STMicroelectronics.X-CUBE-SMBUS.2.1.1.pdsc: PDSC version is not supported
2026-08-28 09:32:06,438 [WARN] PackLoader:240 - Cannot read IP mode file for STMicroelectronics.X-CUBE-AZRTOS-F7.1.1.0
2026-08-28 09:32:06,462 [WARN] PackLoader:240 - Cannot read IP mode file for STMicroelectronics.X-CUBE-FREERTOS.1.6.0
2026-08-28 09:32:06,485 [WARN] PackLoader:240 - Cannot read IP mode file for STMicroelectronics.FP-SNS-MOTENV1.5.1.0
2026-08-28 09:32:06,541 [WARN] PackLoader:240 - Cannot read IP mode file for STMicroelectronics.X-CUBE-AZRTOS-H7RS.1.3.0
2026-08-28 09:32:06,575 [WARN] PackLoader:240 - Cannot read IP mode file for WES.I-CUBE-Cesium.1.4.0
2026-08-28 09:32:06,622 [WARN] PackLoader:240 - Cannot read IP mode file for STMicroelectronics.X-CUBE-DISPLAY.3.0.0
2026-08-28 09:32:06,671 [WARN] PackLoader:240 - Cannot read IP mode file for STMicroelectronics.X-CUBE-GNSS1.7.1.1
2026-08-28 09:32:06,696 [WARN] PackLoader:240 - Cannot read IP mode file for STMicroelectronics.FP-SNS-MOTENVWB1.1.5.0
2026-08-28 09:32:06,753 [WARN] PackLoader:240 - Cannot read IP mode file for STMicroelectronics.X-CUBE-NFC10.1.0.0
2026-08-28 09:32:06,778 [WARN] PackLoader:240 - Cannot read IP mode file for STMicroelectronics.X-CUBE-ST60.1.1.0
2026-08-28 09:32:06,812 [WARN] PackLoader:240 - Cannot read IP mode file for emotas.I-CUBE-CANOPEN.1.3.0
2026-08-28 09:32:06,837 [WARN] PackLoader:240 - Cannot read IP mode file for wolfSSL.I-CUBE-wolfSSL.5.9.2
2026-08-28 09:32:06,857 [ERROR] Engine:466 - C:\Users\student\.stm32cubemx\thirdparties\pdsc\STMicroelectronics.X-CUBE-WBA.1.1.0.pdsc: PDSC version is not supported
2026-08-28 09:32:07,025 [WARN] PackLoader:240 - Cannot read IP mode file for STMicroelectronics.FP-SNS-STBOX1.2.1.0
2026-08-28 09:32:07,059 [WARN] PackLoader:240 - Cannot read IP mode file for STMicroelectronics.FP-SNS-SMARTAG2.1.2.0
2026-08-28 09:32:08,018 [WARN] PackLoader:240 - Cannot read IP mode file for STMicroelectronics.FP-SNS-FLIGHT1.5.1.0
2026-08-28 09:32:08,668 [INFO] LogOutputStream:77 - [STDOUT_REDIRECT] 1 : Invalid condition id : UX_CORESTACK_Condition cause : null
2026-08-28 09:32:08,670 [INFO] LogOutputStream:77 - [STDOUT_REDIRECT] 1 : Invalid condition id : UX_CORESTACK_Condition cause : null
2026-08-28 09:32:08,670 [INFO] LogOutputStream:77 - [STDOUT_REDIRECT] 1 : Invalid condition id : UX_CORESTACK_Condition cause : null
2026-08-28 09:32:08,671 [INFO] LogOutputStream:77 - [STDOUT_REDIRECT] 1 : Invalid condition id : UX_CORESTACK_Condition cause : null
2026-08-28 09:32:08,673 [INFO] LogOutputStream:77 - [STDOUT_REDIRECT] 1 : Invalid condition id : UX_CORESTACK_Condition cause : null
2026-08-28 09:32:08,675 [WARN] PackLoader:240 - Cannot read IP mode file for STMicroelectronics.X-CUBE-AZRTOS-WL.2.0.0
2026-08-28 09:32:08,768 [WARN] PackLoader:240 - Cannot read IP mode file for STMicroelectronics.X-CUBE-BLE2.3.3.0
2026-08-28 09:32:09,020 [WARN] PackLoader:240 - Cannot read IP mode file for Infineon.AIROC-Wi-Fi-Bluetooth-STM32.1.8.0
2026-08-28 09:32:09,079 [WARN] PackLoader:240 - Cannot read IP mode file for STMicroelectronics.X-CUBE-NFC9.1.0.0
2026-08-28 09:32:09,132 [WARN] PackLoader:240 - Cannot read IP mode file for STMicroelectronics.X-CUBE-BLE1.7.1.0
2026-08-28 09:32:09,173 [WARN] PackLoader:240 - Cannot read IP mode file for wolfSSL.I-CUBE-wolfMQTT.1.19.2
2026-08-28 09:32:09,224 [WARN] PackLoader:240 - Cannot read IP mode file for STMicroelectronics.X-CUBE-EEPRMA1.5.2.0
2026-08-28 09:32:09,258 [WARN] PackLoader:240 - Cannot read IP mode file for STMicroelectronics.FP-SNS-STAIOTCFT.1.1.0
2026-08-28 09:32:09,333 [WARN] PackLoader:240 - Cannot read IP mode file for STMicroelectronics.X-CUBE-AZRTOS-G0.1.1.0
2026-08-28 09:32:09,370 [WARN] PackLoader:240 - Cannot read IP mode file for STMicroelectronics.X-CUBE-NFC4.3.0.0
2026-08-28 09:32:09,410 [WARN] PackLoader:240 - Cannot read IP mode file for EmbeddedOffice.I-CUBE-FS-RTOS.1.0.1
2026-08-28 09:32:09,442 [WARN] PackLoader:240 - Cannot read IP mode file for wolfSSL.I-CUBE-wolfTPM.3.8.0
2026-08-28 09:32:09,475 [WARN] PackLoader:240 - Cannot read IP mode file for STMicroelectronics.X-CUBE-TCPP.4.2.0
2026-08-28 09:32:09,504 [WARN] PackLoader:240 - Cannot read IP mode file for RealThread.X-CUBE-RT-Thread_Nano.4.1.1
2026-08-28 09:32:09,565 [WARN] PackLoader:240 - Cannot read IP mode file for STMicroelectronics.FP-ATR-SIGFOX1.3.2.0
2026-08-28 09:32:09,622 [WARN] PackLoader:240 - Cannot read IP mode file for ITTIA_DB.I-CUBE-ITTIADB.8.9.0
2026-08-28 09:32:09,651 [WARN] PackLoader:240 - Cannot read IP mode file for Cesanta.I-CUBE-Mongoose.7.21.7
2026-08-28 09:32:09,691 [WARN] PackLoader:240 - Cannot read IP mode file for STMicroelectronics.X-CUBE-NFC6.3.2.0
2026-08-28 09:32:09,726 [WARN] PackLoader:240 - Cannot read IP mode file for STMicroelectronics.X-CUBE-AI.10.2.1
2026-08-28 09:32:09,783 [WARN] PackLoader:240 - Cannot read IP mode file for SEGGER.I-CUBE-embOS.1.3.1
2026-08-28 09:32:09,829 [WARN] PackLoader:240 - Cannot read IP mode file for STMicroelectronics.X-CUBE-NFC13.1.0.0
2026-08-28 09:32:09,858 [WARN] PackLoader:240 - Cannot read IP mode file for STMicroelectronics.X-CUBE-PM33A1.1.0.0
2026-08-28 09:32:09,931 [WARN] PackLoader:240 - Cannot read IP mode file for STMicroelectronics.X-CUBE-AZRTOS-F4.1.1.0
2026-08-28 09:32:09,963 [WARN] PackLoader:240 - Cannot read IP mode file for STMicroelectronics.X-CUBE-ISPU.2.1.0
2026-08-28 09:32:10,008 [WARN] PackLoader:240 - Cannot read IP mode file for STMicroelectronics.X-CUBE-IPS.3.2.0
2026-08-28 09:32:10,052 [WARN] PackLoader:240 - Cannot read IP mode file for STMicroelectronics.eDS-WB_DPC_TT-BIDIR.2.1.1
2026-08-28 09:32:10,088 [WARN] PackLoader:240 - Cannot read IP mode file for STMicroelectronics.X-CUBE-NFC12.1.0.0
2026-08-28 09:32:10,186 [WARN] PackLoader:240 - Cannot read IP mode file for STMicroelectronics.X-CUBE-AZRTOS-L5.2.0.0
2026-08-28 09:32:10,248 [WARN] PackLoader:240 - Cannot read IP mode file for STMicroelectronics.X-CUBE-ALGOBUILD.1.5.0
2026-08-28 09:32:10,309 [WARN] PackLoader:240 - Cannot read IP mode file for STMicroelectronics.eDS-WB_DPC_VIENNA.1.2.0
2026-08-28 09:32:10,450 [WARN] PackLoader:240 - Cannot read IP mode file for STMicroelectronics.X-CUBE-MEMS1.13.0.0
2026-08-28 09:32:10,534 [WARN] PackLoader:240 - Cannot read IP mode file for STMicroelectronics.eDS-WB_DPC_3PH2L-BIDIR.1.1.1
2026-08-28 09:32:10,593 [ERROR] Engine:466 - C:\Users\student\.stm32cubemx\thirdparties\pdsc\STMicroelectronics.X-CUBE-ST67W61.1.3.0.pdsc: PDSC version is not supported
2026-08-28 09:32:10,642 [WARN] PackLoader:240 - Cannot read IP mode file for STMicroelectronics.X-CUBE-TOUCHGFX.4.26.1
2026-08-28 09:32:10,671 [WARN] PackLoader:240 - Cannot read IP mode file for STMicroelectronics.X-CUBE-DPower.1.3.0
2026-08-28 09:32:10,766 [WARN] ConditionMgr:438 - getConditionDescription Invalid condition id : LAN8742 Phy interface Condition cause : null
2026-08-28 09:32:10,766 [WARN] PackLoader:240 - Cannot read IP mode file for STMicroelectronics.X-CUBE-AZRTOS-L4.2.0.0
2026-08-28 09:32:10,768 [WARN] ConditionMgr:1044 - genDependencies : Invalid condition id : LAN8742 Phy interface Condition cause : null
2026-08-28 09:32:10,768 [WARN] ConditionMgr:1044 - genDependencies : Invalid condition id : LAN8742 Phy interface Condition cause : null
2026-08-28 09:32:10,768 [WARN] ConditionMgr:1044 - genDependencies : Invalid condition id : LAN8742 Phy interface Condition cause : null
2026-08-28 09:32:10,793 [WARN] PackLoader:240 - Cannot read IP mode file for STMicroelectronics.X-CUBE-SFXS2LP1.4.0.0
2026-08-28 09:32:10,845 [WARN] PackLoader:240 - Cannot read IP mode file for STMicroelectronics.X-CUBE-WB05N.2.1.0
2026-08-28 09:32:10,898 [WARN] ConditionMgr:438 - getConditionDescription Invalid condition id : UX DEVICE CLASS RTOS Condition cause : null
2026-08-28 09:32:10,898 [WARN] ConditionMgr:438 - getConditionDescription Invalid condition id : UX DEVICE CLASS RTOS Condition cause : null
2026-08-28 09:32:10,901 [WARN] PackLoader:240 - Cannot read IP mode file for STMicroelectronics.X-CUBE-AZRTOS-WB.2.0.0
2026-08-28 09:32:10,901 [WARN] ConditionMgr:1044 - genDependencies : Invalid condition id : UX DEVICE CLASS RTOS Condition cause : null
2026-08-28 09:32:10,901 [WARN] ConditionMgr:1044 - genDependencies : Invalid condition id : UX DEVICE CLASS RTOS Condition cause : null
2026-08-28 09:32:10,902 [WARN] ConditionMgr:1044 - genDependencies : Invalid condition id : UX DEVICE CLASS RTOS Condition cause : null
2026-08-28 09:32:10,902 [WARN] ConditionMgr:1044 - genDependencies : Invalid condition id : UX DEVICE CLASS RTOS Condition cause : null
2026-08-28 09:32:10,902 [WARN] ConditionMgr:1044 - genDependencies : Invalid condition id : UX DEVICE CLASS RTOS Condition cause : null
2026-08-28 09:32:10,937 [WARN] ConditionMgr:438 - getConditionDescription Invalid condition id : Cortex-A Device cause : null
2026-08-28 09:32:11,082 [WARN] ConditionMgr:1044 - genDependencies : Invalid condition id : Cortex-A Device cause : null
2026-08-28 09:32:11,083 [WARN] ConditionMgr:1044 - genDependencies : Invalid condition id : Cortex-A Device cause : null
2026-08-28 09:32:11,083 [WARN] ConditionMgr:1044 - genDependencies : Invalid condition id : Cortex-A Device cause : null
2026-08-28 09:32:11,135 [WARN] PackLoader:240 - Cannot read IP mode file for STMicroelectronics.X-CUBE-STSE01.2.0.0
2026-08-28 09:32:11,187 [WARN] PackLoader:240 - Cannot read IP mode file for STMicroelectronics.X-CUBE-SUBG2.5.0.0
2026-08-28 09:32:11,259 [WARN] PackLoader:240 - Cannot read IP mode file for STMicroelectronics.X-CUBE-AZRTOS-G4.2.0.0
2026-08-28 09:32:11,287 [WARN] PackLoader:240 - Cannot read IP mode file for wolfSSL.I-CUBE-wolfSSH.1.4.20
2026-08-28 09:32:11,362 [WARN] PackLoader:240 - Cannot read IP mode file for STMicroelectronics.X-CUBE-NFC7.2.0.0
2026-08-28 09:32:11,421 [ERROR] Engine:466 - C:\Users\student\.stm32cubemx\thirdparties\pdsc\STMicroelectronics.X-CUBE-BLEMGR.4.2.0.pdsc: PDSC version is not supported
2026-08-28 09:32:11,439 [WARN] PackLoader:240 - Cannot read IP mode file for STMicroelectronics.X-CUBE-ALS.1.0.2
2026-08-28 09:32:11,503 [WARN] PackLoader:240 - Cannot read IP mode file for STMicroelectronics.X-CUBE-TOF1.3.4.3
2026-08-28 09:32:11,510 [INFO] ThirdParty:978 - Integrity check success = true
2026-08-28 09:32:11,510 [INFO] IntegrityCheckThread:100 - exiting critical section [integrity check]
2026-08-28 09:32:11,510 [INFO] IntegrityCheckThread:103 - End integrity checks thread
2026-08-28 09:32:11,516 [INFO] ThirdParty:873 - entering critical section [close project]
2026-08-28 09:32:11,517 [INFO] ThirdParty:883 - exiting critical section [close project]
2026-08-28 09:32:11,519 [INFO] PinOutPanel:1589 - setPackage(No Configuration,No Configuration)
2026-08-28 09:32:11,520 [INFO] UtilMem:75 - Begin LoadConfig() Used Memory: 124406120 Bytes (298844160)
2026-08-28 09:32:11,595 [INFO] MicroXplorer:468 - Change Database Path : 
2026-08-28 09:32:11,595 [INFO] MicroXplorer:498 - Change Database Version : DB.6.0.150
2026-08-28 09:32:11,595 [INFO] OpenFileManager:355 - Change cursor
2026-08-28 09:32:12,120 [INFO] Mcu:2029 - Initializing MCU STM32L4S5VITx STM32L4S5VITx STM32L4S5VIT6
2026-08-28 09:32:22,270 [INFO] WebApp:169 - Instantiating new browser for Auth
2026-08-28 09:32:29,394 [INFO] Context:786 - Trying to add GPIOservice into a context  which must be forbidden
2026-08-28 09:32:31,146 [INFO] ImportTextPane:234 - (OptionalMessage_ERROR) Pin84 (VP_RIF_VS_RIF1) cannot be retrieved for this MCU
2026-08-28 09:32:31,448 [INFO] RtosManager:558 - Registered RTOS mode: class=CMSIS, group=RTOS, mode=CMSIS_V1, owner=FREERTOS
2026-08-28 09:32:31,448 [INFO] RtosManager:558 - Registered RTOS mode: class=CMSIS, group=RTOS2, mode=CMSIS_V2, owner=FREERTOS
2026-08-28 09:32:31,448 [INFO] RtosManager:558 - Registered RTOS mode: class=RTOS, group=Core, mode=CMSIS_V1, owner=FREERTOS
2026-08-28 09:32:31,448 [INFO] RtosManager:558 - Registered RTOS mode: class=RTOS, group=Core, mode=CMSIS_V2, owner=FREERTOS
2026-08-28 09:32:31,448 [WARN] ModelIntegratedComponent:184 - Missing modes for component STMicroelectronics:FreeRTOS:0.0.1:STMicroelectronics:RTOS:FreeRTOS:Core:::10.2.0:
2026-08-28 09:32:31,518 [WARN] ModelIntegratedComponent:63 - No mode defined for component null
2026-08-28 09:32:31,519 [WARN] ModelIntegratedComponent:63 - No mode defined for component null
2026-08-28 09:32:31,519 [WARN] ModelIntegratedComponent:63 - No mode defined for component null
2026-08-28 09:32:31,519 [WARN] ModelIntegratedComponent:63 - No mode defined for component null
2026-08-28 09:32:31,519 [WARN] ModelIntegratedComponent:63 - No mode defined for component null
2026-08-28 09:32:31,519 [WARN] ModelIntegratedComponent:63 - No mode defined for component null
2026-08-28 09:32:31,519 [WARN] ModelIntegratedComponent:63 - No mode defined for component null
2026-08-28 09:32:31,519 [WARN] ModelIntegratedComponent:63 - No mode defined for component null
2026-08-28 09:32:31,519 [WARN] ModelIntegratedComponent:63 - No mode defined for component null
2026-08-28 09:32:31,519 [WARN] ModelIntegratedComponent:63 - No mode defined for component null
2026-08-28 09:32:31,519 [WARN] ModelIntegratedComponent:63 - No mode defined for component null
2026-08-28 09:32:31,519 [WARN] ModelIntegratedComponent:63 - No mode defined for component null
2026-08-28 09:32:31,519 [WARN] ModelIntegratedComponent:63 - No mode defined for component null
2026-08-28 09:32:31,519 [WARN] ModelIntegratedComponent:63 - No mode defined for component null
2026-08-28 09:32:31,519 [WARN] ModelIntegratedComponent:63 - No mode defined for component null
2026-08-28 09:32:31,519 [WARN] ModelIntegratedComponent:63 - No mode defined for component null
2026-08-28 09:32:31,519 [WARN] ModelIntegratedComponent:63 - No mode defined for component null
2026-08-28 09:32:31,519 [WARN] ModelIntegratedComponent:63 - No mode defined for component null
2026-08-28 09:32:31,519 [WARN] ModelIntegratedComponent:63 - No mode defined for component null
2026-08-28 09:32:31,519 [WARN] ModelIntegratedComponent:63 - No mode defined for component null
2026-08-28 09:32:31,520 [WARN] ModelIntegratedComponent:63 - No mode defined for component null
2026-08-28 09:32:31,520 [WARN] ModelIntegratedComponent:63 - No mode defined for component null
2026-08-28 09:32:31,520 [WARN] ModelIntegratedComponent:63 - No mode defined for component null
2026-08-28 09:32:31,520 [WARN] ModelIntegratedComponent:63 - No mode defined for component null
2026-08-28 09:32:31,520 [WARN] ModelIntegratedComponent:63 - No mode defined for component null
2026-08-28 09:32:31,520 [WARN] ModelIntegratedComponent:63 - No mode defined for component null
2026-08-28 09:32:31,520 [WARN] ModelIntegratedComponent:63 - No mode defined for component null
2026-08-28 09:32:31,520 [WARN] ModelIntegratedComponent:63 - No mode defined for component null
2026-08-28 09:32:31,520 [WARN] ModelIntegratedComponent:63 - No mode defined for component null
2026-08-28 09:32:31,520 [WARN] ModelIntegratedComponent:63 - No mode defined for component null
2026-08-28 09:32:31,520 [WARN] ModelIntegratedComponent:63 - No mode defined for component null
2026-08-28 09:32:31,520 [WARN] ModelIntegratedComponent:63 - No mode defined for component null
2026-08-28 09:32:31,520 [WARN] ModelIntegratedComponent:63 - No mode defined for component null
2026-08-28 09:32:31,520 [WARN] ModelIntegratedComponent:63 - No mode defined for component null
2026-08-28 09:32:31,520 [WARN] ModelIntegratedComponent:63 - No mode defined for component null
2026-08-28 09:32:31,520 [WARN] ModelPack:524 - Component already loaded: STMicroelectronics:HAL Drivers:0.0.0:STMicroelectronics:Device:STMicro_Driver:XSPI:HAL::0.0.1:HAL_XSPI
2026-08-28 09:32:31,562 [INFO] ThirdPartyModel:298 - Start build external matchings
2026-08-28 09:32:31,889 [INFO] ThirdPartyModel:316 - End build external matchings
2026-08-28 09:32:31,916 [INFO] ImportTextPane:234 - (OptionalMessage_ERROR) IP (ADC1) : Parameter (CommonPathInternal) has invalid value (null|null|null|null)
2026-08-28 09:32:31,921 [WARN] IP:2250 - MaxTran not found: check if there is a RefParameter without a condition.
2026-08-28 09:32:31,921 [WARN] IP:2250 - Refresh not found: check if there is a RefParameter without a condition.
2026-08-28 09:32:31,922 [INFO] ImportTextPane:234 - (OptionalMessage_ERROR) IP (RCC) : Invalid parameter (FamilyName)
2026-08-28 09:32:32,799 [INFO] WebApp:463 - Apply proxy settings
2026-08-28 09:32:32,799 [INFO] WebApp:548 - Chromium requires no authentication
2026-08-28 09:32:33,592 [INFO] WebApp:491 - Direct internet connection detected
2026-08-28 09:32:35,325 [INFO] WebApp:900 - Register for checkConnection events
2026-08-28 09:32:35,325 [INFO] WebApp:463 - Apply proxy settings
2026-08-28 09:32:35,326 [INFO] WebApp:548 - Chromium requires no authentication
2026-08-28 09:32:35,326 [INFO] WebApp:491 - Direct internet connection detected
2026-08-28 09:32:37,393 [INFO] WebApp:191 - Connection restablished
2026-08-28 09:32:41,219 [INFO] ApiDb:581 - Connected to CubeFinder SQLite database (C:\Users\student\.stmcufinder\plugins\mcufinder\mcu\cube-finder-db.db)
2026-08-28 09:32:43,421 [INFO] WebApp:225 - Starting web application
2026-08-28 09:32:43,421 [INFO] WebApp:593 - Web application path used C:\ST\STM32CubeIDE_1.19.0\STM32CubeIDE\plugins\com.st.stm32cube.common.mx_6.15.0.202507011659\db\plugins\mcufinder\reactClient1\index.html
2026-08-28 09:32:45,978 [INFO] ApiDb:668 - CubeFinder database Data Model version=2.1
2026-08-28 09:32:45,978 [INFO] ApiDb:669 - CubeFinder database Configuration version=3.0.42
2026-08-28 09:32:45,978 [INFO] ApiDb:670 - CubeFinder database generation date=2026-08-04 (1785840812)
2026-08-28 09:32:45,978 [INFO] ApiDb:671 - CubeFinder database FW Pack versions=[FP-ATR-ASTRA1_V2.0.0, FP-SNS-FLIGHT1_V5.1.0, FP-SNS-MOTENV1_V5.1.0, FP-SNS-MOTENVWB1_V1.5.0, FP-SNS-SMARTAG2_V1.2.0, FP-SNS-STBOX1_V2.1.0, STM32Cube_FW_C0_V1.4.1, STM32Cube_FW_F4_V1.28.3, STM32Cube_FW_F7_V1.17.4, STM32Cube_FW_G0_V1.6.3, STM32Cube_FW_G4_V1.6.2, STM32Cube_FW_H5_V1.7.0, STM32Cube_FW_H7RS_V1.3.0, STM32Cube_FW_H7_V1.13.0, STM32Cube_FW_L0_V1.12.2, STM32Cube_FW_L4_V1.18.2, STM32Cube_FW_L5_V1.6.0, STM32Cube_FW_N6_V1.4.0, STM32Cube_FW_U0_V1.3.0, STM32Cube_FW_U3_V1.4.0, STM32Cube_FW_U5_V1.9.0, STM32Cube_FW_WB0_V1.5.0, STM32Cube_FW_WBA_V1.10.0, STM32Cube_FW_WB_V1.24.0, STM32Cube_FW_WL3_V1.5.0, STM32Cube_FW_WL_V1.6.0, X-CUBE-ALGOBUILD_V1.5.0, X-CUBE-ALS_V1.0.2, X-CUBE-AZRTOS-F4_V1.1.0, X-CUBE-AZRTOS-F7_V1.1.0, X-CUBE-AZRTOS-G0_V1.1.0, X-CUBE-AZRTOS-G4_V2.0.0, X-CUBE-AZRTOS-H7RS_V1.3.0, X-CUBE-AZRTOS-H7_V3.5.0, X-CUBE-AZRTOS-L4_V2.0.0, X-CUBE-AZRTOS-L5_V2.0.0, X-CUBE-AZRTOS-WB_V2.0.0, X-CUBE-AZRTOS-WL_V2.0.0, X-CUBE-BLE1_V7.1.0, X-CUBE-BLE2_V3.3.0, X-CUBE-BLEMGR_V4.2.0, X-CUBE-EEPRMA1_V5.2.0, X-CUBE-FREERTOS_V1.6.0, X-CUBE-GNSS1_V7.1.1, X-CUBE-MEMS1_V13.0.0, X-CUBE-NFC4_V3.0.0, X-CUBE-NFC7_V2.0.0, X-CUBE-SFXS2LP1_V4.0.0, X-CUBE-ST67W61_V1.3.0, X-CUBE-SUBG2_V5.0.0, X-CUBE-TOF1_V3.4.3]
2026-08-28 09:32:51,511 [INFO] DbBoardsSqlite:226 - include board P-NUCLEO-WB55-NUCLEO as a kit item of type 'Nucleo-64'
2026-08-28 09:32:51,512 [INFO] DbBoardsSqlite:226 - include board P-NUCLEO-WB55-USBDONGLE as a kit item of type 'Nucleo USB Dongle'
2026-08-28 09:32:51,546 [INFO] DbBoardsSqlite:226 - include board STEVAL-IDP005V1 as a kit item of type 'Evaluation Board'
2026-08-28 09:32:51,547 [INFO] DbBoardsSqlite:226 - include board STEVAL-IDP005V2 as a kit item of type 'Evaluation Board'
2026-08-28 09:32:56,087 [INFO] ApiDb:240 - Found 880 in-development CPN: [B-G473E-ZEST1S, B-WB1M-WPAN1, B-WBA5M-WPAN, B-WL5M-SUBG1, NUCLEO-C031C6, NUCLEO-C051C8, NUCLEO-C071RB, NUCLEO-C092RC, NUCLEO-H503RB, NUCLEO-H533RE, NUCLEO-H563ZI, NUCLEO-H7S3L8, NUCLEO-N657X0-Q, NUCLEO-U031R8, NUCLEO-U083RC, NUCLEO-U385RG-Q, NUCLEO-U545RE-Q, NUCLEO-U5A5ZJ-Q, NUCLEO-WB05KZ, NUCLEO-WB07CC, NUCLEO-WB09KE, NUCLEO-WBA52CG, NUCLEO-WBA55CG, NUCLEO-WL33CC1, NUCLEO-WL33CC2, STEVAL-PROTEUS1, STEVAL-SMARTAG2, STEVAL-STWINBX1, STM320518-EVAL, STM32C0116-DK, STM32C011D6Y3TR, STM32C011D6Y6TR, STM32C011F4P3, STM32C011F4P6, STM32C011F4U3, STM32C011F4U6TR, STM32C011F6P3, STM32C011F6P6, STM32C011F6U3, STM32C011F6U6TR, STM32C011J4M3, STM32C011J4M6, STM32C011J6M3, STM32C011J6M6, STM32C0316-DK, STM32C031C4T3, STM32C031C4T6, STM32C031C4U3, STM32C031C4U6, STM32C031C6T3, STM32C031C6T6, STM32C031C6U3, STM32C031C6U6, STM32C031F4P3, STM32C031F4P6, STM32C031F6P3, STM32C031F6P6, STM32C031G4U3, STM32C031G4U6, STM32C031G6U3, STM32C031G6U6, STM32C031K4T3, STM32C031K4T6, STM32C031K4U3, STM32C031K4U6, STM32C031K6T3, STM32C031K6T6, STM32C031K6U3, STM32C031K6U6, STM32C051C6T6, STM32C051C6U6, STM32C051C8T6, STM32C051C8U6, STM32C051D8Y6TR, STM32C051F6P6, STM32C051F8P6, STM32C051G6U6, STM32C051G8U6, STM32C051K6T6, STM32C051K6U6, STM32C051K8T6, STM32C071C8T6, STM32C071C8T6N, STM32C071C8U6, STM32C071C8U6N, STM32C071CBT6, STM32C071CBT6N, STM32C071CBU6, STM32C071CBU6N, STM32C071F8P6, STM32C071F8P6N, STM32C071FBP6, STM32C071FBP6N, STM32C071FBY6TR, STM32C071G8U6, STM32C071G8U6N, STM32C071GBU6, STM32C071GBU6N, STM32C071K8T6, STM32C071K8T6N, STM32C071K8U6, STM32C071K8U6N, STM32C071KBT6, STM32C071KBT6N, STM32C071KBU6, STM32C071KBU6N, STM32C071R8T6, STM32C071R8T6N, STM32C071RBI6N, STM32C071RBT6, STM32C071RBT6N, STM32C091CBT6, STM32C091CBU6, STM32C091CCT6, STM32C091CCU6, STM32C091ECY6TR, STM32C091FBP6, STM32C091FCP6, STM32C091GBU6, STM32C091GCU6, STM32C091KBT6, STM32C091KBU6, STM32C091KCT6, STM32C091KCU6, STM32C091RBT6, STM32C091RCI6, STM32C091RCT6, STM32C092CBT6, STM32C092CBU6, STM32C092CCT6, STM32C092CCU6, STM32C092ECY6TR, STM32C092FBP6, STM32C092FCP6, STM32C092GBU6, STM32C092GCU6, STM32C092KBT6, STM32C092KBU6, STM32C092KCT6, STM32C092KCU6, STM32C092RBT6, STM32C092RCI6, STM32C092RCT6, STM32G071K8TXN, STM32G071K8UXN, STM32G081GBU6N, STM32G081KBT6N, STM32G081KBUXN, STM32G0B1CCT6N, STM32G0B1KCT6, STM32G0B1NEY6TR, STM32G0B1RCT6N, STM32G0C1CCT6, STM32G0C1CCT6N, STM32G0C1CCU6N, STM32G0C1CET6N, STM32G0C1CEU6N, STM32G0C1KCT6, STM32G0C1NEY6TR, STM32G0C1RCI6N, STM32G0C1RCT6N, STM32G0C1REI6N, STM32G0C1RET6N, STM32G0C1VCI6, STM32G0C1VEI6, STM32G411C6T3, STM32G411C6T6, STM32G411C6U3, STM32G411C6U6, STM32G411C8T3, STM32G411C8T6, STM32G411C8U3, STM32G411C8U6, STM32G411CBT3, STM32G411CBT6, STM32G411CBU3, STM32G411CBU6, STM32G411K6T3, STM32G411K6T6, STM32G411K6U3, STM32G411K6U6, STM32G411K8T3, STM32G411K8T6, STM32G411K8U3, STM32G411K8U6, STM32G411KBT3, STM32G411KBT6, STM32G411KBU3, STM32G411KBU6, STM32G411M6T3, STM32G411M6T6, STM32G411M8T3, STM32G411M8T6, STM32G411MBT3, STM32G411MBT6, STM32G411R6T3, STM32G411R6T6, STM32G411R8T3, STM32G411R8T6, STM32G411RBT3, STM32G411RBT6, STM32G414CBT3, STM32G414CBT6, STM32G414CBU3, STM32G414CBU6, STM32G414CCT3, STM32G414CCT6, STM32G414CCU3, STM32G414CCU6, STM32G414MBT3, STM32G414MBT6, STM32G414MCT3, STM32G414MCT6, STM32G414RBT3, STM32G414RBT6, STM32G414RCT3, STM32G414RCT6, STM32G414VBT3, STM32G414VBT6, STM32G414VCT3, STM32G414VCT6, STM32G431CBT3Z, STM32G431RBT3Z, STM32G471CCT6, STM32G471CCU6, STM32G471CET3, STM32G471CET6, STM32G471CEU3, STM32G471CEU6, STM32G471MCT6, STM32G471MET3, STM32G471MET6, STM32G471MEY6TR, STM32G471QCT6, STM32G471QET3, STM32G471RCT6, STM32G471RET3, STM32G471RET6, STM32G471VCH6, STM32G471VCI6, STM32G471VCT6, STM32G471VEH3, STM32G471VEH6, STM32G471VEI3, STM32G471VEI6, STM32G471VET3, STM32G471VET6, STM32G473QET3Z, STM32G473RET3Z, STM32G474CCT6, STM32G491RET3Z, STM32H503CBT6, STM32H503CBU6, STM32H503EBY6TR, STM32H503KBU6, STM32H503RBT6, STM32H523CCT6, STM32H523CCU6, STM32H523CET6, STM32H523CEU6, STM32H523HEY6TR, STM32H523RCT6, STM32H523RET6, STM32H523VCI6, STM32H523VCT6, STM32H523VEI6, STM32H523VET6, STM32H523ZCJ6, STM32H523ZCT6, STM32H523ZEJ6, STM32H523ZET6, STM32H533CET6, STM32H533CEU6, STM32H533HEY6TR, STM32H533RET6, STM32H533VEI6, STM32H533VET6, STM32H533ZEJ6, STM32H533ZET6, STM32H562AGI6, STM32H562AII6, STM32H562IGK6, STM32H562IGT6, STM32H562IIK6, STM32H562IIT6, STM32H562RGT6, STM32H562RGV6, STM32H562RIT6, STM32H562RIV6, STM32H562VGT6, STM32H562VIT6, STM32H562ZGT6, STM32H562ZIT6, STM32H563AGI6, STM32H563AII3Q, STM32H563AII6, STM32H563IGK6, STM32H563IGT6, STM32H563IIK3Q, STM32H563IIK6, STM32H563IIT3Q, STM32H563IIT6, STM32H563MIY3QTR, STM32H563RGT6, STM32H563RGV6, STM32H563RIT6, STM32H563RIV6, STM32H563VGT6, STM32H563VIT3Q, STM32H563VIT6, STM32H563ZGT6, STM32H563ZIT3Q, STM32H563ZIT6, STM32H573AII3Q, STM32H573AII6, STM32H573I-DK, STM32H573IIK3Q, STM32H573IIK6, STM32H573IIT3Q, STM32H573IIT6, STM32H573MIY3QTR, STM32H573RIT6, STM32H573RIV6, STM32H573VIT3Q, STM32H573VIT6, STM32H573ZIT3Q, STM32H573ZIT6, STM32H7R3A8I6, STM32H7R3I8K6, STM32H7R3I8T6, STM32H7R3L8H6, STM32H7R3L8H6H, STM32H7R3R8V6, STM32H7R3V8H6, STM32H7R3V8T6, STM32H7R3V8Y6TR, STM32H7R3Z8J6, STM32H7R3Z8T6, STM32H7R7A8I6, STM32H7R7I8K6, STM32H7R7I8T6, STM32H7R7L8H6, STM32H7R7L8H6H, STM32H7R7Z8J6, STM32H7S3A8I6, STM32H7S3I8K6, STM32H7S3I8T6, STM32H7S3L8H6, STM32H7S3L8H6H, STM32H7S3R8V6, STM32H7S3V8H6, STM32H7S3V8T6, STM32H7S3V8Y6TR, STM32H7S3Z8J6, STM32H7S3Z8T6, STM32H7S78-DK, STM32H7S7A8I6, STM32H7S7I8K6, STM32H7S7I8T6, STM32H7S7L8H6, STM32H7S7L8H6H, STM32H7S7Z8J6, STM32L4R5QGI6STR, STM32MP131AAE3, STM32MP131AAF3, STM32MP131AAG3, STM32MP131CAE3, STM32MP131CAF3, STM32MP131CAG3, STM32MP131DAE7, STM32MP131DAF7, STM32MP131DAG7, STM32MP131FAE7, STM32MP131FAF7, STM32MP131FAG7, STM32MP133AAE3, STM32MP133AAF3, STM32MP133AAG3, STM32MP133CAE3, STM32MP133CAF3, STM32MP133CAG3, STM32MP133DAE7, STM32MP133DAF7, STM32MP133DAG7, STM32MP133FAE7, STM32MP133FAF7, STM32MP133FAG7, STM32MP135AAE3, STM32MP135AAF3, STM32MP135AAG3, STM32MP135CAE3, STM32MP135CAF3, STM32MP135CAG3, STM32MP135DAE7, STM32MP135DAF7, STM32MP135DAG7, STM32MP135F-DK, STM32MP135FAE7, STM32MP135FAF7, STM32MP135FAF7T, STM32MP135FAF7U, STM32MP135FAG7, STM32MP211AAL3, STM32MP211AAM3, STM32MP211AAN3, STM32MP211AAO3, STM32MP211CAL3, STM32MP211CAM3, STM32MP211CAN3, STM32MP211CAO3, STM32MP211DAL3, STM32MP211DAM3, STM32MP211DAN3, STM32MP211DAO3, STM32MP211FAL3, STM32MP211FAM3, STM32MP211FAN3, STM32MP211FAO3, STM32MP213AAL3, STM32MP213AAM3, STM32MP213AAN3, STM32MP213AAO3, STM32MP213CAL3, STM32MP213CAM3, STM32MP213CAN3, STM32MP213CAO3, STM32MP213DAL3, STM32MP213DAM3, STM32MP213DAN3, STM32MP213DAO3, STM32MP213FAL3, STM32MP213FAM3, STM32MP213FAN3, STM32MP213FAO3, STM32MP215AAL3, STM32MP215AAM3, STM32MP215AAN3, STM32MP215AAO3, STM32MP215CAL3, STM32MP215CAM3, STM32MP215CAN3, STM32MP215CAO3, STM32MP215DAL3, STM32MP215DAM3, STM32MP215DAN3, STM32MP215DAO3, STM32MP215F-DK, STM32MP215FAL3, STM32MP215FAM3, STM32MP215FAN3, STM32MP215FAO3, STM32MP231AAJ3, STM32MP231AAK3, STM32MP231AAL3, STM32MP231CAJ3, STM32MP231CAK3, STM32MP231CAL3, STM32MP231DAJ3, STM32MP231DAK3, STM32MP231DAL3, STM32MP231FAJ3, STM32MP231FAK3, STM32MP231FAL3, STM32MP233AAJ3, STM32MP233AAK3, STM32MP233AAL3, STM32MP233CAJ3, STM32MP233CAK3, STM32MP233CAL3, STM32MP233DAJ3, STM32MP233DAK3, STM32MP233DAL3, STM32MP233FAJ3, STM32MP233FAK3, STM32MP233FAL3, STM32MP235AAJ3, STM32MP235AAK3, STM32MP235AAL3, STM32MP235CAJ3, STM32MP235CAK3, STM32MP235CAL3, STM32MP235DAJ3, STM32MP235DAK3, STM32MP235DAL3, STM32MP235FAJ3, STM32MP235FAK3, STM32MP235FAL3, STM32MP251AAI3, STM32MP251AAK3, STM32MP251AAL3, STM32MP251CAI3, STM32MP251CAK3, STM32MP251CAL3, STM32MP251DAI3, STM32MP251DAK3, STM32MP251DAL3, STM32MP251FAI3, STM32MP251FAK3, STM32MP251FAL3, STM32MP253AAI3, STM32MP253AAK3, STM32MP253AAL3, STM32MP253CAI3, STM32MP253CAK3, STM32MP253CAL3, STM32MP253DAI3, STM32MP253DAK3, STM32MP253DAL3, STM32MP253FAI3, STM32MP253FAK3, STM32MP253FAL3, STM32MP255AAI3, STM32MP255AAK3, STM32MP255AAL3, STM32MP255CAI3, STM32MP255CAK3, STM32MP255CAL3, STM32MP255DAI3, STM32MP255DAK3, STM32MP255DAL3, STM32MP255FAI3, STM32MP255FAK3, STM32MP255FAL3, STM32MP257AAI3, STM32MP257AAK3, STM32MP257AAL3, STM32MP257CAI3, STM32MP257CAK3, STM32MP257CAL3, STM32MP257DAI3, STM32MP257DAK3, STM32MP257DAL3, STM32MP257F-DK, STM32MP257F-EV1, STM32MP257FAI3, STM32MP257FAK3, STM32MP257FAL3, STM32N645A0H3Q, STM32N645B0H3Q, STM32N645I0H3Q, STM32N645L0H3Q, STM32N645X0H3Q, STM32N645Z0H3Q, STM32N647A0H3Q, STM32N647B0H3Q, STM32N647I0H3Q, STM32N647L0H3Q, STM32N647X0H3Q, STM32N647Z0H3Q, STM32N655A0H3Q, STM32N655B0H3Q, STM32N655I0H3Q, STM32N655L0H3Q, STM32N655X0H3Q, STM32N655Z0H3Q, STM32N6570-DK, STM32N657A0H3Q, STM32N657B0H3Q, STM32N657I0H3Q, STM32N657L0H3Q, STM32N657X0H3Q, STM32N657Z0H3Q, STM32U031C6T6, STM32U031C6U6, STM32U031C8T6, STM32U031C8U6, STM32U031F4P6, STM32U031F6P6, STM32U031F8P6, STM32U031G6Y6TR, STM32U031G8Y6TR, STM32U031K4U6, STM32U031K6U6, STM32U031K8U6, STM32U031R6I6, STM32U031R6T6, STM32U031R8I6, STM32U031R8T6, STM32U073C8T6, STM32U073C8U6, STM32U073CBT6, STM32U073CBU6, STM32U073CCT6, STM32U073CCU6, STM32U073H8Y6TR, STM32U073HBY6TR, STM32U073HCY6TR, STM32U073K8U6, STM32U073KBU6, STM32U073KCU6, STM32U073M8I6, STM32U073M8T6, STM32U073MBI6, STM32U073MBT6, STM32U073MCI6, STM32U073MCT6, STM32U073R8I6, STM32U073R8T6, STM32U073RBI6, STM32U073RBT6, STM32U073RCI6, STM32U073RCT6, STM32U083C-DK, STM32U083CCT6, STM32U083CCU6, STM32U083HCY6TR, STM32U083KCU6, STM32U083MCI6, STM32U083MCT6, STM32U083RCI6, STM32U083RCT6, STM32U375CET6, STM32U375CET6Q, STM32U375CEU6, STM32U375CEU6Q, STM32U375CEY6QTR, STM32U375CGT6, STM32U375CGT6Q, STM32U375CGU6, STM32U375CGU6Q, STM32U375CGY6QTR, STM32U375KEU6, STM32U375KGU6, STM32U375REI6, STM32U375REI6Q, STM32U375RET6, STM32U375RET6Q, STM32U375REY6GTR, STM32U375REY6QTR, STM32U375RGI6, STM32U375RGI6Q, STM32U375RGT6, STM32U375RGT6Q, STM32U375RGY6GTR, STM32U375RGY6QTR, STM32U375VEI6, STM32U375VEI6Q, STM32U375VET6, STM32U375VET6Q, STM32U375VGI6, STM32U375VGI6Q, STM32U375VGT6, STM32U375VGT6Q, STM32U385CGT6, STM32U385CGT6Q, STM32U385CGU6, STM32U385CGU6Q, STM32U385CGY6QTR, STM32U385KGU6, STM32U385RGI6, STM32U385RGI6Q, STM32U385RGT6, STM32U385RGT6Q, STM32U385RGY6GTR, STM32U385RGY6QTR, STM32U385VGI6, STM32U385VGI6Q, STM32U385VGT6, STM32U385VGT6Q, STM32U535CBT6, STM32U535CBT6Q, STM32U535CBU6, STM32U535CBU6Q, STM32U535CCT6, STM32U535CCT6Q, STM32U535CCU6, STM32U535CCU6Q, STM32U535CET6, STM32U535CET6Q, STM32U535CEU6, STM32U535CEU6Q, STM32U535JEY6QTR, STM32U535NCY6QTR, STM32U535NEY6QTR, STM32U535RBI6, STM32U535RBI6Q, STM32U535RBT6, STM32U535RBT6Q, STM32U535RCI6, STM32U535RCI6Q, STM32U535RCT6, STM32U535RCT6Q, STM32U535REI6, STM32U535REI6Q, STM32U535RET6, STM32U535RET6Q, STM32U535VCI6, STM32U535VCI6Q, STM32U535VCT6, STM32U535VCT6Q, STM32U535VEI6, STM32U535VEI6Q, STM32U535VET6, STM32U535VET6Q, STM32U545CET6, STM32U545CET6Q, STM32U545CEU6, STM32U545CEU6Q, STM32U545JEY6QTR, STM32U545NEY6QTR, STM32U545REI6, STM32U545REI6Q, STM32U545RET6, STM32U545RET6Q, STM32U545VEI6, STM32U545VEI6Q, STM32U545VET6, STM32U545VET6Q, STM32U595AIH6, STM32U595AIH6Q, STM32U595AJH6, STM32U595AJH6Q, STM32U595QII6, STM32U595QII6Q, STM32U595QJI6, STM32U595QJI6Q, STM32U595RIT6, STM32U595RIT6Q, STM32U595RJT6, STM32U595RJT6Q, STM32U595VIT6, STM32U595VIT6Q, STM32U595VJT6, STM32U595VJT6Q, STM32U595ZIT6, STM32U595ZIT6Q, STM32U595ZIY6QTR, STM32U595ZJT6, STM32U595ZJT6Q, STM32U595ZJY6QTR, STM32U599BJY6QTR, STM32U599NIH6Q, STM32U599NJH6Q, STM32U599VIT6Q, STM32U599VJT6, STM32U599VJT6Q, STM32U599ZIT6Q, STM32U599ZIY6QTR, STM32U599ZJT6Q, STM32U599ZJY6QTR, STM32U5A5AJH6, STM32U5A5AJH6Q, STM32U5A5QII3Q , STM32U5A5QJI6, STM32U5A5QJI6Q, STM32U5A5RJT6, STM32U5A5RJT6Q, STM32U5A5VJT6, STM32U5A5VJT6Q, STM32U5A5ZJT6, STM32U5A5ZJT6Q, STM32U5A5ZJY6QTR, STM32U5A9BJY6QTR, STM32U5A9J-DK, STM32U5A9NJH6Q, STM32U5A9VJT6Q, STM32U5A9ZJT6Q, STM32U5A9ZJY6QTR, STM32U5F7VIT6, STM32U5F7VIT6Q, STM32U5F7VJT6, STM32U5F7VJT6Q, STM32U5F9BJY6QTR, STM32U5F9NJH6Q, STM32U5F9VIT6Q, STM32U5F9VJT6Q, STM32U5F9ZIJ6QTR, STM32U5F9ZIT6Q, STM32U5F9ZJJ6QTR, STM32U5F9ZJT6Q, STM32U5G7VJT6, STM32U5G7VJT6Q, STM32U5G9BJY6QTR, STM32U5G9J-DK1, STM32U5G9J-DK2, STM32U5G9NJH6Q, STM32U5G9VJT6Q, STM32U5G9ZJJ6QTR, STM32U5G9ZJT6Q, STM32WB05KZV6TR, STM32WB05KZV7TR, STM32WB05TZF6TR, STM32WB05TZF7TR, STM32WB06CCF6TR, STM32WB06CCF7TR, STM32WB06CCV6TR, STM32WB06CCV7TR, STM32WB06KCV6TR, STM32WB06KCV7TR, STM32WB07CCF6TR, STM32WB07CCF7TR, STM32WB07CCV6TR, STM32WB07CCV7TR, STM32WB07KCV6TR, STM32WB07KCV7TR, STM32WB09KEV6TR, STM32WB09KEV7TR, STM32WB09TEF6TR, STM32WB09TEF7TR, STM32WB1MMCH6, STM32WBA50KGU6, STM32WBA50KGU6TR, STM32WBA52CEU6, STM32WBA52CEU6TR, STM32WBA52CEU7, STM32WBA52CEU7TR, STM32WBA52CGU6, STM32WBA52CGU6TR, STM32WBA52CGU6U, STM32WBA52CGU7, STM32WBA52CGU7TR, STM32WBA52KEU6, STM32WBA52KEU6TR, STM32WBA52KGU6, STM32WBA52KGU6TR, STM32WBA54CEU6, STM32WBA54CEU6TR, STM32WBA54CEU7, STM32WBA54CEU7TR, STM32WBA54CGU6, STM32WBA54CGU6TR, STM32WBA54CGU7, STM32WBA54CGU7TR, STM32WBA54KEU6, STM32WBA54KEU6TR, STM32WBA54KEU7, STM32WBA54KEU7TR, STM32WBA54KGU6, STM32WBA54KGU6TR, STM32WBA54KGU7, STM32WBA54KGU7TR, STM32WBA55CEU6, STM32WBA55CEU6TR, STM32WBA55CEU7, STM32WBA55CEU7TR, STM32WBA55CGU6, STM32WBA55CGU6TR, STM32WBA55CGU6U, STM32WBA55CGU7, STM32WBA55CGU7TR, STM32WBA55G-DK1, STM32WBA55HEF6, STM32WBA55HEF7, STM32WBA55HGF6, STM32WBA55HGF7, STM32WBA55UEI6, STM32WBA55UEI6TR, STM32WBA55UEI7, STM32WBA55UEI7TR, STM32WBA55UGI6, STM32WBA55UGI6TR, STM32WBA55UGI7, STM32WBA55UGI7TR, STM32WBA5MMGH6TR, STM32WBA62MGF6, STM32WBA62MIF6, STM32WBA65MGF7, STM32WBA65MIF6, STM32WBA65MIF7, STM32WL30K8V6, STM32WL30KBV6, STM32WL31C8V6, STM32WL31CBV6, STM32WL31K8V6, STM32WL31KBV6, STM32WL33C8V6, STM32WL33C8V6X, STM32WL33CBV6, STM32WL33CBV6X, STM32WL33CCV6, STM32WL33CCV6A, STM32WL33CCV6X, STM32WL33K8V7, STM32WL33K8V7X, STM32WL33KBV7 , STM32WL33KBV7X, STM32WL33KCV7, STM32WL33KCV7X, STM32WL5MOCH6, STM32WL5MOCH6TR]
2026-08-28 09:32:56,092 [INFO] ApiDb:668 - CubeFinder database Data Model version=2.1
2026-08-28 09:32:56,092 [INFO] ApiDb:669 - CubeFinder database Configuration version=3.0.42
2026-08-28 09:32:56,092 [INFO] ApiDb:670 - CubeFinder database generation date=2026-08-04 (1785840812)
2026-08-28 09:32:56,092 [INFO] ApiDb:671 - CubeFinder database FW Pack versions=[FP-ATR-ASTRA1_V2.0.0, FP-SNS-FLIGHT1_V5.1.0, FP-SNS-MOTENV1_V5.1.0, FP-SNS-MOTENVWB1_V1.5.0, FP-SNS-SMARTAG2_V1.2.0, FP-SNS-STBOX1_V2.1.0, STM32Cube_FW_C0_V1.4.1, STM32Cube_FW_F4_V1.28.3, STM32Cube_FW_F7_V1.17.4, STM32Cube_FW_G0_V1.6.3, STM32Cube_FW_G4_V1.6.2, STM32Cube_FW_H5_V1.7.0, STM32Cube_FW_H7RS_V1.3.0, STM32Cube_FW_H7_V1.13.0, STM32Cube_FW_L0_V1.12.2, STM32Cube_FW_L4_V1.18.2, STM32Cube_FW_L5_V1.6.0, STM32Cube_FW_N6_V1.4.0, STM32Cube_FW_U0_V1.3.0, STM32Cube_FW_U3_V1.4.0, STM32Cube_FW_U5_V1.9.0, STM32Cube_FW_WB0_V1.5.0, STM32Cube_FW_WBA_V1.10.0, STM32Cube_FW_WB_V1.24.0, STM32Cube_FW_WL3_V1.5.0, STM32Cube_FW_WL_V1.6.0, X-CUBE-ALGOBUILD_V1.5.0, X-CUBE-ALS_V1.0.2, X-CUBE-AZRTOS-F4_V1.1.0, X-CUBE-AZRTOS-F7_V1.1.0, X-CUBE-AZRTOS-G0_V1.1.0, X-CUBE-AZRTOS-G4_V2.0.0, X-CUBE-AZRTOS-H7RS_V1.3.0, X-CUBE-AZRTOS-H7_V3.5.0, X-CUBE-AZRTOS-L4_V2.0.0, X-CUBE-AZRTOS-L5_V2.0.0, X-CUBE-AZRTOS-WB_V2.0.0, X-CUBE-AZRTOS-WL_V2.0.0, X-CUBE-BLE1_V7.1.0, X-CUBE-BLE2_V3.3.0, X-CUBE-BLEMGR_V4.2.0, X-CUBE-EEPRMA1_V5.2.0, X-CUBE-FREERTOS_V1.6.0, X-CUBE-GNSS1_V7.1.1, X-CUBE-MEMS1_V13.0.0, X-CUBE-NFC4_V3.0.0, X-CUBE-NFC7_V2.0.0, X-CUBE-SFXS2LP1_V4.0.0, X-CUBE-ST67W61_V1.3.0, X-CUBE-SUBG2_V5.0.0, X-CUBE-TOF1_V3.4.3]
2026-08-28 09:33:03,418 [INFO] ApiDb:240 - Found 880 in-development CPN: [B-G473E-ZEST1S, B-WB1M-WPAN1, B-WBA5M-WPAN, B-WL5M-SUBG1, NUCLEO-C031C6, NUCLEO-C051C8, NUCLEO-C071RB, NUCLEO-C092RC, NUCLEO-H503RB, NUCLEO-H533RE, NUCLEO-H563ZI, NUCLEO-H7S3L8, NUCLEO-N657X0-Q, NUCLEO-U031R8, NUCLEO-U083RC, NUCLEO-U385RG-Q, NUCLEO-U545RE-Q, NUCLEO-U5A5ZJ-Q, NUCLEO-WB05KZ, NUCLEO-WB07CC, NUCLEO-WB09KE, NUCLEO-WBA52CG, NUCLEO-WBA55CG, NUCLEO-WL33CC1, NUCLEO-WL33CC2, STEVAL-PROTEUS1, STEVAL-SMARTAG2, STEVAL-STWINBX1, STM320518-EVAL, STM32C0116-DK, STM32C011D6Y3TR, STM32C011D6Y6TR, STM32C011F4P3, STM32C011F4P6, STM32C011F4U3, STM32C011F4U6TR, STM32C011F6P3, STM32C011F6P6, STM32C011F6U3, STM32C011F6U6TR, STM32C011J4M3, STM32C011J4M6, STM32C011J6M3, STM32C011J6M6, STM32C0316-DK, STM32C031C4T3, STM32C031C4T6, STM32C031C4U3, STM32C031C4U6, STM32C031C6T3, STM32C031C6T6, STM32C031C6U3, STM32C031C6U6, STM32C031F4P3, STM32C031F4P6, STM32C031F6P3, STM32C031F6P6, STM32C031G4U3, STM32C031G4U6, STM32C031G6U3, STM32C031G6U6, STM32C031K4T3, STM32C031K4T6, STM32C031K4U3, STM32C031K4U6, STM32C031K6T3, STM32C031K6T6, STM32C031K6U3, STM32C031K6U6, STM32C051C6T6, STM32C051C6U6, STM32C051C8T6, STM32C051C8U6, STM32C051D8Y6TR, STM32C051F6P6, STM32C051F8P6, STM32C051G6U6, STM32C051G8U6, STM32C051K6T6, STM32C051K6U6, STM32C051K8T6, STM32C071C8T6, STM32C071C8T6N, STM32C071C8U6, STM32C071C8U6N, STM32C071CBT6, STM32C071CBT6N, STM32C071CBU6, STM32C071CBU6N, STM32C071F8P6, STM32C071F8P6N, STM32C071FBP6, STM32C071FBP6N, STM32C071FBY6TR, STM32C071G8U6, STM32C071G8U6N, STM32C071GBU6, STM32C071GBU6N, STM32C071K8T6, STM32C071K8T6N, STM32C071K8U6, STM32C071K8U6N, STM32C071KBT6, STM32C071KBT6N, STM32C071KBU6, STM32C071KBU6N, STM32C071R8T6, STM32C071R8T6N, STM32C071RBI6N, STM32C071RBT6, STM32C071RBT6N, STM32C091CBT6, STM32C091CBU6, STM32C091CCT6, STM32C091CCU6, STM32C091ECY6TR, STM32C091FBP6, STM32C091FCP6, STM32C091GBU6, STM32C091GCU6, STM32C091KBT6, STM32C091KBU6, STM32C091KCT6, STM32C091KCU6, STM32C091RBT6, STM32C091RCI6, STM32C091RCT6, STM32C092CBT6, STM32C092CBU6, STM32C092CCT6, STM32C092CCU6, STM32C092ECY6TR, STM32C092FBP6, STM32C092FCP6, STM32C092GBU6, STM32C092GCU6, STM32C092KBT6, STM32C092KBU6, STM32C092KCT6, STM32C092KCU6, STM32C092RBT6, STM32C092RCI6, STM32C092RCT6, STM32G071K8TXN, STM32G071K8UXN, STM32G081GBU6N, STM32G081KBT6N, STM32G081KBUXN, STM32G0B1CCT6N, STM32G0B1KCT6, STM32G0B1NEY6TR, STM32G0B1RCT6N, STM32G0C1CCT6, STM32G0C1CCT6N, STM32G0C1CCU6N, STM32G0C1CET6N, STM32G0C1CEU6N, STM32G0C1KCT6, STM32G0C1NEY6TR, STM32G0C1RCI6N, STM32G0C1RCT6N, STM32G0C1REI6N, STM32G0C1RET6N, STM32G0C1VCI6, STM32G0C1VEI6, STM32G411C6T3, STM32G411C6T6, STM32G411C6U3, STM32G411C6U6, STM32G411C8T3, STM32G411C8T6, STM32G411C8U3, STM32G411C8U6, STM32G411CBT3, STM32G411CBT6, STM32G411CBU3, STM32G411CBU6, STM32G411K6T3, STM32G411K6T6, STM32G411K6U3, STM32G411K6U6, STM32G411K8T3, STM32G411K8T6, STM32G411K8U3, STM32G411K8U6, STM32G411KBT3, STM32G411KBT6, STM32G411KBU3, STM32G411KBU6, STM32G411M6T3, STM32G411M6T6, STM32G411M8T3, STM32G411M8T6, STM32G411MBT3, STM32G411MBT6, STM32G411R6T3, STM32G411R6T6, STM32G411R8T3, STM32G411R8T6, STM32G411RBT3, STM32G411RBT6, STM32G414CBT3, STM32G414CBT6, STM32G414CBU3, STM32G414CBU6, STM32G414CCT3, STM32G414CCT6, STM32G414CCU3, STM32G414CCU6, STM32G414MBT3, STM32G414MBT6, STM32G414MCT3, STM32G414MCT6, STM32G414RBT3, STM32G414RBT6, STM32G414RCT3, STM32G414RCT6, STM32G414VBT3, STM32G414VBT6, STM32G414VCT3, STM32G414VCT6, STM32G431CBT3Z, STM32G431RBT3Z, STM32G471CCT6, STM32G471CCU6, STM32G471CET3, STM32G471CET6, STM32G471CEU3, STM32G471CEU6, STM32G471MCT6, STM32G471MET3, STM32G471MET6, STM32G471MEY6TR, STM32G471QCT6, STM32G471QET3, STM32G471RCT6, STM32G471RET3, STM32G471RET6, STM32G471VCH6, STM32G471VCI6, STM32G471VCT6, STM32G471VEH3, STM32G471VEH6, STM32G471VEI3, STM32G471VEI6, STM32G471VET3, STM32G471VET6, STM32G473QET3Z, STM32G473RET3Z, STM32G474CCT6, STM32G491RET3Z, STM32H503CBT6, STM32H503CBU6, STM32H503EBY6TR, STM32H503KBU6, STM32H503RBT6, STM32H523CCT6, STM32H523CCU6, STM32H523CET6, STM32H523CEU6, STM32H523HEY6TR, STM32H523RCT6, STM32H523RET6, STM32H523VCI6, STM32H523VCT6, STM32H523VEI6, STM32H523VET6, STM32H523ZCJ6, STM32H523ZCT6, STM32H523ZEJ6, STM32H523ZET6, STM32H533CET6, STM32H533CEU6, STM32H533HEY6TR, STM32H533RET6, STM32H533VEI6, STM32H533VET6, STM32H533ZEJ6, STM32H533ZET6, STM32H562AGI6, STM32H562AII6, STM32H562IGK6, STM32H562IGT6, STM32H562IIK6, STM32H562IIT6, STM32H562RGT6, STM32H562RGV6, STM32H562RIT6, STM32H562RIV6, STM32H562VGT6, STM32H562VIT6, STM32H562ZGT6, STM32H562ZIT6, STM32H563AGI6, STM32H563AII3Q, STM32H563AII6, STM32H563IGK6, STM32H563IGT6, STM32H563IIK3Q, STM32H563IIK6, STM32H563IIT3Q, STM32H563IIT6, STM32H563MIY3QTR, STM32H563RGT6, STM32H563RGV6, STM32H563RIT6, STM32H563RIV6, STM32H563VGT6, STM32H563VIT3Q, STM32H563VIT6, STM32H563ZGT6, STM32H563ZIT3Q, STM32H563ZIT6, STM32H573AII3Q, STM32H573AII6, STM32H573I-DK, STM32H573IIK3Q, STM32H573IIK6, STM32H573IIT3Q, STM32H573IIT6, STM32H573MIY3QTR, STM32H573RIT6, STM32H573RIV6, STM32H573VIT3Q, STM32H573VIT6, STM32H573ZIT3Q, STM32H573ZIT6, STM32H7R3A8I6, STM32H7R3I8K6, STM32H7R3I8T6, STM32H7R3L8H6, STM32H7R3L8H6H, STM32H7R3R8V6, STM32H7R3V8H6, STM32H7R3V8T6, STM32H7R3V8Y6TR, STM32H7R3Z8J6, STM32H7R3Z8T6, STM32H7R7A8I6, STM32H7R7I8K6, STM32H7R7I8T6, STM32H7R7L8H6, STM32H7R7L8H6H, STM32H7R7Z8J6, STM32H7S3A8I6, STM32H7S3I8K6, STM32H7S3I8T6, STM32H7S3L8H6, STM32H7S3L8H6H, STM32H7S3R8V6, STM32H7S3V8H6, STM32H7S3V8T6, STM32H7S3V8Y6TR, STM32H7S3Z8J6, STM32H7S3Z8T6, STM32H7S78-DK, STM32H7S7A8I6, STM32H7S7I8K6, STM32H7S7I8T6, STM32H7S7L8H6, STM32H7S7L8H6H, STM32H7S7Z8J6, STM32L4R5QGI6STR, STM32MP131AAE3, STM32MP131AAF3, STM32MP131AAG3, STM32MP131CAE3, STM32MP131CAF3, STM32MP131CAG3, STM32MP131DAE7, STM32MP131DAF7, STM32MP131DAG7, STM32MP131FAE7, STM32MP131FAF7, STM32MP131FAG7, STM32MP133AAE3, STM32MP133AAF3, STM32MP133AAG3, STM32MP133CAE3, STM32MP133CAF3, STM32MP133CAG3, STM32MP133DAE7, STM32MP133DAF7, STM32MP133DAG7, STM32MP133FAE7, STM32MP133FAF7, STM32MP133FAG7, STM32MP135AAE3, STM32MP135AAF3, STM32MP135AAG3, STM32MP135CAE3, STM32MP135CAF3, STM32MP135CAG3, STM32MP135DAE7, STM32MP135DAF7, STM32MP135DAG7, STM32MP135F-DK, STM32MP135FAE7, STM32MP135FAF7, STM32MP135FAF7T, STM32MP135FAF7U, STM32MP135FAG7, STM32MP211AAL3, STM32MP211AAM3, STM32MP211AAN3, STM32MP211AAO3, STM32MP211CAL3, STM32MP211CAM3, STM32MP211CAN3, STM32MP211CAO3, STM32MP211DAL3, STM32MP211DAM3, STM32MP211DAN3, STM32MP211DAO3, STM32MP211FAL3, STM32MP211FAM3, STM32MP211FAN3, STM32MP211FAO3, STM32MP213AAL3, STM32MP213AAM3, STM32MP213AAN3, STM32MP213AAO3, STM32MP213CAL3, STM32MP213CAM3, STM32MP213CAN3, STM32MP213CAO3, STM32MP213DAL3, STM32MP213DAM3, STM32MP213DAN3, STM32MP213DAO3, STM32MP213FAL3, STM32MP213FAM3, STM32MP213FAN3, STM32MP213FAO3, STM32MP215AAL3, STM32MP215AAM3, STM32MP215AAN3, STM32MP215AAO3, STM32MP215CAL3, STM32MP215CAM3, STM32MP215CAN3, STM32MP215CAO3, STM32MP215DAL3, STM32MP215DAM3, STM32MP215DAN3, STM32MP215DAO3, STM32MP215F-DK, STM32MP215FAL3, STM32MP215FAM3, STM32MP215FAN3, STM32MP215FAO3, STM32MP231AAJ3, STM32MP231AAK3, STM32MP231AAL3, STM32MP231CAJ3, STM32MP231CAK3, STM32MP231CAL3, STM32MP231DAJ3, STM32MP231DAK3, STM32MP231DAL3, STM32MP231FAJ3, STM32MP231FAK3, STM32MP231FAL3, STM32MP233AAJ3, STM32MP233AAK3, STM32MP233AAL3, STM32MP233CAJ3, STM32MP233CAK3, STM32MP233CAL3, STM32MP233DAJ3, STM32MP233DAK3, STM32MP233DAL3, STM32MP233FAJ3, STM32MP233FAK3, STM32MP233FAL3, STM32MP235AAJ3, STM32MP235AAK3, STM32MP235AAL3, STM32MP235CAJ3, STM32MP235CAK3, STM32MP235CAL3, STM32MP235DAJ3, STM32MP235DAK3, STM32MP235DAL3, STM32MP235FAJ3, STM32MP235FAK3, STM32MP235FAL3, STM32MP251AAI3, STM32MP251AAK3, STM32MP251AAL3, STM32MP251CAI3, STM32MP251CAK3, STM32MP251CAL3, STM32MP251DAI3, STM32MP251DAK3, STM32MP251DAL3, STM32MP251FAI3, STM32MP251FAK3, STM32MP251FAL3, STM32MP253AAI3, STM32MP253AAK3, STM32MP253AAL3, STM32MP253CAI3, STM32MP253CAK3, STM32MP253CAL3, STM32MP253DAI3, STM32MP253DAK3, STM32MP253DAL3, STM32MP253FAI3, STM32MP253FAK3, STM32MP253FAL3, STM32MP255AAI3, STM32MP255AAK3, STM32MP255AAL3, STM32MP255CAI3, STM32MP255CAK3, STM32MP255CAL3, STM32MP255DAI3, STM32MP255DAK3, STM32MP255DAL3, STM32MP255FAI3, STM32MP255FAK3, STM32MP255FAL3, STM32MP257AAI3, STM32MP257AAK3, STM32MP257AAL3, STM32MP257CAI3, STM32MP257CAK3, STM32MP257CAL3, STM32MP257DAI3, STM32MP257DAK3, STM32MP257DAL3, STM32MP257F-DK, STM32MP257F-EV1, STM32MP257FAI3, STM32MP257FAK3, STM32MP257FAL3, STM32N645A0H3Q, STM32N645B0H3Q, STM32N645I0H3Q, STM32N645L0H3Q, STM32N645X0H3Q, STM32N645Z0H3Q, STM32N647A0H3Q, STM32N647B0H3Q, STM32N647I0H3Q, STM32N647L0H3Q, STM32N647X0H3Q, STM32N647Z0H3Q, STM32N655A0H3Q, STM32N655B0H3Q, STM32N655I0H3Q, STM32N655L0H3Q, STM32N655X0H3Q, STM32N655Z0H3Q, STM32N6570-DK, STM32N657A0H3Q, STM32N657B0H3Q, STM32N657I0H3Q, STM32N657L0H3Q, STM32N657X0H3Q, STM32N657Z0H3Q, STM32U031C6T6, STM32U031C6U6, STM32U031C8T6, STM32U031C8U6, STM32U031F4P6, STM32U031F6P6, STM32U031F8P6, STM32U031G6Y6TR, STM32U031G8Y6TR, STM32U031K4U6, STM32U031K6U6, STM32U031K8U6, STM32U031R6I6, STM32U031R6T6, STM32U031R8I6, STM32U031R8T6, STM32U073C8T6, STM32U073C8U6, STM32U073CBT6, STM32U073CBU6, STM32U073CCT6, STM32U073CCU6, STM32U073H8Y6TR, STM32U073HBY6TR, STM32U073HCY6TR, STM32U073K8U6, STM32U073KBU6, STM32U073KCU6, STM32U073M8I6, STM32U073M8T6, STM32U073MBI6, STM32U073MBT6, STM32U073MCI6, STM32U073MCT6, STM32U073R8I6, STM32U073R8T6, STM32U073RBI6, STM32U073RBT6, STM32U073RCI6, STM32U073RCT6, STM32U083C-DK, STM32U083CCT6, STM32U083CCU6, STM32U083HCY6TR, STM32U083KCU6, STM32U083MCI6, STM32U083MCT6, STM32U083RCI6, STM32U083RCT6, STM32U375CET6, STM32U375CET6Q, STM32U375CEU6, STM32U375CEU6Q, STM32U375CEY6QTR, STM32U375CGT6, STM32U375CGT6Q, STM32U375CGU6, STM32U375CGU6Q, STM32U375CGY6QTR, STM32U375KEU6, STM32U375KGU6, STM32U375REI6, STM32U375REI6Q, STM32U375RET6, STM32U375RET6Q, STM32U375REY6GTR, STM32U375REY6QTR, STM32U375RGI6, STM32U375RGI6Q, STM32U375RGT6, STM32U375RGT6Q, STM32U375RGY6GTR, STM32U375RGY6QTR, STM32U375VEI6, STM32U375VEI6Q, STM32U375VET6, STM32U375VET6Q, STM32U375VGI6, STM32U375VGI6Q, STM32U375VGT6, STM32U375VGT6Q, STM32U385CGT6, STM32U385CGT6Q, STM32U385CGU6, STM32U385CGU6Q, STM32U385CGY6QTR, STM32U385KGU6, STM32U385RGI6, STM32U385RGI6Q, STM32U385RGT6, STM32U385RGT6Q, STM32U385RGY6GTR, STM32U385RGY6QTR, STM32U385VGI6, STM32U385VGI6Q, STM32U385VGT6, STM32U385VGT6Q, STM32U535CBT6, STM32U535CBT6Q, STM32U535CBU6, STM32U535CBU6Q, STM32U535CCT6, STM32U535CCT6Q, STM32U535CCU6, STM32U535CCU6Q, STM32U535CET6, STM32U535CET6Q, STM32U535CEU6, STM32U535CEU6Q, STM32U535JEY6QTR, STM32U535NCY6QTR, STM32U535NEY6QTR, STM32U535RBI6, STM32U535RBI6Q, STM32U535RBT6, STM32U535RBT6Q, STM32U535RCI6, STM32U535RCI6Q, STM32U535RCT6, STM32U535RCT6Q, STM32U535REI6, STM32U535REI6Q, STM32U535RET6, STM32U535RET6Q, STM32U535VCI6, STM32U535VCI6Q, STM32U535VCT6, STM32U535VCT6Q, STM32U535VEI6, STM32U535VEI6Q, STM32U535VET6, STM32U535VET6Q, STM32U545CET6, STM32U545CET6Q, STM32U545CEU6, STM32U545CEU6Q, STM32U545JEY6QTR, STM32U545NEY6QTR, STM32U545REI6, STM32U545REI6Q, STM32U545RET6, STM32U545RET6Q, STM32U545VEI6, STM32U545VEI6Q, STM32U545VET6, STM32U545VET6Q, STM32U595AIH6, STM32U595AIH6Q, STM32U595AJH6, STM32U595AJH6Q, STM32U595QII6, STM32U595QII6Q, STM32U595QJI6, STM32U595QJI6Q, STM32U595RIT6, STM32U595RIT6Q, STM32U595RJT6, STM32U595RJT6Q, STM32U595VIT6, STM32U595VIT6Q, STM32U595VJT6, STM32U595VJT6Q, STM32U595ZIT6, STM32U595ZIT6Q, STM32U595ZIY6QTR, STM32U595ZJT6, STM32U595ZJT6Q, STM32U595ZJY6QTR, STM32U599BJY6QTR, STM32U599NIH6Q, STM32U599NJH6Q, STM32U599VIT6Q, STM32U599VJT6, STM32U599VJT6Q, STM32U599ZIT6Q, STM32U599ZIY6QTR, STM32U599ZJT6Q, STM32U599ZJY6QTR, STM32U5A5AJH6, STM32U5A5AJH6Q, STM32U5A5QII3Q , STM32U5A5QJI6, STM32U5A5QJI6Q, STM32U5A5RJT6, STM32U5A5RJT6Q, STM32U5A5VJT6, STM32U5A5VJT6Q, STM32U5A5ZJT6, STM32U5A5ZJT6Q, STM32U5A5ZJY6QTR, STM32U5A9BJY6QTR, STM32U5A9J-DK, STM32U5A9NJH6Q, STM32U5A9VJT6Q, STM32U5A9ZJT6Q, STM32U5A9ZJY6QTR, STM32U5F7VIT6, STM32U5F7VIT6Q, STM32U5F7VJT6, STM32U5F7VJT6Q, STM32U5F9BJY6QTR, STM32U5F9NJH6Q, STM32U5F9VIT6Q, STM32U5F9VJT6Q, STM32U5F9ZIJ6QTR, STM32U5F9ZIT6Q, STM32U5F9ZJJ6QTR, STM32U5F9ZJT6Q, STM32U5G7VJT6, STM32U5G7VJT6Q, STM32U5G9BJY6QTR, STM32U5G9J-DK1, STM32U5G9J-DK2, STM32U5G9NJH6Q, STM32U5G9VJT6Q, STM32U5G9ZJJ6QTR, STM32U5G9ZJT6Q, STM32WB05KZV6TR, STM32WB05KZV7TR, STM32WB05TZF6TR, STM32WB05TZF7TR, STM32WB06CCF6TR, STM32WB06CCF7TR, STM32WB06CCV6TR, STM32WB06CCV7TR, STM32WB06KCV6TR, STM32WB06KCV7TR, STM32WB07CCF6TR, STM32WB07CCF7TR, STM32WB07CCV6TR, STM32WB07CCV7TR, STM32WB07KCV6TR, STM32WB07KCV7TR, STM32WB09KEV6TR, STM32WB09KEV7TR, STM32WB09TEF6TR, STM32WB09TEF7TR, STM32WB1MMCH6, STM32WBA50KGU6, STM32WBA50KGU6TR, STM32WBA52CEU6, STM32WBA52CEU6TR, STM32WBA52CEU7, STM32WBA52CEU7TR, STM32WBA52CGU6, STM32WBA52CGU6TR, STM32WBA52CGU6U, STM32WBA52CGU7, STM32WBA52CGU7TR, STM32WBA52KEU6, STM32WBA52KEU6TR, STM32WBA52KGU6, STM32WBA52KGU6TR, STM32WBA54CEU6, STM32WBA54CEU6TR, STM32WBA54CEU7, STM32WBA54CEU7TR, STM32WBA54CGU6, STM32WBA54CGU6TR, STM32WBA54CGU7, STM32WBA54CGU7TR, STM32WBA54KEU6, STM32WBA54KEU6TR, STM32WBA54KEU7, STM32WBA54KEU7TR, STM32WBA54KGU6, STM32WBA54KGU6TR, STM32WBA54KGU7, STM32WBA54KGU7TR, STM32WBA55CEU6, STM32WBA55CEU6TR, STM32WBA55CEU7, STM32WBA55CEU7TR, STM32WBA55CGU6, STM32WBA55CGU6TR, STM32WBA55CGU6U, STM32WBA55CGU7, STM32WBA55CGU7TR, STM32WBA55G-DK1, STM32WBA55HEF6, STM32WBA55HEF7, STM32WBA55HGF6, STM32WBA55HGF7, STM32WBA55UEI6, STM32WBA55UEI6TR, STM32WBA55UEI7, STM32WBA55UEI7TR, STM32WBA55UGI6, STM32WBA55UGI6TR, STM32WBA55UGI7, STM32WBA55UGI7TR, STM32WBA5MMGH6TR, STM32WBA62MGF6, STM32WBA62MIF6, STM32WBA65MGF7, STM32WBA65MIF6, STM32WBA65MIF7, STM32WL30K8V6, STM32WL30KBV6, STM32WL31C8V6, STM32WL31CBV6, STM32WL31K8V6, STM32WL31KBV6, STM32WL33C8V6, STM32WL33C8V6X, STM32WL33CBV6, STM32WL33CBV6X, STM32WL33CCV6, STM32WL33CCV6A, STM32WL33CCV6X, STM32WL33K8V7, STM32WL33K8V7X, STM32WL33KBV7 , STM32WL33KBV7X, STM32WL33KCV7, STM32WL33KCV7X, STM32WL5MOCH6, STM32WL5MOCH6TR]
2026-08-28 09:33:03,424 [INFO] DbMcus:218 - Found 5314 MCUs, 5126 are supported
2026-08-28 09:33:03,425 [INFO] ApiDb:423 - Load user favorites file C:\Users\student/.stm32cubeide/favorites.mcus.txt: 0 item(s)
2026-08-28 09:33:03,425 [INFO] ApiDb:427 - User favorites MCUs=[]
2026-08-28 09:33:03,425 [INFO] DbMcus:224 - Set 0 / 0 favorites MCUs
2026-08-28 09:33:04,500 [INFO] BoardInfo:889 - No configuration file found for board NUCLEO-H553ZG
2026-08-28 09:33:04,502 [INFO] DbBoards:161 - Board is not supported: NUCLEO-H553ZG
2026-08-28 09:33:04,506 [INFO] BoardInfo:889 - No configuration file found for board NUCLEO-H5E5ZJ
2026-08-28 09:33:04,508 [INFO] DbBoards:161 - Board is not supported: NUCLEO-H5E5ZJ
2026-08-28 09:33:04,614 [INFO] BoardInfo:889 - No configuration file found for board NUCLEO-U3C5ZI-Q
2026-08-28 09:33:04,616 [INFO] DbBoards:161 - Board is not supported: NUCLEO-U3C5ZI-Q
2026-08-28 09:33:04,639 [INFO] BoardInfo:889 - No configuration file found for board NUCLEO-WBA25CE1
2026-08-28 09:33:04,641 [INFO] DbBoards:161 - Board is not supported: NUCLEO-WBA25CE1
2026-08-28 09:33:04,656 [INFO] BoardInfo:889 - No configuration file found for board NUCLEO-WL3RKB1
2026-08-28 09:33:04,658 [INFO] DbBoards:161 - Board is not supported: NUCLEO-WL3RKB1
2026-08-28 09:33:04,660 [INFO] BoardInfo:889 - No configuration file found for board NUCLEO-WL3RKB2
2026-08-28 09:33:04,662 [INFO] DbBoards:161 - Board is not supported: NUCLEO-WL3RKB2
2026-08-28 09:33:04,674 [INFO] BoardInfo:889 - No configuration file found for board P-NUCLEO-WB55
2026-08-28 09:33:04,676 [INFO] DbBoards:161 - Kit is not supported: P-NUCLEO-WB55
2026-08-28 09:33:04,686 [INFO] BoardInfo:889 - No configuration file found for board STEVAL-BFA001V1B
2026-08-28 09:33:04,688 [INFO] DbBoards:161 - Kit is not supported: STEVAL-BFA001V1B
2026-08-28 09:33:04,689 [INFO] BoardInfo:889 - No configuration file found for board STEVAL-BFA001V2B
2026-08-28 09:33:04,691 [INFO] DbBoards:161 - Kit is not supported: STEVAL-BFA001V2B
2026-08-28 09:33:04,862 [INFO] BoardInfo:889 - No configuration file found for board STM32H5F5J-DK
2026-08-28 09:33:04,863 [INFO] DbBoards:161 - Board is not supported: STM32H5F5J-DK
2026-08-28 09:33:05,002 [INFO] DbBoards:168 - Found 219 boards, 209 are supported
2026-08-28 09:33:05,002 [INFO] DbBoards:169 - Found 219 boards, 43 of them is supported for  Bsp
2026-08-28 09:33:05,004 [INFO] ApiDb:423 - Load user favorites file C:\Users\student/.stm32cubeide/favorites.boards.txt: 0 item(s)
2026-08-28 09:33:05,004 [INFO] ApiDb:427 - User favorites Boards=[]
2026-08-28 09:33:05,004 [INFO] DbBoards:198 - Set 0 / 0 favorites Boards
2026-08-28 09:33:05,093 [INFO] UtilMem:75 - End LoadConfig() Used Memory: 202149376 Bytes (337641472)
2026-08-28 09:33:07,946 [WARN] ThirdParty:833 - waiting for thirdparty lock release [change project]
2026-08-28 09:33:07,947 [INFO] ThirdParty:835 - entering critical section [change project]
2026-08-28 09:33:07,947 [INFO] ThirdParty:1030 - CMSIS Pack Vendor :STMicroelectronics X-CUBE-AZRTOS-H7 3.5.0
2026-08-28 09:33:07,947 [INFO] ThirdParty:1030 - CMSIS Pack Vendor :STMicroelectronics X-CUBE-PM33A1 1.0.0
2026-08-28 09:33:07,948 [INFO] ThirdParty:1030 - CMSIS Pack Vendor :STMicroelectronics USBPD 4.1
2026-08-28 09:33:07,948 [INFO] ThirdParty:1030 - CMSIS Pack Vendor :STMicroelectronics X-CUBE-NFC9 1.0.0
2026-08-28 09:33:07,948 [INFO] ThirdParty:1030 - CMSIS Pack Vendor :STMicroelectronics USB_HOST 2.0.0
2026-08-28 09:33:07,948 [INFO] ThirdParty:1030 - CMSIS Pack Vendor :STMicroelectronics FP-ATR-ASTRA1 2.0.3
2026-08-28 09:33:07,948 [INFO] ThirdParty:1030 - CMSIS Pack Vendor :STMicroelectronics X-CUBE-AZRTOS-F4 1.1.0
2026-08-28 09:33:07,948 [INFO] ThirdParty:1030 - CMSIS Pack Vendor :STMicroelectronics LIBJPEG 8.0.0
2026-08-28 09:33:07,949 [INFO] ThirdParty:1030 - CMSIS Pack Vendor :STMicroelectronics X-CUBE-BLE1 7.1.0
2026-08-28 09:33:07,949 [INFO] ThirdParty:1030 - CMSIS Pack Vendor :wolfSSL I-CUBE-wolfMQTT 1.19.2
2026-08-28 09:33:07,949 [INFO] ThirdParty:1030 - CMSIS Pack Vendor :STMicroelectronics USB_DEVICE 3.0.0
2026-08-28 09:33:07,949 [INFO] ThirdParty:1030 - CMSIS Pack Vendor :STMicroelectronics X-CUBE-ISPU 2.1.0
2026-08-28 09:33:07,950 [INFO] ThirdParty:1030 - CMSIS Pack Vendor :STMicroelectronics X-CUBE-EEPRMA1 5.2.0
2026-08-28 09:33:07,950 [INFO] ThirdParty:1030 - CMSIS Pack Vendor :STMicroelectronics X-CUBE-IPS 3.2.0
2026-08-28 09:33:07,950 [INFO] ThirdParty:1030 - CMSIS Pack Vendor :STMicroelectronics eDS-WB_DPC_TT-BIDIR 2.1.1
2026-08-28 09:33:07,950 [INFO] ThirdParty:1030 - CMSIS Pack Vendor :STMicroelectronics X-CUBE-AZRTOS-WB 2.0.0
2026-08-28 09:33:07,950 [INFO] ThirdParty:1030 - CMSIS Pack Vendor :STMicroelectronics X-CUBE-NFC12 1.0.0
2026-08-28 09:33:07,951 [INFO] ThirdParty:1030 - CMSIS Pack Vendor :STMicroelectronics X-CUBE-AZRTOS-F7 1.1.0
2026-08-28 09:33:07,951 [INFO] ThirdParty:1030 - CMSIS Pack Vendor :STMicroelectronics X-CUBE-AZRTOS-L5 2.0.0
2026-08-28 09:33:07,951 [INFO] ThirdParty:1030 - CMSIS Pack Vendor :STMicroelectronics USB_DEVICE 2.0.0
2026-08-28 09:33:07,951 [INFO] ThirdParty:1030 - CMSIS Pack Vendor :STMicroelectronics X-CUBE-FREERTOS 1.6.0
2026-08-28 09:33:07,951 [INFO] ThirdParty:1030 - CMSIS Pack Vendor :STMicroelectronics FP-SNS-STAIOTCFT 1.1.0
2026-08-28 09:33:07,951 [INFO] ThirdParty:1030 - CMSIS Pack Vendor :quantropi X-CUBE-qispace-sdk-base 2.1.0
2026-08-28 09:33:07,952 [INFO] ThirdParty:1030 - CMSIS Pack Vendor :STMicroelectronics X-CUBE-STSE01 2.0.0
2026-08-28 09:33:07,952 [INFO] ThirdParty:1030 - CMSIS Pack Vendor :STMicroelectronics X-CUBE-ALGOBUILD 1.5.0
2026-08-28 09:33:07,952 [INFO] ThirdParty:1030 - CMSIS Pack Vendor :STMicroelectronics FP-SNS-MOTENV1 5.1.0
2026-08-28 09:33:07,952 [INFO] ThirdParty:1030 - CMSIS Pack Vendor :STMicroelectronics FreeRTOS 0.0.1
2026-08-28 09:33:07,952 [INFO] ThirdParty:1030 - CMSIS Pack Vendor :STMicroelectronics X-CUBE-AZRTOS-H7RS 1.3.0
2026-08-28 09:33:07,952 [INFO] ThirdParty:1030 - CMSIS Pack Vendor :STMicroelectronics X-CUBE-AZRTOS-G0 1.1.0
2026-08-28 09:33:07,953 [INFO] ThirdParty:1030 - CMSIS Pack Vendor :STMicroelectronics X-CUBE-NFC4 3.0.0
2026-08-28 09:33:07,953 [INFO] ThirdParty:1030 - CMSIS Pack Vendor :STMicroelectronics X-CUBE-SUBG2 5.0.0
2026-08-28 09:33:07,953 [INFO] ThirdParty:1030 - CMSIS Pack Vendor :STMicroelectronics STM32_WPAN 1.0.0
2026-08-28 09:33:07,953 [INFO] ThirdParty:1030 - CMSIS Pack Vendor :STMicroelectronics eDS-WB_DPC_VIENNA 1.2.0
2026-08-28 09:33:07,953 [INFO] ThirdParty:1030 - CMSIS Pack Vendor :EmbeddedOffice I-CUBE-FS-RTOS 1.0.1
2026-08-28 09:33:07,953 [INFO] ThirdParty:1030 - CMSIS Pack Vendor :STMicroelectronics lwIP 2.0.3
2026-08-28 09:33:07,954 [INFO] ThirdParty:1030 - CMSIS Pack Vendor :WES I-CUBE-Cesium 1.4.0
2026-08-28 09:33:07,954 [INFO] ThirdParty:1030 - CMSIS Pack Vendor :STMicroelectronics X-CUBE-MEMS1 13.0.0
2026-08-28 09:33:07,954 [INFO] ThirdParty:1030 - CMSIS Pack Vendor :STMicroelectronics eDS-WB_DPC_3PH2L-BIDIR 1.1.1
2026-08-28 09:33:07,954 [INFO] ThirdParty:1030 - CMSIS Pack Vendor :STMicroelectronics USB_HOST 1.0.0
2026-08-28 09:33:07,954 [INFO] ThirdParty:1030 - CMSIS Pack Vendor :STMicroelectronics X-CUBE-AZRTOS-G4 2.0.0
2026-08-28 09:33:07,954 [INFO] ThirdParty:1030 - CMSIS Pack Vendor :STMicroelectronics PDM2PCM 3.1.0
2026-08-28 09:33:07,955 [INFO] ThirdParty:1030 - CMSIS Pack Vendor :STMicroelectronics PDM2PCM 3.3.0
2026-08-28 09:33:07,955 [INFO] ThirdParty:1030 - CMSIS Pack Vendor :wolfSSL I-CUBE-wolfTPM 3.8.0
2026-08-28 09:33:07,955 [INFO] ThirdParty:1030 - CMSIS Pack Vendor :STMicroelectronics X-CUBE-DISPLAY 3.0.0
2026-08-28 09:33:07,955 [INFO] ThirdParty:1030 - CMSIS Pack Vendor :wolfSSL I-CUBE-wolfSSH 1.4.20
2026-08-28 09:33:07,955 [INFO] ThirdParty:1030 - CMSIS Pack Vendor :STMicroelectronics X-CUBE-NFC7 2.0.0
2026-08-28 09:33:07,955 [INFO] ThirdParty:1030 - CMSIS Pack Vendor :STMicroelectronics X-CUBE-GNSS1 7.1.1
2026-08-28 09:33:07,956 [INFO] ThirdParty:1030 - CMSIS Pack Vendor :STMicroelectronics FP-SNS-MOTENVWB1 1.5.0
2026-08-28 09:33:07,956 [INFO] ThirdParty:1030 - CMSIS Pack Vendor :STMicroelectronics X-CUBE-TCPP 4.2.0
2026-08-28 09:33:07,956 [INFO] ThirdParty:1030 - CMSIS Pack Vendor :RealThread X-CUBE-RT-Thread_Nano 4.1.1
2026-08-28 09:33:07,956 [INFO] ThirdParty:1030 - CMSIS Pack Vendor :STMicroelectronics FP-ATR-SIGFOX1 3.2.0
2026-08-28 09:33:07,956 [INFO] ThirdParty:1030 - CMSIS Pack Vendor :STMicroelectronics X-CUBE-NFC10 1.0.0
2026-08-28 09:33:07,957 [INFO] ThirdParty:1030 - CMSIS Pack Vendor :STMicroelectronics HAL Drivers 0.0.0
2026-08-28 09:33:07,957 [INFO] ThirdParty:1030 - CMSIS Pack Vendor :STMicroelectronics MBEDTLS 2.16.2
2026-08-28 09:33:07,957 [INFO] ThirdParty:1030 - CMSIS Pack Vendor :STMicroelectronics X-CUBE-ST60 1.1.0
2026-08-28 09:33:07,957 [INFO] ThirdParty:1030 - CMSIS Pack Vendor :STMicroelectronics X-CUBE-ALS 1.0.2
2026-08-28 09:33:07,957 [INFO] ThirdParty:1030 - CMSIS Pack Vendor :emotas I-CUBE-CANOPEN 1.3.0
2026-08-28 09:33:07,957 [INFO] ThirdParty:1030 - CMSIS Pack Vendor :wolfSSL I-CUBE-wolfSSL 5.9.2
2026-08-28 09:33:07,958 [INFO] ThirdParty:1030 - CMSIS Pack Vendor :STMicroelectronics MBEDTLS 2.14.1
2026-08-28 09:33:07,958 [INFO] ThirdParty:1030 - CMSIS Pack Vendor :ITTIA_DB I-CUBE-ITTIADB 8.9.0
2026-08-28 09:33:07,958 [INFO] ThirdParty:1030 - CMSIS Pack Vendor :Cesanta I-CUBE-Mongoose 7.21.7
2026-08-28 09:33:07,958 [INFO] ThirdParty:1030 - CMSIS Pack Vendor :STMicroelectronics X-CUBE-TOUCHGFX 4.26.1
2026-08-28 09:33:07,958 [INFO] ThirdParty:1030 - CMSIS Pack Vendor :STMicroelectronics X-CUBE-NFC6 3.2.0
2026-08-28 09:33:07,958 [INFO] ThirdParty:1030 - CMSIS Pack Vendor :STMicroelectronics FP-SNS-STBOX1 2.1.0
2026-08-28 09:33:07,959 [INFO] ThirdParty:1030 - CMSIS Pack Vendor :STMicroelectronics X-CUBE-AI 10.2.1
2026-08-28 09:33:07,959 [INFO] ThirdParty:1030 - CMSIS Pack Vendor :STMicroelectronics ThreadX 1.0.0
2026-08-28 09:33:07,959 [INFO] ThirdParty:1030 - CMSIS Pack Vendor :STMicroelectronics FP-SNS-SMARTAG2 1.2.0
2026-08-28 09:33:07,959 [INFO] ThirdParty:1030 - CMSIS Pack Vendor :STMicroelectronics FP-SNS-FLIGHT1 5.1.0
2026-08-28 09:33:07,959 [INFO] ThirdParty:1030 - CMSIS Pack Vendor :STMicroelectronics X-CUBE-AZRTOS-WL 2.0.0
2026-08-28 09:33:07,959 [INFO] ThirdParty:1030 - CMSIS Pack Vendor :SEGGER I-CUBE-embOS 1.3.1
2026-08-28 09:33:07,960 [INFO] ThirdParty:1030 - CMSIS Pack Vendor :STMicroelectronics X-CUBE-DPower 1.3.0
2026-08-28 09:33:07,960 [INFO] ThirdParty:1030 - CMSIS Pack Vendor :STMicroelectronics USB_DEVICE 1.0.0
2026-08-28 09:33:07,960 [INFO] ThirdParty:1030 - CMSIS Pack Vendor :STMicroelectronics X-CUBE-AZRTOS-L4 2.0.0
2026-08-28 09:33:07,961 [INFO] ThirdParty:1030 - CMSIS Pack Vendor :STMicroelectronics ThreadX 0.0.2
2026-08-28 09:33:07,961 [INFO] ThirdParty:1030 - CMSIS Pack Vendor :STMicroelectronics lwIP 2.1.2
2026-08-28 09:33:07,962 [INFO] ThirdParty:1030 - CMSIS Pack Vendor :STMicroelectronics X-CUBE-SFXS2LP1 4.0.0
2026-08-28 09:33:07,962 [INFO] ThirdParty:1030 - CMSIS Pack Vendor :STMicroelectronics X-CUBE-BLE2 3.3.0
2026-08-28 09:33:07,962 [INFO] ThirdParty:1030 - CMSIS Pack Vendor :STMicroelectronics X-CUBE-TOF1 3.4.3
2026-08-28 09:33:07,963 [INFO] ThirdParty:1030 - CMSIS Pack Vendor :Infineon AIROC-Wi-Fi-Bluetooth-STM32 1.8.0
2026-08-28 09:33:07,963 [INFO] ThirdParty:1030 - CMSIS Pack Vendor :STMicroelectronics X-CUBE-NFC13 1.0.0
2026-08-28 09:33:07,963 [INFO] ThirdParty:1030 - CMSIS Pack Vendor :STMicroelectronics PDM2PCM 3.2.0
2026-08-28 09:33:07,963 [INFO] ThirdParty:1030 - CMSIS Pack Vendor :STMicroelectronics X-CUBE-WB05N 2.1.0
2026-08-28 09:33:07,964 [INFO] ThirdParty:841 - exiting critical section [change project]
2026-08-28 09:33:09,353 [INFO] PinOutPanel:1589 - setPackage(No Configuration,No Configuration)
2026-08-28 09:33:09,354 [INFO] PinOutPanel:1589 - setPackage(STM32L4S5VITx,LQFP100)
2026-08-28 09:33:10,803 [INFO] UtilMem:75 - Before build in PCC Used Memory: 279700984 Bytes (398458880)
2026-08-28 09:33:20,443 [INFO] UtilMem:75 - After build in PCC Used Memory: 397637232 Bytes (412090368)
2026-08-28 09:33:20,480 [INFO] IPUIPlugin:80 - create IPUIPlugin
2026-08-28 09:33:20,480 [INFO] IPUIPlugin:80 - create IPUIPlugin
2026-08-28 09:33:20,480 [INFO] IPUIPlugin:80 - create IPUIPlugin
2026-08-28 09:33:20,480 [INFO] IPUIPlugin:80 - create IPUIPlugin
2026-08-28 09:33:20,480 [INFO] IPUIPlugin:80 - create IPUIPlugin
2026-08-28 09:33:20,480 [INFO] IPUIPlugin:80 - create IPUIPlugin
2026-08-28 09:33:20,480 [INFO] IPUIPlugin:80 - create IPUIPlugin
2026-08-28 09:33:20,480 [INFO] IPUIPlugin:80 - create IPUIPlugin
2026-08-28 09:33:20,480 [INFO] IPUIPlugin:80 - create IPUIPlugin
2026-08-28 09:33:20,481 [INFO] IPUIPlugin:80 - create IPUIPlugin
2026-08-28 09:33:20,481 [INFO] IPUIPlugin:80 - create IPUIPlugin
2026-08-28 09:33:20,481 [INFO] IPUIPlugin:80 - create IPUIPlugin
2026-08-28 09:33:20,481 [INFO] IPUIPlugin:80 - create IPUIPlugin
2026-08-28 09:33:20,482 [INFO] IPUIPlugin:80 - create IPUIPlugin
2026-08-28 09:33:20,482 [INFO] IPUIPlugin:80 - create IPUIPlugin
2026-08-28 09:33:20,482 [INFO] IPUIPlugin:80 - create IPUIPlugin
2026-08-28 09:33:20,482 [INFO] IPUIPlugin:80 - create IPUIPlugin
2026-08-28 09:33:20,482 [INFO] IPUIPlugin:80 - create IPUIPlugin
2026-08-28 09:33:20,483 [INFO] IPUIPlugin:80 - create IPUIPlugin
2026-08-28 09:33:20,483 [INFO] IPUIPlugin:80 - create IPUIPlugin
2026-08-28 09:33:20,483 [INFO] IPUIPlugin:80 - create IPUIPlugin
2026-08-28 09:33:20,495 [INFO] IPUIPlugin:80 - create IPUIPlugin
2026-08-28 09:33:20,495 [INFO] IPUIPlugin:80 - create IPUIPlugin
2026-08-28 09:33:20,497 [INFO] IPUIPlugin:80 - create IPUIPlugin
2026-08-28 09:33:20,498 [INFO] IPUIPlugin:80 - create IPUIPlugin
2026-08-28 09:33:20,498 [INFO] IPUIPlugin:80 - create IPUIPlugin
2026-08-28 09:33:20,499 [INFO] IPUIPlugin:80 - create IPUIPlugin
2026-08-28 09:33:20,499 [INFO] IPUIPlugin:80 - create IPUIPlugin
2026-08-28 09:33:20,500 [INFO] IPUIPlugin:80 - create IPUIPlugin
2026-08-28 09:33:20,500 [INFO] IPUIPlugin:80 - create IPUIPlugin
2026-08-28 09:33:20,500 [INFO] IPUIPlugin:80 - create IPUIPlugin
2026-08-28 09:33:20,501 [INFO] IPUIPlugin:80 - create IPUIPlugin
2026-08-28 09:33:20,501 [INFO] IPUIPlugin:80 - create IPUIPlugin
2026-08-28 09:33:20,501 [INFO] IPUIPlugin:80 - create IPUIPlugin
2026-08-28 09:33:20,501 [INFO] IPUIPlugin:80 - create IPUIPlugin
2026-08-28 09:33:20,502 [INFO] IPUIPlugin:80 - create IPUIPlugin
2026-08-28 09:33:20,502 [INFO] IPUIPlugin:80 - create IPUIPlugin
2026-08-28 09:33:20,502 [INFO] IPUIPlugin:80 - create IPUIPlugin
2026-08-28 09:33:20,502 [INFO] IPUIPlugin:80 - create IPUIPlugin
2026-08-28 09:33:20,503 [INFO] IPUIPlugin:80 - create IPUIPlugin
2026-08-28 09:33:20,503 [INFO] IPUIPlugin:80 - create IPUIPlugin
2026-08-28 09:33:20,503 [INFO] IPUIPlugin:80 - create IPUIPlugin
2026-08-28 09:33:20,503 [INFO] IPUIPlugin:80 - create IPUIPlugin
2026-08-28 09:33:20,503 [INFO] IPUIPlugin:80 - create IPUIPlugin
2026-08-28 09:33:20,504 [INFO] IPUIPlugin:80 - create IPUIPlugin
2026-08-28 09:33:20,504 [INFO] IPUIPlugin:80 - create IPUIPlugin
2026-08-28 09:33:20,504 [INFO] IPUIPlugin:80 - create IPUIPlugin
2026-08-28 09:33:20,504 [INFO] IPUIPlugin:80 - create IPUIPlugin
2026-08-28 09:33:20,505 [INFO] IPUIPlugin:80 - create IPUIPlugin
2026-08-28 09:33:20,505 [INFO] IPUIPlugin:80 - create IPUIPlugin
2026-08-28 09:33:20,505 [INFO] IPUIPlugin:80 - create IPUIPlugin
2026-08-28 09:33:20,505 [INFO] IPUIPlugin:80 - create IPUIPlugin
2026-08-28 09:33:20,506 [INFO] IPUIPlugin:80 - create IPUIPlugin
2026-08-28 09:33:20,506 [INFO] IPUIPlugin:80 - create IPUIPlugin
2026-08-28 09:33:20,506 [INFO] IPUIPlugin:80 - create IPUIPlugin
2026-08-28 09:33:20,507 [INFO] IPUIPlugin:80 - create IPUIPlugin
2026-08-28 09:33:20,507 [INFO] IPUIPlugin:80 - create IPUIPlugin
2026-08-28 09:33:20,507 [INFO] IPUIPlugin:80 - create IPUIPlugin
2026-08-28 09:33:20,507 [INFO] IPUIPlugin:80 - create IPUIPlugin
2026-08-28 09:33:20,508 [INFO] IPUIPlugin:80 - create IPUIPlugin
2026-08-28 09:33:20,508 [INFO] IPUIPlugin:80 - create IPUIPlugin
2026-08-28 09:33:20,508 [INFO] IPUIPlugin:80 - create IPUIPlugin
2026-08-28 09:33:20,509 [INFO] IPUIPlugin:80 - create IPUIPlugin
2026-08-28 09:33:21,025 [INFO] CADModel:165 - CPN selected for project levelSTM32L4S5VIT6
2026-08-28 09:33:21,026 [INFO] CADModel:114 - Register for checkConnection events
2026-08-28 09:33:21,081 [INFO] OpenFileManager:386 - Restore cursor
2026-08-28 09:33:21,690 [WARN] IP:2250 - MaxTran not found: check if there is a RefParameter without a condition.
2026-08-28 09:33:21,690 [WARN] IP:2250 - Refresh not found: check if there is a RefParameter without a condition.
2026-08-28 09:33:21,690 [WARN] IP:2250 - MaxTran not found: check if there is a RefParameter without a condition.
2026-08-28 09:33:21,690 [WARN] IP:2250 - Refresh not found: check if there is a RefParameter without a condition.
2026-08-28 09:40:50,768 [INFO] UtilMem:75 - End SaveConfig() Used Memory: 826919936 Bytes (1073741824)
2026-08-28 09:40:53,902 [INFO] UtilMem:75 - End SaveConfig() Used Memory: 920140040 Bytes (1073741824)
2026-08-28 09:41:00,325 [INFO] LogOutputStream:77 - [STDOUT_REDIRECT] This download action requires prior login. To proceed, please use the 'login' command with your my.st.com account email and password.
2026-08-28 09:41:00,326 [INFO] LogOutputStream:77 - [STDOUT_REDIRECT] Run 'login <email> <password> <remember_me>' for example 'login john.smith@st.com mypassword y'.
2026-08-28 09:41:00,328 [INFO] LogOutputStream:77 - [STDOUT_REDIRECT] If you do not have a my.st.com account, please visit https://st.com website to create one.
2026-08-28 09:43:56,124 [ERROR] LogOutputStream:75 - [STDERR_REDIRECT] 
2026-08-28 09:44:39,160 [INFO] Activator:176 - 


2026-08-28 09:44:39,169 [INFO] Activator:177 - !SESSION log4j initialized
2026-08-28 09:44:44,674 [INFO] LogOutputStream:77 - [STDOUT_REDIRECT] 
2026-08-28 09:44:51,040 [INFO] ApplicationProperties:184 - Using Application install path: C:\ST\STM32CubeIDE_1.19.0\STM32CubeIDE\plugins\com.st.stm32cube.common.mx_6.15.0.202507011659
2026-08-28 09:44:51,125 [INFO] DbMcusXml:78 - Set database path to: C:\ST\STM32CubeIDE_1.19.0\STM32CubeIDE\plugins\com.st.stm32cube.common.mx_6.15.0.202507011659\\db\/mcu/
2026-08-28 09:44:51,126 [INFO] ApiDb:274 - Set plugin database path to: C:\ST\STM32CubeIDE_1.19.0\STM32CubeIDE\plugins\com.st.stm32cube.common.mx_6.15.0.202507011659\\db\/plugins/boardmanager/
2026-08-28 09:44:51,126 [WARN] ApiDb:259 - Overriding images path with different value:  => C:\ST\STM32CubeIDE_1.19.0\STM32CubeIDE\plugins\com.st.stm32cube.common.mx_6.15.0.202507011659\\db\/plugins/mcufinder/images/
2026-08-28 09:44:51,164 [INFO] ApiDb:250 - Set database path to: C:\Users\student\.stmcufinder\plugins\mcufinder//mcu/
2026-08-28 09:44:51,166 [INFO] DbMcusAds:125 - Set database path to: C:\Users\student\.stmcufinder\plugins\mcufinder//mcu/
2026-08-28 09:44:51,170 [INFO] CrossReferenceDbSqlite:203 - Set database path to: C:\Users\student\.stmcufinder\plugins\mcufinder//mcu/cs/
2026-08-28 09:44:51,373 [INFO] RulesReader:64 - Compatibility file has been processed (317 Rules)
2026-08-28 09:44:51,725 [INFO] DbMcusXml:78 - Set database path to: C:\ST\STM32CubeIDE_1.19.0\STM32CubeIDE\plugins\com.st.stm32cube.common.mx_6.15.0.202507011659\\db\/mcu/
2026-08-28 09:44:51,725 [INFO] ApiDb:274 - Set plugin database path to: C:\ST\STM32CubeIDE_1.19.0\STM32CubeIDE\plugins\com.st.stm32cube.common.mx_6.15.0.202507011659\\db\/plugins/boardmanager/
2026-08-28 09:44:51,726 [INFO] ApiDb:261 - Set plugin images path to: C:\ST\STM32CubeIDE_1.19.0\STM32CubeIDE\plugins\com.st.stm32cube.common.mx_6.15.0.202507011659\\db\/plugins/mcufinder/images/
2026-08-28 09:44:51,726 [WARN] DbFile:41 - Overriding database path with different value: C:\Users\student\.stmcufinder\plugins\mcufinder/ => C:\Users\student\.stmcufinder\plugins\mcufinder
2026-08-28 09:44:51,726 [INFO] ApiDb:250 - Set database path to: C:\Users\student\.stmcufinder\plugins\mcufinder//mcu/
2026-08-28 09:44:51,726 [WARN] DbFile:41 - Overriding database path with different value: C:\Users\student\.stmcufinder\plugins\mcufinder/ => C:\Users\student\.stmcufinder\plugins\mcufinder
2026-08-28 09:44:51,726 [INFO] DbMcusAds:125 - Set database path to: C:\Users\student\.stmcufinder\plugins\mcufinder//mcu/
2026-08-28 09:44:51,726 [WARN] DbFile:41 - Overriding database path with different value: C:\Users\student\.stmcufinder\plugins\mcufinder/ => C:\Users\student\.stmcufinder\plugins\mcufinder
2026-08-28 09:44:51,726 [WARN] DbFile:41 - Overriding database path with different value: C:\Users\student\.stmcufinder\plugins\mcufinder/ => C:\Users\student\.stmcufinder\plugins\mcufinder
2026-08-28 09:44:51,726 [INFO] CrossReferenceDbSqlite:203 - Set database path to: C:\Users\student\.stmcufinder\plugins\mcufinder//mcu/cs/
2026-08-28 09:44:51,978 [INFO] MainPanel:274 - HeapMemory: 268435456
2026-08-28 09:44:52,605 [INFO] DbMcusXml:78 - Set database path to: C:\ST\STM32CubeIDE_1.19.0\STM32CubeIDE\plugins\com.st.stm32cube.common.mx_6.15.0.202507011659\\db\/mcu/
2026-08-28 09:44:52,605 [INFO] ApiDb:274 - Set plugin database path to: C:\ST\STM32CubeIDE_1.19.0\STM32CubeIDE\plugins\com.st.stm32cube.common.mx_6.15.0.202507011659\\db\/plugins/boardmanager/
2026-08-28 09:44:52,605 [INFO] ApiDb:261 - Set plugin images path to: C:\ST\STM32CubeIDE_1.19.0\STM32CubeIDE\plugins\com.st.stm32cube.common.mx_6.15.0.202507011659\\db\/plugins/mcufinder/images/
2026-08-28 09:44:52,605 [WARN] DbFile:41 - Overriding database path with different value: C:\Users\student\.stmcufinder\plugins\mcufinder/ => C:\Users\student\.stmcufinder\plugins\mcufinder
2026-08-28 09:44:52,605 [INFO] ApiDb:250 - Set database path to: C:\Users\student\.stmcufinder\plugins\mcufinder//mcu/
2026-08-28 09:44:52,605 [WARN] DbFile:41 - Overriding database path with different value: C:\Users\student\.stmcufinder\plugins\mcufinder/ => C:\Users\student\.stmcufinder\plugins\mcufinder
2026-08-28 09:44:52,605 [INFO] DbMcusAds:125 - Set database path to: C:\Users\student\.stmcufinder\plugins\mcufinder//mcu/
2026-08-28 09:44:52,605 [WARN] DbFile:41 - Overriding database path with different value: C:\Users\student\.stmcufinder\plugins\mcufinder/ => C:\Users\student\.stmcufinder\plugins\mcufinder
2026-08-28 09:44:52,606 [WARN] DbFile:41 - Overriding database path with different value: C:\Users\student\.stmcufinder\plugins\mcufinder/ => C:\Users\student\.stmcufinder\plugins\mcufinder
2026-08-28 09:44:52,606 [INFO] CrossReferenceDbSqlite:203 - Set database path to: C:\Users\student\.stmcufinder\plugins\mcufinder//mcu/cs/
2026-08-28 09:44:52,677 [INFO] ApplicationProperties:184 - Using Application install path: C:\ST\STM32CubeIDE_1.19.0\STM32CubeIDE\plugins\com.st.stm32cube.common.mx_6.15.0.202507011659
2026-08-28 09:44:52,679 [INFO] PluginManage:196 - Search for loadable plugins [exclusion list=, ]
2026-08-28 09:44:52,704 [INFO] PluginManage:310 - Check plugin analytics
2026-08-28 09:44:57,467 [INFO] AnalyticsPlugin:253 - Accepted Software Licenses: 
2026-08-28 09:44:57,467 [INFO] AnalyticsPlugin:255 - Accepted CMSIS Pack Licenses: 
2026-08-28 09:44:57,467 [INFO] AnalyticsPlugin:257 - Accepted Firmware Licenses: 
2026-08-28 09:44:57,469 [INFO] PluginManage:359 - Loaded plugin analytics (category:tool,tabindex:-1)
2026-08-28 09:44:57,470 [INFO] PluginManage:310 - Check plugin cadmodel
2026-08-28 09:44:57,497 [INFO] CADModel:105 - Init CAD model plugin
2026-08-28 09:44:57,497 [INFO] PluginManage:359 - Loaded plugin cadmodel (category:power,tabindex:5)
2026-08-28 09:44:57,498 [INFO] PluginManage:310 - Check plugin clock
2026-08-28 09:44:57,512 [INFO] PluginManage:359 - Loaded plugin clock (category:base,tabindex:2)
2026-08-28 09:44:57,513 [INFO] PluginManage:310 - Check plugin ddr
2026-08-28 09:44:57,525 [INFO] PluginManage:359 - Loaded plugin ddr (category:tool,tabindex:6)
2026-08-28 09:44:57,525 [INFO] PluginManage:310 - Check plugin filemanager
2026-08-28 09:44:57,883 [INFO] PluginManage:359 - Loaded plugin filemanager (category:base,tabindex:10)
2026-08-28 09:44:57,883 [INFO] PluginManage:310 - Check plugin ipmanager
2026-08-28 09:44:57,890 [INFO] PluginManage:359 - Loaded plugin ipmanager (category:base,tabindex:5)
2026-08-28 09:44:57,891 [INFO] PluginManage:310 - Check plugin lpbam
2026-08-28 09:44:57,917 [INFO] PluginManage:359 - Loaded plugin lpbam (category:base,tabindex:0)
2026-08-28 09:44:57,917 [INFO] PluginManage:310 - Check plugin memorymap
2026-08-28 09:44:57,948 [INFO] PluginManage:359 - Loaded plugin memorymap (category:base,tabindex:4)
2026-08-28 09:44:57,948 [INFO] PluginManage:310 - Check plugin pinoutandconfiguration
2026-08-28 09:44:57,954 [INFO] PluginManage:359 - Loaded plugin pinoutandconfiguration (category:base,tabindex:1)
2026-08-28 09:44:57,954 [INFO] PluginManage:310 - Check plugin pinoutconfig
2026-08-28 09:44:58,120 [WARN] SupportedApi:132 - Cannot load RTOS API schema: s4s-elt-must-match.1: The content of 'definitions' must match (annotation?, (simpleType | complexType)?, (unique | key | keyref)*)). A problem was found starting at: attribute.
2026-08-28 09:44:58,399 [INFO] PluginManage:359 - Loaded plugin pinoutconfig (category:base,tabindex:0)
2026-08-28 09:44:58,400 [INFO] PluginManage:310 - Check plugin power
2026-08-28 09:44:58,434 [INFO] PluginManage:359 - Loaded plugin power (category:power,tabindex:4)
2026-08-28 09:44:58,434 [INFO] PluginManage:310 - Check plugin projectmanager
2026-08-28 09:44:58,449 [INFO] PluginManage:359 - Loaded plugin projectmanager (category:projectmanager,tabindex:4)
2026-08-28 09:44:58,449 [INFO] PluginManage:310 - Check plugin rif
2026-08-28 09:44:58,471 [INFO] PluginManage:359 - Loaded plugin rif (category:base,tabindex:3)
2026-08-28 09:44:58,471 [INFO] PluginManage:310 - Check plugin thirdparty
2026-08-28 09:44:58,752 [WARN] IntegrityCheckThread:84 - waiting for thirdparty lock release [integrity check]
2026-08-28 09:44:58,753 [INFO] IntegrityCheckThread:86 - entering critical section [integrity check]
2026-08-28 09:44:58,753 [INFO] ThirdPartyUpdaterWithRetryManager:70 - Updater plugin not ready yet. [1/15]
2026-08-28 09:44:58,752 [INFO] PluginManage:359 - Loaded plugin thirdparty (category:base,tabindex:-1)
2026-08-28 09:44:58,754 [INFO] PluginManage:310 - Check plugin tools
2026-08-28 09:44:58,758 [INFO] PluginManage:359 - Loaded plugin tools (category:base,tabindex:7)
2026-08-28 09:44:58,758 [INFO] PluginManage:310 - Check plugin tutovideos
2026-08-28 09:44:59,109 [INFO] PluginManage:359 - Loaded plugin tutovideos (category:base,tabindex:-1)
2026-08-28 09:44:59,109 [INFO] PluginManage:310 - Check plugin updater
2026-08-28 09:44:59,126 [INFO] PluginManage:359 - Loaded plugin updater (category:base,tabindex:12)
2026-08-28 09:44:59,126 [INFO] PluginManage:310 - Check plugin userauth
2026-08-28 09:44:59,143 [INFO] UserAuth:118 - Init User Auth plugin
2026-08-28 09:44:59,143 [INFO] PluginManage:359 - Loaded plugin userauth (category:base,tabindex:14)
2026-08-28 09:44:59,144 [INFO] PluginManage:283 - PluginManage : Loaded plugins [18]
2026-08-28 09:44:59,809 [INFO] PinOutPanel:1589 - setPackage(No Configuration,No Configuration)
2026-08-28 09:45:00,120 [INFO] CADModel:165 - CPN selected for project level
2026-08-28 09:45:00,121 [INFO] CADModel:114 - Register for checkConnection events
2026-08-28 09:45:00,135 [INFO] IPUIPlugin:80 - create IPUIPlugin
2026-08-28 09:45:00,135 [INFO] PluginManager:220 - loadIPPluginJar : add adc
2026-08-28 09:45:00,137 [INFO] IPUIPlugin:80 - create IPUIPlugin
2026-08-28 09:45:00,138 [INFO] PluginManager:220 - loadIPPluginJar : add aes
2026-08-28 09:45:00,140 [INFO] IPUIPlugin:80 - create IPUIPlugin
2026-08-28 09:45:00,140 [INFO] PluginManager:220 - loadIPPluginJar : add can
2026-08-28 09:45:00,142 [INFO] IPUIPlugin:80 - create IPUIPlugin
2026-08-28 09:45:00,142 [INFO] PluginManager:220 - loadIPPluginJar : add comp
2026-08-28 09:45:00,144 [INFO] IPUIPlugin:80 - create IPUIPlugin
2026-08-28 09:45:00,144 [INFO] PluginManager:220 - loadIPPluginJar : add cryp
2026-08-28 09:45:00,167 [INFO] IPUIPlugin:80 - create IPUIPlugin
2026-08-28 09:45:00,167 [INFO] PluginManager:220 - loadIPPluginJar : add ddr_ctrl_phy
2026-08-28 09:45:00,170 [INFO] IPUIPlugin:80 - create IPUIPlugin
2026-08-28 09:45:00,170 [INFO] PluginManager:220 - loadIPPluginJar : add dfsdm
2026-08-28 09:45:00,175 [INFO] IPUIPlugin:80 - create IPUIPlugin
2026-08-28 09:45:00,175 [INFO] PluginManager:220 - loadIPPluginJar : add dma
2026-08-28 09:45:00,178 [INFO] IPUIPlugin:80 - create IPUIPlugin
2026-08-28 09:45:00,178 [INFO] PluginManager:220 - loadIPPluginJar : add dma3
2026-08-28 09:45:00,180 [INFO] IPUIPlugin:80 - create IPUIPlugin
2026-08-28 09:45:00,181 [INFO] PluginManager:220 - loadIPPluginJar : add extmemmanager
2026-08-28 09:45:00,182 [INFO] IPUIPlugin:80 - create IPUIPlugin
2026-08-28 09:45:00,182 [INFO] PluginManager:220 - loadIPPluginJar : add fatfs
2026-08-28 09:45:00,186 [INFO] IPUIPlugin:80 - create IPUIPlugin
2026-08-28 09:45:00,186 [INFO] PluginManager:220 - loadIPPluginJar : add fmc
2026-08-28 09:45:00,191 [INFO] IPUIPlugin:80 - create IPUIPlugin
2026-08-28 09:45:00,191 [INFO] PluginManager:220 - loadIPPluginJar : add freertos
2026-08-28 09:45:00,192 [INFO] IPUIPlugin:80 - create IPUIPlugin
2026-08-28 09:45:00,192 [INFO] PluginManager:220 - loadIPPluginJar : add genericplugin
2026-08-28 09:45:00,194 [INFO] IPUIPlugin:80 - create IPUIPlugin
2026-08-28 09:45:00,194 [INFO] PluginManager:220 - loadIPPluginJar : add gfxmmu
2026-08-28 09:45:00,197 [INFO] IPUIPlugin:80 - create IPUIPlugin
2026-08-28 09:45:00,197 [INFO] PluginManager:220 - loadIPPluginJar : add gic
2026-08-28 09:45:00,200 [INFO] IPUIPlugin:80 - create IPUIPlugin
2026-08-28 09:45:00,200 [INFO] PluginManager:220 - loadIPPluginJar : add gpio
2026-08-28 09:45:00,202 [INFO] IPUIPlugin:80 - create IPUIPlugin
2026-08-28 09:45:00,203 [INFO] PluginManager:220 - loadIPPluginJar : add gtzc
2026-08-28 09:45:00,205 [INFO] IPUIPlugin:80 - create IPUIPlugin
2026-08-28 09:45:00,205 [INFO] PluginManager:220 - loadIPPluginJar : add hash
2026-08-28 09:45:00,208 [INFO] IPUIPlugin:80 - create IPUIPlugin
2026-08-28 09:45:00,208 [INFO] PluginManager:220 - loadIPPluginJar : add i2c
2026-08-28 09:45:00,210 [INFO] IPUIPlugin:80 - create IPUIPlugin
2026-08-28 09:45:00,210 [INFO] PluginManager:220 - loadIPPluginJar : add i2s
2026-08-28 09:45:00,213 [INFO] IPUIPlugin:80 - create IPUIPlugin
2026-08-28 09:45:00,213 [INFO] PluginManager:220 - loadIPPluginJar : add i3c
2026-08-28 09:45:00,234 [INFO] IPUIPlugin:80 - create IPUIPlugin
2026-08-28 09:45:00,234 [INFO] PluginManager:220 - loadIPPluginJar : add ipddr
2026-08-28 09:45:00,276 [INFO] IPUIPlugin:80 - create IPUIPlugin
2026-08-28 09:45:00,276 [INFO] PluginManager:220 - loadIPPluginJar : add linkedlist
2026-08-28 09:45:00,280 [INFO] IPUIPlugin:80 - create IPUIPlugin
2026-08-28 09:45:00,280 [INFO] PluginManager:220 - loadIPPluginJar : add lorawan
2026-08-28 09:45:00,281 [INFO] IPUIPlugin:80 - create IPUIPlugin
2026-08-28 09:45:00,281 [INFO] PluginManager:220 - loadIPPluginJar : add ltdc
2026-08-28 09:45:00,286 [INFO] IPUIPlugin:80 - create IPUIPlugin
2026-08-28 09:45:00,286 [INFO] PluginManager:220 - loadIPPluginJar : add mdma
2026-08-28 09:45:00,289 [INFO] IPUIPlugin:80 - create IPUIPlugin
2026-08-28 09:45:00,289 [INFO] PluginManager:220 - loadIPPluginJar : add nvic
2026-08-28 09:45:00,292 [INFO] IPUIPlugin:80 - create IPUIPlugin
2026-08-28 09:45:00,292 [INFO] PluginManager:220 - loadIPPluginJar : add opamp
2026-08-28 09:45:00,294 [INFO] IPUIPlugin:80 - create IPUIPlugin
2026-08-28 09:45:00,294 [INFO] PluginManager:220 - loadIPPluginJar : add openamp
2026-08-28 09:45:00,297 [INFO] IPUIPlugin:80 - create IPUIPlugin
2026-08-28 09:45:00,297 [INFO] PluginManager:220 - loadIPPluginJar : add pdm2pcm
2026-08-28 09:45:00,302 [INFO] IPUIPlugin:80 - create IPUIPlugin
2026-08-28 09:45:00,304 [INFO] PluginManager:220 - loadIPPluginJar : add plateformsettings
2026-08-28 09:45:00,306 [INFO] IPUIPlugin:80 - create IPUIPlugin
2026-08-28 09:45:00,306 [INFO] PluginManager:220 - loadIPPluginJar : add quadspi
2026-08-28 09:45:00,308 [INFO] IPUIPlugin:80 - create IPUIPlugin
2026-08-28 09:45:00,308 [INFO] PluginManager:220 - loadIPPluginJar : add radio
2026-08-28 09:45:00,311 [INFO] IPUIPlugin:80 - create IPUIPlugin
2026-08-28 09:45:00,311 [INFO] PluginManager:220 - loadIPPluginJar : add resmgrutility
2026-08-28 09:45:00,314 [INFO] IPUIPlugin:80 - create IPUIPlugin
2026-08-28 09:45:00,314 [INFO] PluginManager:220 - loadIPPluginJar : add sai
2026-08-28 09:45:00,316 [INFO] IPUIPlugin:80 - create IPUIPlugin
2026-08-28 09:45:00,316 [INFO] PluginManager:220 - loadIPPluginJar : add spi
2026-08-28 09:45:00,322 [INFO] IPUIPlugin:80 - create IPUIPlugin
2026-08-28 09:45:00,322 [INFO] PluginManager:220 - loadIPPluginJar : add stm32_wpan
2026-08-28 09:45:00,324 [INFO] IPUIPlugin:80 - create IPUIPlugin
2026-08-28 09:45:00,324 [INFO] PluginManager:220 - loadIPPluginJar : add tim
2026-08-28 09:45:00,327 [INFO] IPUIPlugin:80 - create IPUIPlugin
2026-08-28 09:45:00,327 [INFO] PluginManager:220 - loadIPPluginJar : add touchsensing
2026-08-28 09:45:00,329 [INFO] IPUIPlugin:80 - create IPUIPlugin
2026-08-28 09:45:00,329 [INFO] PluginManager:220 - loadIPPluginJar : add tracer_emb
2026-08-28 09:45:00,331 [INFO] IPUIPlugin:80 - create IPUIPlugin
2026-08-28 09:45:00,331 [INFO] PluginManager:220 - loadIPPluginJar : add ts
2026-08-28 09:45:00,333 [INFO] IPUIPlugin:80 - create IPUIPlugin
2026-08-28 09:45:00,333 [INFO] PluginManager:220 - loadIPPluginJar : add tsc
2026-08-28 09:45:00,334 [INFO] IPUIPlugin:80 - create IPUIPlugin
2026-08-28 09:45:00,334 [INFO] PluginManager:220 - loadIPPluginJar : add ucpd
2026-08-28 09:45:00,337 [INFO] IPUIPlugin:80 - create IPUIPlugin
2026-08-28 09:45:00,337 [INFO] PluginManager:220 - loadIPPluginJar : add usart
2026-08-28 09:45:00,340 [INFO] IPUIPlugin:80 - create IPUIPlugin
2026-08-28 09:45:00,340 [INFO] PluginManager:220 - loadIPPluginJar : add usbx
2026-08-28 09:45:00,511 [FATAL] Updater:351 - Updater called before beeing initialized
2026-08-28 09:45:00,552 [INFO] RulesReader:64 - Compatibility file has been processed (317 Rules)
2026-08-28 09:45:00,562 [INFO] RulesReader:64 - Compatibility file has been processed (317 Rules)
2026-08-28 09:45:00,580 [INFO] CADModel:165 - CPN selected for project level
2026-08-28 09:45:00,580 [INFO] CADModel:114 - Register for checkConnection events
2026-08-28 09:45:00,580 [FATAL] Updater:351 - Updater called before beeing initialized
2026-08-28 09:45:00,580 [ERROR] CADModel:125 - Updater not yet initialized, retry later 
2026-08-28 09:45:00,869 [FATAL] Updater:351 - Updater called before beeing initialized
2026-08-28 09:45:00,887 [INFO] CADModel:165 - CPN selected for project level
2026-08-28 09:45:00,888 [INFO] CADModel:114 - Register for checkConnection events
2026-08-28 09:45:00,888 [FATAL] Updater:351 - Updater called before beeing initialized
2026-08-28 09:45:00,888 [ERROR] CADModel:125 - Updater not yet initialized, retry later 
2026-08-28 09:45:00,898 [FATAL] Updater:351 - Updater called before beeing initialized
2026-08-28 09:45:01,047 [FATAL] Updater:351 - Updater called before beeing initialized
2026-08-28 09:45:01,051 [INFO] DbMcusAds:53 - JSON generation date=Wed Jul 15 15:14:54 IST 2026 (1784108694001)
2026-08-28 09:45:01,051 [FATAL] Updater:351 - Updater called before beeing initialized
2026-08-28 09:45:01,200 [WARN] DetailPanel:346 - Failed to get advertising image, set to default
2026-08-28 09:45:01,304 [FATAL] Updater:351 - Updater called before beeing initialized
2026-08-28 09:45:01,321 [FATAL] Updater:351 - Updater called before beeing initialized
2026-08-28 09:45:01,321 [FATAL] Updater:351 - Updater called before beeing initialized
2026-08-28 09:45:01,322 [WARN] DetailPanel:346 - Failed to get advertising image, set to default
2026-08-28 09:45:01,324 [FATAL] Updater:351 - Updater called before beeing initialized
2026-08-28 09:45:01,485 [ERROR] Updater:1198 - MainUpdater not yet initialized. External WinMGr cannot be set.
2026-08-28 09:45:01,501 [INFO] Updater:1134 - Updater Version found : 6.15.0
2026-08-28 09:45:01,528 [INFO] ApplicationProperties:184 - Using Application install path: C:\ST\STM32CubeIDE_1.19.0\STM32CubeIDE\plugins\com.st.stm32cube.common.mx_6.15.0.202507011659
2026-08-28 09:45:01,754 [INFO] ThirdPartyUpdaterWithRetryManager:70 - Updater plugin not ready yet. [2/15]
2026-08-28 09:45:01,962 [INFO] MainUpdater:2872 - connection check result : 10
2026-08-28 09:45:01,963 [INFO] MainUpdater:289 - Updater Check For Update Now.
2026-08-28 09:45:01,963 [INFO] MicroXplorer:498 - Change Database Version : DB.6.0.150
2026-08-28 09:45:01,981 [INFO] McuFinderGlobals:63 - Set McuFinder mode to 2 (CubeIDE integrated)
2026-08-28 09:45:01,981 [INFO] UserAuth:171 - activating auth plugin
2026-08-28 09:45:01,983 [INFO] UserAuth:487 - Internet connection configuration mode: 1
2026-08-28 09:45:02,176 [INFO] JxBrowserEngine:152 - Initiate JxBrowser Engine with user profile folder
2026-08-28 09:45:02,296 [INFO] CheckServerUpdateThread:120 - End of CheckServer Thread
2026-08-28 09:45:02,427 [INFO] MainUpdater:2872 - connection check result : 10
2026-08-28 09:45:02,506 [INFO] McuFinderGlobals:76 - Set McuFinderConnectedMode to true
2026-08-28 09:45:02,968 [INFO] ServerAccessManage:452 - Complete download http(s) 200
2026-08-28 09:45:02,971 [INFO] ServerAccessManage:509 - Download File mcusAds.json._tmp_
2026-08-28 09:45:03,094 [INFO] LoadUrlFilesThread:156 - End of LoadUrlFiles Thread
2026-08-28 09:45:03,252 [INFO] ServerAccessManage:452 - Complete download http(s) 200
2026-08-28 09:45:03,252 [INFO] ServerAccessManage:509 - Download File cube-finder-db.zip
2026-08-28 09:45:04,231 [INFO] FileExtend:248 - Unzip File : cube-finder-db.zip
2026-08-28 09:45:04,232 [INFO] FileExtend:263 - Standard Zip Deflate
2026-08-28 09:45:04,755 [WARN] MainUpdater:1193 - Updater busy. Cannot search thirdparties
2026-08-28 09:45:04,755 [INFO] ThirdPartyUpdaterWithRetryManager:96 - Updater plugin is busy. [1/15]
2026-08-28 09:45:07,756 [WARN] MainUpdater:1193 - Updater busy. Cannot search thirdparties
2026-08-28 09:45:07,756 [INFO] ThirdPartyUpdaterWithRetryManager:96 - Updater plugin is busy. [2/15]
2026-08-28 09:45:10,758 [WARN] MainUpdater:1193 - Updater busy. Cannot search thirdparties
2026-08-28 09:45:10,758 [INFO] ThirdPartyUpdaterWithRetryManager:96 - Updater plugin is busy. [3/15]
2026-08-28 09:45:12,653 [INFO] LoadUrlFilesThread:156 - End of LoadUrlFiles Thread
2026-08-28 09:45:12,780 [INFO] WebApp:169 - Instantiating new browser for Auth
2026-08-28 09:45:13,759 [WARN] MainUpdater:1193 - Updater busy. Cannot search thirdparties
2026-08-28 09:45:13,759 [INFO] ThirdPartyUpdaterWithRetryManager:96 - Updater plugin is busy. [4/15]
2026-08-28 09:45:16,760 [WARN] MainUpdater:1193 - Updater busy. Cannot search thirdparties
2026-08-28 09:45:16,760 [INFO] ThirdPartyUpdaterWithRetryManager:96 - Updater plugin is busy. [5/15]
2026-08-28 09:45:19,762 [WARN] MainUpdater:1193 - Updater busy. Cannot search thirdparties
2026-08-28 09:45:19,762 [INFO] ThirdPartyUpdaterWithRetryManager:96 - Updater plugin is busy. [6/15]
2026-08-28 09:45:21,112 [INFO] WebApp:463 - Apply proxy settings
2026-08-28 09:45:21,113 [INFO] WebApp:548 - Chromium requires no authentication
2026-08-28 09:45:21,629 [INFO] WebApp:491 - Direct internet connection detected
2026-08-28 09:45:22,222 [INFO] WebApp:900 - Register for checkConnection events
2026-08-28 09:45:22,222 [INFO] WebApp:463 - Apply proxy settings
2026-08-28 09:45:22,222 [INFO] WebApp:548 - Chromium requires no authentication
2026-08-28 09:45:22,222 [INFO] WebApp:491 - Direct internet connection detected
2026-08-28 09:45:22,763 [WARN] MainUpdater:1193 - Updater busy. Cannot search thirdparties
2026-08-28 09:45:22,763 [INFO] ThirdPartyUpdaterWithRetryManager:96 - Updater plugin is busy. [7/15]
2026-08-28 09:45:24,382 [INFO] WebApp:191 - Connection restablished
2026-08-28 09:45:25,764 [WARN] MainUpdater:1193 - Updater busy. Cannot search thirdparties
2026-08-28 09:45:25,764 [INFO] ThirdPartyUpdaterWithRetryManager:96 - Updater plugin is busy. [8/15]
2026-08-28 09:45:28,249 [ERROR] ServerAccessManage:1295 - Problem during Server Connection :  IO error Connection reset
2026-08-28 09:45:28,250 [ERROR] ServerAccessManage:740 - Problem during Server Connection :  : crdb.zip.
2026-08-28 09:45:28,766 [WARN] MainUpdater:1193 - Updater busy. Cannot search thirdparties
2026-08-28 09:45:28,766 [INFO] ThirdPartyUpdaterWithRetryManager:96 - Updater plugin is busy. [9/15]
2026-08-28 09:45:29,106 [INFO] WebApp:225 - Starting web application
2026-08-28 09:45:29,106 [INFO] WebApp:593 - Web application path used C:\ST\STM32CubeIDE_1.19.0\STM32CubeIDE\plugins\com.st.stm32cube.common.mx_6.15.0.202507011659\db\plugins\mcufinder\reactClient1\index.html
2026-08-28 09:45:31,767 [WARN] MainUpdater:1193 - Updater busy. Cannot search thirdparties
2026-08-28 09:45:31,769 [INFO] ThirdPartyUpdaterWithRetryManager:96 - Updater plugin is busy. [10/15]
2026-08-28 09:45:34,771 [WARN] MainUpdater:1193 - Updater busy. Cannot search thirdparties
2026-08-28 09:45:34,771 [INFO] ThirdPartyUpdaterWithRetryManager:96 - Updater plugin is busy. [11/15]
2026-08-28 09:45:37,773 [WARN] MainUpdater:1193 - Updater busy. Cannot search thirdparties
2026-08-28 09:45:37,773 [INFO] ThirdPartyUpdaterWithRetryManager:96 - Updater plugin is busy. [12/15]
2026-08-28 09:45:39,719 [INFO] LoadUrlFilesThread:156 - End of LoadUrlFiles Thread
2026-08-28 09:45:41,194 [WARN] PackLoader:240 - Cannot read IP mode file for STMicroelectronics.X-CUBE-AZRTOS-H7.3.5.0
2026-08-28 09:45:41,218 [WARN] PackLoader:240 - Cannot read IP mode file for STMicroelectronics.FP-ATR-ASTRA1.2.0.3
2026-08-28 09:45:41,234 [ERROR] Engine:466 - C:\Users\student\.stm32cubemx\thirdparties\pdsc\STMicroelectronics.X-CUBE-SMBUS.2.1.1.pdsc: PDSC version is not supported
2026-08-28 09:45:41,254 [WARN] PackLoader:240 - Cannot read IP mode file for STMicroelectronics.X-CUBE-AZRTOS-F7.1.1.0
2026-08-28 09:45:41,267 [WARN] PackLoader:240 - Cannot read IP mode file for STMicroelectronics.X-CUBE-FREERTOS.1.6.0
2026-08-28 09:45:41,319 [WARN] PackLoader:240 - Cannot read IP mode file for STMicroelectronics.FP-SNS-MOTENV1.5.1.0
2026-08-28 09:45:41,341 [WARN] PackLoader:240 - Cannot read IP mode file for STMicroelectronics.X-CUBE-AZRTOS-H7RS.1.3.0
2026-08-28 09:45:41,553 [WARN] PackLoader:240 - Cannot read IP mode file for WES.I-CUBE-Cesium.1.4.0
2026-08-28 09:45:41,728 [WARN] PackLoader:240 - Cannot read IP mode file for STMicroelectronics.X-CUBE-DISPLAY.3.0.0
2026-08-28 09:45:41,796 [WARN] PackLoader:240 - Cannot read IP mode file for STMicroelectronics.X-CUBE-GNSS1.7.1.1
2026-08-28 09:45:41,829 [WARN] PackLoader:240 - Cannot read IP mode file for STMicroelectronics.FP-SNS-MOTENVWB1.1.5.0
2026-08-28 09:45:41,848 [WARN] PackLoader:240 - Cannot read IP mode file for STMicroelectronics.X-CUBE-NFC10.1.0.0
2026-08-28 09:45:41,853 [WARN] PackLoader:240 - Cannot read IP mode file for STMicroelectronics.X-CUBE-ST60.1.1.0
2026-08-28 09:45:41,869 [WARN] PackLoader:240 - Cannot read IP mode file for emotas.I-CUBE-CANOPEN.1.3.0
2026-08-28 09:45:41,886 [WARN] PackLoader:240 - Cannot read IP mode file for wolfSSL.I-CUBE-wolfSSL.5.9.2
2026-08-28 09:45:41,991 [ERROR] Engine:466 - C:\Users\student\.stm32cubemx\thirdparties\pdsc\STMicroelectronics.X-CUBE-WBA.1.1.0.pdsc: PDSC version is not supported
2026-08-28 09:45:42,003 [WARN] PackLoader:240 - Cannot read IP mode file for STMicroelectronics.FP-SNS-STBOX1.2.1.0
2026-08-28 09:45:42,016 [WARN] PackLoader:240 - Cannot read IP mode file for STMicroelectronics.FP-SNS-SMARTAG2.1.2.0
2026-08-28 09:45:42,032 [WARN] PackLoader:240 - Cannot read IP mode file for STMicroelectronics.FP-SNS-FLIGHT1.5.1.0
2026-08-28 09:45:42,050 [INFO] LogOutputStream:77 - [STDOUT_REDIRECT] 1 : Invalid condition id : UX_CORESTACK_Condition cause : null
2026-08-28 09:45:42,051 [INFO] LogOutputStream:77 - [STDOUT_REDIRECT] 1 : Invalid condition id : UX_CORESTACK_Condition cause : null
2026-08-28 09:45:42,052 [INFO] LogOutputStream:77 - [STDOUT_REDIRECT] 1 : Invalid condition id : UX_CORESTACK_Condition cause : null
2026-08-28 09:45:42,053 [INFO] LogOutputStream:77 - [STDOUT_REDIRECT] 1 : Invalid condition id : UX_CORESTACK_Condition cause : null
2026-08-28 09:45:42,053 [INFO] LogOutputStream:77 - [STDOUT_REDIRECT] 1 : Invalid condition id : UX_CORESTACK_Condition cause : null
2026-08-28 09:45:42,056 [WARN] PackLoader:240 - Cannot read IP mode file for STMicroelectronics.X-CUBE-AZRTOS-WL.2.0.0
2026-08-28 09:45:42,068 [WARN] PackLoader:240 - Cannot read IP mode file for STMicroelectronics.X-CUBE-BLE2.3.3.0
2026-08-28 09:45:42,093 [WARN] PackLoader:240 - Cannot read IP mode file for Infineon.AIROC-Wi-Fi-Bluetooth-STM32.1.8.0
2026-08-28 09:45:42,184 [WARN] PackLoader:240 - Cannot read IP mode file for STMicroelectronics.X-CUBE-NFC9.1.0.0
2026-08-28 09:45:42,235 [WARN] PackLoader:240 - Cannot read IP mode file for STMicroelectronics.X-CUBE-BLE1.7.1.0
2026-08-28 09:45:42,261 [WARN] PackLoader:240 - Cannot read IP mode file for wolfSSL.I-CUBE-wolfMQTT.1.19.2
2026-08-28 09:45:42,358 [WARN] PackLoader:240 - Cannot read IP mode file for STMicroelectronics.X-CUBE-EEPRMA1.5.2.0
2026-08-28 09:45:42,392 [WARN] PackLoader:240 - Cannot read IP mode file for STMicroelectronics.FP-SNS-STAIOTCFT.1.1.0
2026-08-28 09:45:42,430 [WARN] PackLoader:240 - Cannot read IP mode file for STMicroelectronics.X-CUBE-AZRTOS-G0.1.1.0
2026-08-28 09:45:42,507 [WARN] PackLoader:240 - Cannot read IP mode file for STMicroelectronics.X-CUBE-NFC4.3.0.0
2026-08-28 09:45:42,538 [WARN] PackLoader:240 - Cannot read IP mode file for EmbeddedOffice.I-CUBE-FS-RTOS.1.0.1
2026-08-28 09:45:42,552 [WARN] PackLoader:240 - Cannot read IP mode file for wolfSSL.I-CUBE-wolfTPM.3.8.0
2026-08-28 09:45:42,567 [WARN] PackLoader:240 - Cannot read IP mode file for STMicroelectronics.X-CUBE-TCPP.4.2.0
2026-08-28 09:45:42,592 [WARN] PackLoader:240 - Cannot read IP mode file for RealThread.X-CUBE-RT-Thread_Nano.4.1.1
2026-08-28 09:45:42,687 [WARN] PackLoader:240 - Cannot read IP mode file for STMicroelectronics.FP-ATR-SIGFOX1.3.2.0
2026-08-28 09:45:42,721 [WARN] PackLoader:240 - Cannot read IP mode file for ITTIA_DB.I-CUBE-ITTIADB.8.9.0
2026-08-28 09:45:42,729 [WARN] PackLoader:240 - Cannot read IP mode file for Cesanta.I-CUBE-Mongoose.7.21.7
2026-08-28 09:45:42,752 [WARN] PackLoader:240 - Cannot read IP mode file for STMicroelectronics.X-CUBE-NFC6.3.2.0
2026-08-28 09:45:42,775 [WARN] PackLoader:240 - Cannot read IP mode file for STMicroelectronics.X-CUBE-AI.10.2.1
2026-08-28 09:45:42,811 [WARN] PackLoader:240 - Cannot read IP mode file for SEGGER.I-CUBE-embOS.1.3.1
2026-08-28 09:45:42,977 [WARN] PackLoader:240 - Cannot read IP mode file for STMicroelectronics.X-CUBE-NFC13.1.0.0
2026-08-28 09:45:43,000 [WARN] PackLoader:240 - Cannot read IP mode file for STMicroelectronics.X-CUBE-PM33A1.1.0.0
2026-08-28 09:45:43,029 [WARN] PackLoader:240 - Cannot read IP mode file for STMicroelectronics.X-CUBE-AZRTOS-F4.1.1.0
2026-08-28 09:45:43,054 [WARN] PackLoader:240 - Cannot read IP mode file for STMicroelectronics.X-CUBE-ISPU.2.1.0
2026-08-28 09:45:43,065 [WARN] PackLoader:240 - Cannot read IP mode file for STMicroelectronics.X-CUBE-IPS.3.2.0
2026-08-28 09:45:43,086 [WARN] PackLoader:240 - Cannot read IP mode file for STMicroelectronics.eDS-WB_DPC_TT-BIDIR.2.1.1
2026-08-28 09:45:43,104 [WARN] PackLoader:240 - Cannot read IP mode file for STMicroelectronics.X-CUBE-NFC12.1.0.0
2026-08-28 09:45:43,128 [WARN] PackLoader:240 - Cannot read IP mode file for STMicroelectronics.X-CUBE-AZRTOS-L5.2.0.0
2026-08-28 09:45:43,145 [WARN] PackLoader:240 - Cannot read IP mode file for STMicroelectronics.X-CUBE-ALGOBUILD.1.5.0
2026-08-28 09:45:43,158 [WARN] PackLoader:240 - Cannot read IP mode file for STMicroelectronics.eDS-WB_DPC_VIENNA.1.2.0
2026-08-28 09:45:43,202 [WARN] PackLoader:240 - Cannot read IP mode file for STMicroelectronics.X-CUBE-MEMS1.13.0.0
2026-08-28 09:45:43,401 [WARN] PackLoader:240 - Cannot read IP mode file for STMicroelectronics.eDS-WB_DPC_3PH2L-BIDIR.1.1.1
2026-08-28 09:45:43,417 [ERROR] Engine:466 - C:\Users\student\.stm32cubemx\thirdparties\pdsc\STMicroelectronics.X-CUBE-ST67W61.1.3.0.pdsc: PDSC version is not supported
2026-08-28 09:45:43,434 [WARN] PackLoader:240 - Cannot read IP mode file for STMicroelectronics.X-CUBE-TOUCHGFX.4.26.1
2026-08-28 09:45:43,452 [WARN] PackLoader:240 - Cannot read IP mode file for STMicroelectronics.X-CUBE-DPower.1.3.0
2026-08-28 09:45:43,473 [WARN] ConditionMgr:438 - getConditionDescription Invalid condition id : LAN8742 Phy interface Condition cause : null
2026-08-28 09:45:43,474 [WARN] PackLoader:240 - Cannot read IP mode file for STMicroelectronics.X-CUBE-AZRTOS-L4.2.0.0
2026-08-28 09:45:43,475 [WARN] ConditionMgr:1044 - genDependencies : Invalid condition id : LAN8742 Phy interface Condition cause : null
2026-08-28 09:45:43,475 [WARN] ConditionMgr:1044 - genDependencies : Invalid condition id : LAN8742 Phy interface Condition cause : null
2026-08-28 09:45:43,476 [WARN] ConditionMgr:1044 - genDependencies : Invalid condition id : LAN8742 Phy interface Condition cause : null
2026-08-28 09:45:43,494 [WARN] PackLoader:240 - Cannot read IP mode file for STMicroelectronics.X-CUBE-SFXS2LP1.4.0.0
2026-08-28 09:45:43,511 [WARN] PackLoader:240 - Cannot read IP mode file for STMicroelectronics.X-CUBE-WB05N.2.1.0
2026-08-28 09:45:43,577 [WARN] ConditionMgr:438 - getConditionDescription Invalid condition id : UX DEVICE CLASS RTOS Condition cause : null
2026-08-28 09:45:43,577 [WARN] ConditionMgr:438 - getConditionDescription Invalid condition id : UX DEVICE CLASS RTOS Condition cause : null
2026-08-28 09:45:43,578 [WARN] PackLoader:240 - Cannot read IP mode file for STMicroelectronics.X-CUBE-AZRTOS-WB.2.0.0
2026-08-28 09:45:43,579 [WARN] ConditionMgr:1044 - genDependencies : Invalid condition id : UX DEVICE CLASS RTOS Condition cause : null
2026-08-28 09:45:43,579 [WARN] ConditionMgr:1044 - genDependencies : Invalid condition id : UX DEVICE CLASS RTOS Condition cause : null
2026-08-28 09:45:43,579 [WARN] ConditionMgr:1044 - genDependencies : Invalid condition id : UX DEVICE CLASS RTOS Condition cause : null
2026-08-28 09:45:43,579 [WARN] ConditionMgr:1044 - genDependencies : Invalid condition id : UX DEVICE CLASS RTOS Condition cause : null
2026-08-28 09:45:43,579 [WARN] ConditionMgr:1044 - genDependencies : Invalid condition id : UX DEVICE CLASS RTOS Condition cause : null
2026-08-28 09:45:43,612 [WARN] ConditionMgr:438 - getConditionDescription Invalid condition id : Cortex-A Device cause : null
2026-08-28 09:45:43,622 [WARN] ConditionMgr:1044 - genDependencies : Invalid condition id : Cortex-A Device cause : null
2026-08-28 09:45:43,622 [WARN] ConditionMgr:1044 - genDependencies : Invalid condition id : Cortex-A Device cause : null
2026-08-28 09:45:43,622 [WARN] ConditionMgr:1044 - genDependencies : Invalid condition id : Cortex-A Device cause : null
2026-08-28 09:45:43,714 [WARN] PackLoader:240 - Cannot read IP mode file for STMicroelectronics.X-CUBE-STSE01.2.0.0
2026-08-28 09:45:43,781 [WARN] PackLoader:240 - Cannot read IP mode file for STMicroelectronics.X-CUBE-SUBG2.5.0.0
2026-08-28 09:45:43,811 [WARN] PackLoader:240 - Cannot read IP mode file for STMicroelectronics.X-CUBE-AZRTOS-G4.2.0.0
2026-08-28 09:45:43,821 [WARN] PackLoader:240 - Cannot read IP mode file for wolfSSL.I-CUBE-wolfSSH.1.4.20
2026-08-28 09:45:43,835 [WARN] PackLoader:240 - Cannot read IP mode file for STMicroelectronics.X-CUBE-NFC7.2.0.0
2026-08-28 09:45:43,853 [ERROR] Engine:466 - C:\Users\student\.stm32cubemx\thirdparties\pdsc\STMicroelectronics.X-CUBE-BLEMGR.4.2.0.pdsc: PDSC version is not supported
2026-08-28 09:45:43,871 [WARN] PackLoader:240 - Cannot read IP mode file for STMicroelectronics.X-CUBE-ALS.1.0.2
2026-08-28 09:45:43,892 [WARN] PackLoader:240 - Cannot read IP mode file for STMicroelectronics.X-CUBE-TOF1.3.4.3
2026-08-28 09:45:43,898 [INFO] ThirdParty:978 - Integrity check success = true
2026-08-28 09:45:43,899 [INFO] IntegrityCheckThread:100 - exiting critical section [integrity check]
2026-08-28 09:45:43,899 [INFO] IntegrityCheckThread:103 - End integrity checks thread
2026-08-28 09:45:45,547 [INFO] DbMcusAds:53 - JSON generation date=Wed Jul 15 15:14:54 IST 2026 (1784108694001)
2026-08-28 09:45:45,552 [ERROR] TargetSelectorAdapter:267 - Unable to refresh data
2026-08-28 09:45:46,478 [INFO] ApiDb:581 - Connected to CubeFinder SQLite database (C:\Users\student\.stmcufinder\plugins\mcufinder\mcu\cube-finder-db.db)
2026-08-28 09:45:46,567 [INFO] ApiDb:668 - CubeFinder database Data Model version=2.1
2026-08-28 09:45:46,567 [INFO] ApiDb:669 - CubeFinder database Configuration version=3.0.42
2026-08-28 09:45:46,568 [INFO] ApiDb:670 - CubeFinder database generation date=2026-08-04 (1785840812)
2026-08-28 09:45:46,568 [INFO] ApiDb:671 - CubeFinder database FW Pack versions=[FP-ATR-ASTRA1_V2.0.0, FP-SNS-FLIGHT1_V5.1.0, FP-SNS-MOTENV1_V5.1.0, FP-SNS-MOTENVWB1_V1.5.0, FP-SNS-SMARTAG2_V1.2.0, FP-SNS-STBOX1_V2.1.0, STM32Cube_FW_C0_V1.4.1, STM32Cube_FW_F4_V1.28.3, STM32Cube_FW_F7_V1.17.4, STM32Cube_FW_G0_V1.6.3, STM32Cube_FW_G4_V1.6.2, STM32Cube_FW_H5_V1.7.0, STM32Cube_FW_H7RS_V1.3.0, STM32Cube_FW_H7_V1.13.0, STM32Cube_FW_L0_V1.12.2, STM32Cube_FW_L4_V1.18.2, STM32Cube_FW_L5_V1.6.0, STM32Cube_FW_N6_V1.4.0, STM32Cube_FW_U0_V1.3.0, STM32Cube_FW_U3_V1.4.0, STM32Cube_FW_U5_V1.9.0, STM32Cube_FW_WB0_V1.5.0, STM32Cube_FW_WBA_V1.10.0, STM32Cube_FW_WB_V1.24.0, STM32Cube_FW_WL3_V1.5.0, STM32Cube_FW_WL_V1.6.0, X-CUBE-ALGOBUILD_V1.5.0, X-CUBE-ALS_V1.0.2, X-CUBE-AZRTOS-F4_V1.1.0, X-CUBE-AZRTOS-F7_V1.1.0, X-CUBE-AZRTOS-G0_V1.1.0, X-CUBE-AZRTOS-G4_V2.0.0, X-CUBE-AZRTOS-H7RS_V1.3.0, X-CUBE-AZRTOS-H7_V3.5.0, X-CUBE-AZRTOS-L4_V2.0.0, X-CUBE-AZRTOS-L5_V2.0.0, X-CUBE-AZRTOS-WB_V2.0.0, X-CUBE-AZRTOS-WL_V2.0.0, X-CUBE-BLE1_V7.1.0, X-CUBE-BLE2_V3.3.0, X-CUBE-BLEMGR_V4.2.0, X-CUBE-EEPRMA1_V5.2.0, X-CUBE-FREERTOS_V1.6.0, X-CUBE-GNSS1_V7.1.1, X-CUBE-MEMS1_V13.0.0, X-CUBE-NFC4_V3.0.0, X-CUBE-NFC7_V2.0.0, X-CUBE-SFXS2LP1_V4.0.0, X-CUBE-ST67W61_V1.3.0, X-CUBE-SUBG2_V5.0.0, X-CUBE-TOF1_V3.4.3]
2026-08-28 09:45:49,176 [INFO] ApiDb:240 - Found 880 in-development CPN: [B-G473E-ZEST1S, B-WB1M-WPAN1, B-WBA5M-WPAN, B-WL5M-SUBG1, NUCLEO-C031C6, NUCLEO-C051C8, NUCLEO-C071RB, NUCLEO-C092RC, NUCLEO-H503RB, NUCLEO-H533RE, NUCLEO-H563ZI, NUCLEO-H7S3L8, NUCLEO-N657X0-Q, NUCLEO-U031R8, NUCLEO-U083RC, NUCLEO-U385RG-Q, NUCLEO-U545RE-Q, NUCLEO-U5A5ZJ-Q, NUCLEO-WB05KZ, NUCLEO-WB07CC, NUCLEO-WB09KE, NUCLEO-WBA52CG, NUCLEO-WBA55CG, NUCLEO-WL33CC1, NUCLEO-WL33CC2, STEVAL-PROTEUS1, STEVAL-SMARTAG2, STEVAL-STWINBX1, STM320518-EVAL, STM32C0116-DK, STM32C011D6Y3TR, STM32C011D6Y6TR, STM32C011F4P3, STM32C011F4P6, STM32C011F4U3, STM32C011F4U6TR, STM32C011F6P3, STM32C011F6P6, STM32C011F6U3, STM32C011F6U6TR, STM32C011J4M3, STM32C011J4M6, STM32C011J6M3, STM32C011J6M6, STM32C0316-DK, STM32C031C4T3, STM32C031C4T6, STM32C031C4U3, STM32C031C4U6, STM32C031C6T3, STM32C031C6T6, STM32C031C6U3, STM32C031C6U6, STM32C031F4P3, STM32C031F4P6, STM32C031F6P3, STM32C031F6P6, STM32C031G4U3, STM32C031G4U6, STM32C031G6U3, STM32C031G6U6, STM32C031K4T3, STM32C031K4T6, STM32C031K4U3, STM32C031K4U6, STM32C031K6T3, STM32C031K6T6, STM32C031K6U3, STM32C031K6U6, STM32C051C6T6, STM32C051C6U6, STM32C051C8T6, STM32C051C8U6, STM32C051D8Y6TR, STM32C051F6P6, STM32C051F8P6, STM32C051G6U6, STM32C051G8U6, STM32C051K6T6, STM32C051K6U6, STM32C051K8T6, STM32C071C8T6, STM32C071C8T6N, STM32C071C8U6, STM32C071C8U6N, STM32C071CBT6, STM32C071CBT6N, STM32C071CBU6, STM32C071CBU6N, STM32C071F8P6, STM32C071F8P6N, STM32C071FBP6, STM32C071FBP6N, STM32C071FBY6TR, STM32C071G8U6, STM32C071G8U6N, STM32C071GBU6, STM32C071GBU6N, STM32C071K8T6, STM32C071K8T6N, STM32C071K8U6, STM32C071K8U6N, STM32C071KBT6, STM32C071KBT6N, STM32C071KBU6, STM32C071KBU6N, STM32C071R8T6, STM32C071R8T6N, STM32C071RBI6N, STM32C071RBT6, STM32C071RBT6N, STM32C091CBT6, STM32C091CBU6, STM32C091CCT6, STM32C091CCU6, STM32C091ECY6TR, STM32C091FBP6, STM32C091FCP6, STM32C091GBU6, STM32C091GCU6, STM32C091KBT6, STM32C091KBU6, STM32C091KCT6, STM32C091KCU6, STM32C091RBT6, STM32C091RCI6, STM32C091RCT6, STM32C092CBT6, STM32C092CBU6, STM32C092CCT6, STM32C092CCU6, STM32C092ECY6TR, STM32C092FBP6, STM32C092FCP6, STM32C092GBU6, STM32C092GCU6, STM32C092KBT6, STM32C092KBU6, STM32C092KCT6, STM32C092KCU6, STM32C092RBT6, STM32C092RCI6, STM32C092RCT6, STM32G071K8TXN, STM32G071K8UXN, STM32G081GBU6N, STM32G081KBT6N, STM32G081KBUXN, STM32G0B1CCT6N, STM32G0B1KCT6, STM32G0B1NEY6TR, STM32G0B1RCT6N, STM32G0C1CCT6, STM32G0C1CCT6N, STM32G0C1CCU6N, STM32G0C1CET6N, STM32G0C1CEU6N, STM32G0C1KCT6, STM32G0C1NEY6TR, STM32G0C1RCI6N, STM32G0C1RCT6N, STM32G0C1REI6N, STM32G0C1RET6N, STM32G0C1VCI6, STM32G0C1VEI6, STM32G411C6T3, STM32G411C6T6, STM32G411C6U3, STM32G411C6U6, STM32G411C8T3, STM32G411C8T6, STM32G411C8U3, STM32G411C8U6, STM32G411CBT3, STM32G411CBT6, STM32G411CBU3, STM32G411CBU6, STM32G411K6T3, STM32G411K6T6, STM32G411K6U3, STM32G411K6U6, STM32G411K8T3, STM32G411K8T6, STM32G411K8U3, STM32G411K8U6, STM32G411KBT3, STM32G411KBT6, STM32G411KBU3, STM32G411KBU6, STM32G411M6T3, STM32G411M6T6, STM32G411M8T3, STM32G411M8T6, STM32G411MBT3, STM32G411MBT6, STM32G411R6T3, STM32G411R6T6, STM32G411R8T3, STM32G411R8T6, STM32G411RBT3, STM32G411RBT6, STM32G414CBT3, STM32G414CBT6, STM32G414CBU3, STM32G414CBU6, STM32G414CCT3, STM32G414CCT6, STM32G414CCU3, STM32G414CCU6, STM32G414MBT3, STM32G414MBT6, STM32G414MCT3, STM32G414MCT6, STM32G414RBT3, STM32G414RBT6, STM32G414RCT3, STM32G414RCT6, STM32G414VBT3, STM32G414VBT6, STM32G414VCT3, STM32G414VCT6, STM32G431CBT3Z, STM32G431RBT3Z, STM32G471CCT6, STM32G471CCU6, STM32G471CET3, STM32G471CET6, STM32G471CEU3, STM32G471CEU6, STM32G471MCT6, STM32G471MET3, STM32G471MET6, STM32G471MEY6TR, STM32G471QCT6, STM32G471QET3, STM32G471RCT6, STM32G471RET3, STM32G471RET6, STM32G471VCH6, STM32G471VCI6, STM32G471VCT6, STM32G471VEH3, STM32G471VEH6, STM32G471VEI3, STM32G471VEI6, STM32G471VET3, STM32G471VET6, STM32G473QET3Z, STM32G473RET3Z, STM32G474CCT6, STM32G491RET3Z, STM32H503CBT6, STM32H503CBU6, STM32H503EBY6TR, STM32H503KBU6, STM32H503RBT6, STM32H523CCT6, STM32H523CCU6, STM32H523CET6, STM32H523CEU6, STM32H523HEY6TR, STM32H523RCT6, STM32H523RET6, STM32H523VCI6, STM32H523VCT6, STM32H523VEI6, STM32H523VET6, STM32H523ZCJ6, STM32H523ZCT6, STM32H523ZEJ6, STM32H523ZET6, STM32H533CET6, STM32H533CEU6, STM32H533HEY6TR, STM32H533RET6, STM32H533VEI6, STM32H533VET6, STM32H533ZEJ6, STM32H533ZET6, STM32H562AGI6, STM32H562AII6, STM32H562IGK6, STM32H562IGT6, STM32H562IIK6, STM32H562IIT6, STM32H562RGT6, STM32H562RGV6, STM32H562RIT6, STM32H562RIV6, STM32H562VGT6, STM32H562VIT6, STM32H562ZGT6, STM32H562ZIT6, STM32H563AGI6, STM32H563AII3Q, STM32H563AII6, STM32H563IGK6, STM32H563IGT6, STM32H563IIK3Q, STM32H563IIK6, STM32H563IIT3Q, STM32H563IIT6, STM32H563MIY3QTR, STM32H563RGT6, STM32H563RGV6, STM32H563RIT6, STM32H563RIV6, STM32H563VGT6, STM32H563VIT3Q, STM32H563VIT6, STM32H563ZGT6, STM32H563ZIT3Q, STM32H563ZIT6, STM32H573AII3Q, STM32H573AII6, STM32H573I-DK, STM32H573IIK3Q, STM32H573IIK6, STM32H573IIT3Q, STM32H573IIT6, STM32H573MIY3QTR, STM32H573RIT6, STM32H573RIV6, STM32H573VIT3Q, STM32H573VIT6, STM32H573ZIT3Q, STM32H573ZIT6, STM32H7R3A8I6, STM32H7R3I8K6, STM32H7R3I8T6, STM32H7R3L8H6, STM32H7R3L8H6H, STM32H7R3R8V6, STM32H7R3V8H6, STM32H7R3V8T6, STM32H7R3V8Y6TR, STM32H7R3Z8J6, STM32H7R3Z8T6, STM32H7R7A8I6, STM32H7R7I8K6, STM32H7R7I8T6, STM32H7R7L8H6, STM32H7R7L8H6H, STM32H7R7Z8J6, STM32H7S3A8I6, STM32H7S3I8K6, STM32H7S3I8T6, STM32H7S3L8H6, STM32H7S3L8H6H, STM32H7S3R8V6, STM32H7S3V8H6, STM32H7S3V8T6, STM32H7S3V8Y6TR, STM32H7S3Z8J6, STM32H7S3Z8T6, STM32H7S78-DK, STM32H7S7A8I6, STM32H7S7I8K6, STM32H7S7I8T6, STM32H7S7L8H6, STM32H7S7L8H6H, STM32H7S7Z8J6, STM32L4R5QGI6STR, STM32MP131AAE3, STM32MP131AAF3, STM32MP131AAG3, STM32MP131CAE3, STM32MP131CAF3, STM32MP131CAG3, STM32MP131DAE7, STM32MP131DAF7, STM32MP131DAG7, STM32MP131FAE7, STM32MP131FAF7, STM32MP131FAG7, STM32MP133AAE3, STM32MP133AAF3, STM32MP133AAG3, STM32MP133CAE3, STM32MP133CAF3, STM32MP133CAG3, STM32MP133DAE7, STM32MP133DAF7, STM32MP133DAG7, STM32MP133FAE7, STM32MP133FAF7, STM32MP133FAG7, STM32MP135AAE3, STM32MP135AAF3, STM32MP135AAG3, STM32MP135CAE3, STM32MP135CAF3, STM32MP135CAG3, STM32MP135DAE7, STM32MP135DAF7, STM32MP135DAG7, STM32MP135F-DK, STM32MP135FAE7, STM32MP135FAF7, STM32MP135FAF7T, STM32MP135FAF7U, STM32MP135FAG7, STM32MP211AAL3, STM32MP211AAM3, STM32MP211AAN3, STM32MP211AAO3, STM32MP211CAL3, STM32MP211CAM3, STM32MP211CAN3, STM32MP211CAO3, STM32MP211DAL3, STM32MP211DAM3, STM32MP211DAN3, STM32MP211DAO3, STM32MP211FAL3, STM32MP211FAM3, STM32MP211FAN3, STM32MP211FAO3, STM32MP213AAL3, STM32MP213AAM3, STM32MP213AAN3, STM32MP213AAO3, STM32MP213CAL3, STM32MP213CAM3, STM32MP213CAN3, STM32MP213CAO3, STM32MP213DAL3, STM32MP213DAM3, STM32MP213DAN3, STM32MP213DAO3, STM32MP213FAL3, STM32MP213FAM3, STM32MP213FAN3, STM32MP213FAO3, STM32MP215AAL3, STM32MP215AAM3, STM32MP215AAN3, STM32MP215AAO3, STM32MP215CAL3, STM32MP215CAM3, STM32MP215CAN3, STM32MP215CAO3, STM32MP215DAL3, STM32MP215DAM3, STM32MP215DAN3, STM32MP215DAO3, STM32MP215F-DK, STM32MP215FAL3, STM32MP215FAM3, STM32MP215FAN3, STM32MP215FAO3, STM32MP231AAJ3, STM32MP231AAK3, STM32MP231AAL3, STM32MP231CAJ3, STM32MP231CAK3, STM32MP231CAL3, STM32MP231DAJ3, STM32MP231DAK3, STM32MP231DAL3, STM32MP231FAJ3, STM32MP231FAK3, STM32MP231FAL3, STM32MP233AAJ3, STM32MP233AAK3, STM32MP233AAL3, STM32MP233CAJ3, STM32MP233CAK3, STM32MP233CAL3, STM32MP233DAJ3, STM32MP233DAK3, STM32MP233DAL3, STM32MP233FAJ3, STM32MP233FAK3, STM32MP233FAL3, STM32MP235AAJ3, STM32MP235AAK3, STM32MP235AAL3, STM32MP235CAJ3, STM32MP235CAK3, STM32MP235CAL3, STM32MP235DAJ3, STM32MP235DAK3, STM32MP235DAL3, STM32MP235FAJ3, STM32MP235FAK3, STM32MP235FAL3, STM32MP251AAI3, STM32MP251AAK3, STM32MP251AAL3, STM32MP251CAI3, STM32MP251CAK3, STM32MP251CAL3, STM32MP251DAI3, STM32MP251DAK3, STM32MP251DAL3, STM32MP251FAI3, STM32MP251FAK3, STM32MP251FAL3, STM32MP253AAI3, STM32MP253AAK3, STM32MP253AAL3, STM32MP253CAI3, STM32MP253CAK3, STM32MP253CAL3, STM32MP253DAI3, STM32MP253DAK3, STM32MP253DAL3, STM32MP253FAI3, STM32MP253FAK3, STM32MP253FAL3, STM32MP255AAI3, STM32MP255AAK3, STM32MP255AAL3, STM32MP255CAI3, STM32MP255CAK3, STM32MP255CAL3, STM32MP255DAI3, STM32MP255DAK3, STM32MP255DAL3, STM32MP255FAI3, STM32MP255FAK3, STM32MP255FAL3, STM32MP257AAI3, STM32MP257AAK3, STM32MP257AAL3, STM32MP257CAI3, STM32MP257CAK3, STM32MP257CAL3, STM32MP257DAI3, STM32MP257DAK3, STM32MP257DAL3, STM32MP257F-DK, STM32MP257F-EV1, STM32MP257FAI3, STM32MP257FAK3, STM32MP257FAL3, STM32N645A0H3Q, STM32N645B0H3Q, STM32N645I0H3Q, STM32N645L0H3Q, STM32N645X0H3Q, STM32N645Z0H3Q, STM32N647A0H3Q, STM32N647B0H3Q, STM32N647I0H3Q, STM32N647L0H3Q, STM32N647X0H3Q, STM32N647Z0H3Q, STM32N655A0H3Q, STM32N655B0H3Q, STM32N655I0H3Q, STM32N655L0H3Q, STM32N655X0H3Q, STM32N655Z0H3Q, STM32N6570-DK, STM32N657A0H3Q, STM32N657B0H3Q, STM32N657I0H3Q, STM32N657L0H3Q, STM32N657X0H3Q, STM32N657Z0H3Q, STM32U031C6T6, STM32U031C6U6, STM32U031C8T6, STM32U031C8U6, STM32U031F4P6, STM32U031F6P6, STM32U031F8P6, STM32U031G6Y6TR, STM32U031G8Y6TR, STM32U031K4U6, STM32U031K6U6, STM32U031K8U6, STM32U031R6I6, STM32U031R6T6, STM32U031R8I6, STM32U031R8T6, STM32U073C8T6, STM32U073C8U6, STM32U073CBT6, STM32U073CBU6, STM32U073CCT6, STM32U073CCU6, STM32U073H8Y6TR, STM32U073HBY6TR, STM32U073HCY6TR, STM32U073K8U6, STM32U073KBU6, STM32U073KCU6, STM32U073M8I6, STM32U073M8T6, STM32U073MBI6, STM32U073MBT6, STM32U073MCI6, STM32U073MCT6, STM32U073R8I6, STM32U073R8T6, STM32U073RBI6, STM32U073RBT6, STM32U073RCI6, STM32U073RCT6, STM32U083C-DK, STM32U083CCT6, STM32U083CCU6, STM32U083HCY6TR, STM32U083KCU6, STM32U083MCI6, STM32U083MCT6, STM32U083RCI6, STM32U083RCT6, STM32U375CET6, STM32U375CET6Q, STM32U375CEU6, STM32U375CEU6Q, STM32U375CEY6QTR, STM32U375CGT6, STM32U375CGT6Q, STM32U375CGU6, STM32U375CGU6Q, STM32U375CGY6QTR, STM32U375KEU6, STM32U375KGU6, STM32U375REI6, STM32U375REI6Q, STM32U375RET6, STM32U375RET6Q, STM32U375REY6GTR, STM32U375REY6QTR, STM32U375RGI6, STM32U375RGI6Q, STM32U375RGT6, STM32U375RGT6Q, STM32U375RGY6GTR, STM32U375RGY6QTR, STM32U375VEI6, STM32U375VEI6Q, STM32U375VET6, STM32U375VET6Q, STM32U375VGI6, STM32U375VGI6Q, STM32U375VGT6, STM32U375VGT6Q, STM32U385CGT6, STM32U385CGT6Q, STM32U385CGU6, STM32U385CGU6Q, STM32U385CGY6QTR, STM32U385KGU6, STM32U385RGI6, STM32U385RGI6Q, STM32U385RGT6, STM32U385RGT6Q, STM32U385RGY6GTR, STM32U385RGY6QTR, STM32U385VGI6, STM32U385VGI6Q, STM32U385VGT6, STM32U385VGT6Q, STM32U535CBT6, STM32U535CBT6Q, STM32U535CBU6, STM32U535CBU6Q, STM32U535CCT6, STM32U535CCT6Q, STM32U535CCU6, STM32U535CCU6Q, STM32U535CET6, STM32U535CET6Q, STM32U535CEU6, STM32U535CEU6Q, STM32U535JEY6QTR, STM32U535NCY6QTR, STM32U535NEY6QTR, STM32U535RBI6, STM32U535RBI6Q, STM32U535RBT6, STM32U535RBT6Q, STM32U535RCI6, STM32U535RCI6Q, STM32U535RCT6, STM32U535RCT6Q, STM32U535REI6, STM32U535REI6Q, STM32U535RET6, STM32U535RET6Q, STM32U535VCI6, STM32U535VCI6Q, STM32U535VCT6, STM32U535VCT6Q, STM32U535VEI6, STM32U535VEI6Q, STM32U535VET6, STM32U535VET6Q, STM32U545CET6, STM32U545CET6Q, STM32U545CEU6, STM32U545CEU6Q, STM32U545JEY6QTR, STM32U545NEY6QTR, STM32U545REI6, STM32U545REI6Q, STM32U545RET6, STM32U545RET6Q, STM32U545VEI6, STM32U545VEI6Q, STM32U545VET6, STM32U545VET6Q, STM32U595AIH6, STM32U595AIH6Q, STM32U595AJH6, STM32U595AJH6Q, STM32U595QII6, STM32U595QII6Q, STM32U595QJI6, STM32U595QJI6Q, STM32U595RIT6, STM32U595RIT6Q, STM32U595RJT6, STM32U595RJT6Q, STM32U595VIT6, STM32U595VIT6Q, STM32U595VJT6, STM32U595VJT6Q, STM32U595ZIT6, STM32U595ZIT6Q, STM32U595ZIY6QTR, STM32U595ZJT6, STM32U595ZJT6Q, STM32U595ZJY6QTR, STM32U599BJY6QTR, STM32U599NIH6Q, STM32U599NJH6Q, STM32U599VIT6Q, STM32U599VJT6, STM32U599VJT6Q, STM32U599ZIT6Q, STM32U599ZIY6QTR, STM32U599ZJT6Q, STM32U599ZJY6QTR, STM32U5A5AJH6, STM32U5A5AJH6Q, STM32U5A5QII3Q , STM32U5A5QJI6, STM32U5A5QJI6Q, STM32U5A5RJT6, STM32U5A5RJT6Q, STM32U5A5VJT6, STM32U5A5VJT6Q, STM32U5A5ZJT6, STM32U5A5ZJT6Q, STM32U5A5ZJY6QTR, STM32U5A9BJY6QTR, STM32U5A9J-DK, STM32U5A9NJH6Q, STM32U5A9VJT6Q, STM32U5A9ZJT6Q, STM32U5A9ZJY6QTR, STM32U5F7VIT6, STM32U5F7VIT6Q, STM32U5F7VJT6, STM32U5F7VJT6Q, STM32U5F9BJY6QTR, STM32U5F9NJH6Q, STM32U5F9VIT6Q, STM32U5F9VJT6Q, STM32U5F9ZIJ6QTR, STM32U5F9ZIT6Q, STM32U5F9ZJJ6QTR, STM32U5F9ZJT6Q, STM32U5G7VJT6, STM32U5G7VJT6Q, STM32U5G9BJY6QTR, STM32U5G9J-DK1, STM32U5G9J-DK2, STM32U5G9NJH6Q, STM32U5G9VJT6Q, STM32U5G9ZJJ6QTR, STM32U5G9ZJT6Q, STM32WB05KZV6TR, STM32WB05KZV7TR, STM32WB05TZF6TR, STM32WB05TZF7TR, STM32WB06CCF6TR, STM32WB06CCF7TR, STM32WB06CCV6TR, STM32WB06CCV7TR, STM32WB06KCV6TR, STM32WB06KCV7TR, STM32WB07CCF6TR, STM32WB07CCF7TR, STM32WB07CCV6TR, STM32WB07CCV7TR, STM32WB07KCV6TR, STM32WB07KCV7TR, STM32WB09KEV6TR, STM32WB09KEV7TR, STM32WB09TEF6TR, STM32WB09TEF7TR, STM32WB1MMCH6, STM32WBA50KGU6, STM32WBA50KGU6TR, STM32WBA52CEU6, STM32WBA52CEU6TR, STM32WBA52CEU7, STM32WBA52CEU7TR, STM32WBA52CGU6, STM32WBA52CGU6TR, STM32WBA52CGU6U, STM32WBA52CGU7, STM32WBA52CGU7TR, STM32WBA52KEU6, STM32WBA52KEU6TR, STM32WBA52KGU6, STM32WBA52KGU6TR, STM32WBA54CEU6, STM32WBA54CEU6TR, STM32WBA54CEU7, STM32WBA54CEU7TR, STM32WBA54CGU6, STM32WBA54CGU6TR, STM32WBA54CGU7, STM32WBA54CGU7TR, STM32WBA54KEU6, STM32WBA54KEU6TR, STM32WBA54KEU7, STM32WBA54KEU7TR, STM32WBA54KGU6, STM32WBA54KGU6TR, STM32WBA54KGU7, STM32WBA54KGU7TR, STM32WBA55CEU6, STM32WBA55CEU6TR, STM32WBA55CEU7, STM32WBA55CEU7TR, STM32WBA55CGU6, STM32WBA55CGU6TR, STM32WBA55CGU6U, STM32WBA55CGU7, STM32WBA55CGU7TR, STM32WBA55G-DK1, STM32WBA55HEF6, STM32WBA55HEF7, STM32WBA55HGF6, STM32WBA55HGF7, STM32WBA55UEI6, STM32WBA55UEI6TR, STM32WBA55UEI7, STM32WBA55UEI7TR, STM32WBA55UGI6, STM32WBA55UGI6TR, STM32WBA55UGI7, STM32WBA55UGI7TR, STM32WBA5MMGH6TR, STM32WBA62MGF6, STM32WBA62MIF6, STM32WBA65MGF7, STM32WBA65MIF6, STM32WBA65MIF7, STM32WL30K8V6, STM32WL30KBV6, STM32WL31C8V6, STM32WL31CBV6, STM32WL31K8V6, STM32WL31KBV6, STM32WL33C8V6, STM32WL33C8V6X, STM32WL33CBV6, STM32WL33CBV6X, STM32WL33CCV6, STM32WL33CCV6A, STM32WL33CCV6X, STM32WL33K8V7, STM32WL33K8V7X, STM32WL33KBV7 , STM32WL33KBV7X, STM32WL33KCV7, STM32WL33KCV7X, STM32WL5MOCH6, STM32WL5MOCH6TR]
2026-08-28 09:45:49,182 [INFO] DbMcus:218 - Found 5314 MCUs, 5126 are supported
2026-08-28 09:45:49,183 [INFO] ApiDb:423 - Load user favorites file C:\Users\student/.stm32cubeide/favorites.mcus.txt: 0 item(s)
2026-08-28 09:45:49,183 [INFO] ApiDb:427 - User favorites MCUs=[]
2026-08-28 09:45:49,183 [INFO] DbMcus:224 - Set 0 / 0 favorites MCUs
2026-08-28 09:45:49,733 [INFO] ApiDb:668 - CubeFinder database Data Model version=2.1
2026-08-28 09:45:49,733 [INFO] ApiDb:669 - CubeFinder database Configuration version=3.0.42
2026-08-28 09:45:49,733 [INFO] ApiDb:670 - CubeFinder database generation date=2026-08-04 (1785840812)
2026-08-28 09:45:49,734 [INFO] ApiDb:671 - CubeFinder database FW Pack versions=[FP-ATR-ASTRA1_V2.0.0, FP-SNS-FLIGHT1_V5.1.0, FP-SNS-MOTENV1_V5.1.0, FP-SNS-MOTENVWB1_V1.5.0, FP-SNS-SMARTAG2_V1.2.0, FP-SNS-STBOX1_V2.1.0, STM32Cube_FW_C0_V1.4.1, STM32Cube_FW_F4_V1.28.3, STM32Cube_FW_F7_V1.17.4, STM32Cube_FW_G0_V1.6.3, STM32Cube_FW_G4_V1.6.2, STM32Cube_FW_H5_V1.7.0, STM32Cube_FW_H7RS_V1.3.0, STM32Cube_FW_H7_V1.13.0, STM32Cube_FW_L0_V1.12.2, STM32Cube_FW_L4_V1.18.2, STM32Cube_FW_L5_V1.6.0, STM32Cube_FW_N6_V1.4.0, STM32Cube_FW_U0_V1.3.0, STM32Cube_FW_U3_V1.4.0, STM32Cube_FW_U5_V1.9.0, STM32Cube_FW_WB0_V1.5.0, STM32Cube_FW_WBA_V1.10.0, STM32Cube_FW_WB_V1.24.0, STM32Cube_FW_WL3_V1.5.0, STM32Cube_FW_WL_V1.6.0, X-CUBE-ALGOBUILD_V1.5.0, X-CUBE-ALS_V1.0.2, X-CUBE-AZRTOS-F4_V1.1.0, X-CUBE-AZRTOS-F7_V1.1.0, X-CUBE-AZRTOS-G0_V1.1.0, X-CUBE-AZRTOS-G4_V2.0.0, X-CUBE-AZRTOS-H7RS_V1.3.0, X-CUBE-AZRTOS-H7_V3.5.0, X-CUBE-AZRTOS-L4_V2.0.0, X-CUBE-AZRTOS-L5_V2.0.0, X-CUBE-AZRTOS-WB_V2.0.0, X-CUBE-AZRTOS-WL_V2.0.0, X-CUBE-BLE1_V7.1.0, X-CUBE-BLE2_V3.3.0, X-CUBE-BLEMGR_V4.2.0, X-CUBE-EEPRMA1_V5.2.0, X-CUBE-FREERTOS_V1.6.0, X-CUBE-GNSS1_V7.1.1, X-CUBE-MEMS1_V13.0.0, X-CUBE-NFC4_V3.0.0, X-CUBE-NFC7_V2.0.0, X-CUBE-SFXS2LP1_V4.0.0, X-CUBE-ST67W61_V1.3.0, X-CUBE-SUBG2_V5.0.0, X-CUBE-TOF1_V3.4.3]
2026-08-28 09:45:49,783 [INFO] DbBoardsSqlite:226 - include board P-NUCLEO-WB55-NUCLEO as a kit item of type 'Nucleo-64'
2026-08-28 09:45:49,784 [INFO] DbBoardsSqlite:226 - include board P-NUCLEO-WB55-USBDONGLE as a kit item of type 'Nucleo USB Dongle'
2026-08-28 09:45:49,784 [INFO] DbBoardsSqlite:226 - include board STEVAL-IDP005V1 as a kit item of type 'Evaluation Board'
2026-08-28 09:45:49,784 [INFO] DbBoardsSqlite:226 - include board STEVAL-IDP005V2 as a kit item of type 'Evaluation Board'
2026-08-28 09:45:49,861 [INFO] ApiDb:240 - Found 880 in-development CPN: [B-G473E-ZEST1S, B-WB1M-WPAN1, B-WBA5M-WPAN, B-WL5M-SUBG1, NUCLEO-C031C6, NUCLEO-C051C8, NUCLEO-C071RB, NUCLEO-C092RC, NUCLEO-H503RB, NUCLEO-H533RE, NUCLEO-H563ZI, NUCLEO-H7S3L8, NUCLEO-N657X0-Q, NUCLEO-U031R8, NUCLEO-U083RC, NUCLEO-U385RG-Q, NUCLEO-U545RE-Q, NUCLEO-U5A5ZJ-Q, NUCLEO-WB05KZ, NUCLEO-WB07CC, NUCLEO-WB09KE, NUCLEO-WBA52CG, NUCLEO-WBA55CG, NUCLEO-WL33CC1, NUCLEO-WL33CC2, STEVAL-PROTEUS1, STEVAL-SMARTAG2, STEVAL-STWINBX1, STM320518-EVAL, STM32C0116-DK, STM32C011D6Y3TR, STM32C011D6Y6TR, STM32C011F4P3, STM32C011F4P6, STM32C011F4U3, STM32C011F4U6TR, STM32C011F6P3, STM32C011F6P6, STM32C011F6U3, STM32C011F6U6TR, STM32C011J4M3, STM32C011J4M6, STM32C011J6M3, STM32C011J6M6, STM32C0316-DK, STM32C031C4T3, STM32C031C4T6, STM32C031C4U3, STM32C031C4U6, STM32C031C6T3, STM32C031C6T6, STM32C031C6U3, STM32C031C6U6, STM32C031F4P3, STM32C031F4P6, STM32C031F6P3, STM32C031F6P6, STM32C031G4U3, STM32C031G4U6, STM32C031G6U3, STM32C031G6U6, STM32C031K4T3, STM32C031K4T6, STM32C031K4U3, STM32C031K4U6, STM32C031K6T3, STM32C031K6T6, STM32C031K6U3, STM32C031K6U6, STM32C051C6T6, STM32C051C6U6, STM32C051C8T6, STM32C051C8U6, STM32C051D8Y6TR, STM32C051F6P6, STM32C051F8P6, STM32C051G6U6, STM32C051G8U6, STM32C051K6T6, STM32C051K6U6, STM32C051K8T6, STM32C071C8T6, STM32C071C8T6N, STM32C071C8U6, STM32C071C8U6N, STM32C071CBT6, STM32C071CBT6N, STM32C071CBU6, STM32C071CBU6N, STM32C071F8P6, STM32C071F8P6N, STM32C071FBP6, STM32C071FBP6N, STM32C071FBY6TR, STM32C071G8U6, STM32C071G8U6N, STM32C071GBU6, STM32C071GBU6N, STM32C071K8T6, STM32C071K8T6N, STM32C071K8U6, STM32C071K8U6N, STM32C071KBT6, STM32C071KBT6N, STM32C071KBU6, STM32C071KBU6N, STM32C071R8T6, STM32C071R8T6N, STM32C071RBI6N, STM32C071RBT6, STM32C071RBT6N, STM32C091CBT6, STM32C091CBU6, STM32C091CCT6, STM32C091CCU6, STM32C091ECY6TR, STM32C091FBP6, STM32C091FCP6, STM32C091GBU6, STM32C091GCU6, STM32C091KBT6, STM32C091KBU6, STM32C091KCT6, STM32C091KCU6, STM32C091RBT6, STM32C091RCI6, STM32C091RCT6, STM32C092CBT6, STM32C092CBU6, STM32C092CCT6, STM32C092CCU6, STM32C092ECY6TR, STM32C092FBP6, STM32C092FCP6, STM32C092GBU6, STM32C092GCU6, STM32C092KBT6, STM32C092KBU6, STM32C092KCT6, STM32C092KCU6, STM32C092RBT6, STM32C092RCI6, STM32C092RCT6, STM32G071K8TXN, STM32G071K8UXN, STM32G081GBU6N, STM32G081KBT6N, STM32G081KBUXN, STM32G0B1CCT6N, STM32G0B1KCT6, STM32G0B1NEY6TR, STM32G0B1RCT6N, STM32G0C1CCT6, STM32G0C1CCT6N, STM32G0C1CCU6N, STM32G0C1CET6N, STM32G0C1CEU6N, STM32G0C1KCT6, STM32G0C1NEY6TR, STM32G0C1RCI6N, STM32G0C1RCT6N, STM32G0C1REI6N, STM32G0C1RET6N, STM32G0C1VCI6, STM32G0C1VEI6, STM32G411C6T3, STM32G411C6T6, STM32G411C6U3, STM32G411C6U6, STM32G411C8T3, STM32G411C8T6, STM32G411C8U3, STM32G411C8U6, STM32G411CBT3, STM32G411CBT6, STM32G411CBU3, STM32G411CBU6, STM32G411K6T3, STM32G411K6T6, STM32G411K6U3, STM32G411K6U6, STM32G411K8T3, STM32G411K8T6, STM32G411K8U3, STM32G411K8U6, STM32G411KBT3, STM32G411KBT6, STM32G411KBU3, STM32G411KBU6, STM32G411M6T3, STM32G411M6T6, STM32G411M8T3, STM32G411M8T6, STM32G411MBT3, STM32G411MBT6, STM32G411R6T3, STM32G411R6T6, STM32G411R8T3, STM32G411R8T6, STM32G411RBT3, STM32G411RBT6, STM32G414CBT3, STM32G414CBT6, STM32G414CBU3, STM32G414CBU6, STM32G414CCT3, STM32G414CCT6, STM32G414CCU3, STM32G414CCU6, STM32G414MBT3, STM32G414MBT6, STM32G414MCT3, STM32G414MCT6, STM32G414RBT3, STM32G414RBT6, STM32G414RCT3, STM32G414RCT6, STM32G414VBT3, STM32G414VBT6, STM32G414VCT3, STM32G414VCT6, STM32G431CBT3Z, STM32G431RBT3Z, STM32G471CCT6, STM32G471CCU6, STM32G471CET3, STM32G471CET6, STM32G471CEU3, STM32G471CEU6, STM32G471MCT6, STM32G471MET3, STM32G471MET6, STM32G471MEY6TR, STM32G471QCT6, STM32G471QET3, STM32G471RCT6, STM32G471RET3, STM32G471RET6, STM32G471VCH6, STM32G471VCI6, STM32G471VCT6, STM32G471VEH3, STM32G471VEH6, STM32G471VEI3, STM32G471VEI6, STM32G471VET3, STM32G471VET6, STM32G473QET3Z, STM32G473RET3Z, STM32G474CCT6, STM32G491RET3Z, STM32H503CBT6, STM32H503CBU6, STM32H503EBY6TR, STM32H503KBU6, STM32H503RBT6, STM32H523CCT6, STM32H523CCU6, STM32H523CET6, STM32H523CEU6, STM32H523HEY6TR, STM32H523RCT6, STM32H523RET6, STM32H523VCI6, STM32H523VCT6, STM32H523VEI6, STM32H523VET6, STM32H523ZCJ6, STM32H523ZCT6, STM32H523ZEJ6, STM32H523ZET6, STM32H533CET6, STM32H533CEU6, STM32H533HEY6TR, STM32H533RET6, STM32H533VEI6, STM32H533VET6, STM32H533ZEJ6, STM32H533ZET6, STM32H562AGI6, STM32H562AII6, STM32H562IGK6, STM32H562IGT6, STM32H562IIK6, STM32H562IIT6, STM32H562RGT6, STM32H562RGV6, STM32H562RIT6, STM32H562RIV6, STM32H562VGT6, STM32H562VIT6, STM32H562ZGT6, STM32H562ZIT6, STM32H563AGI6, STM32H563AII3Q, STM32H563AII6, STM32H563IGK6, STM32H563IGT6, STM32H563IIK3Q, STM32H563IIK6, STM32H563IIT3Q, STM32H563IIT6, STM32H563MIY3QTR, STM32H563RGT6, STM32H563RGV6, STM32H563RIT6, STM32H563RIV6, STM32H563VGT6, STM32H563VIT3Q, STM32H563VIT6, STM32H563ZGT6, STM32H563ZIT3Q, STM32H563ZIT6, STM32H573AII3Q, STM32H573AII6, STM32H573I-DK, STM32H573IIK3Q, STM32H573IIK6, STM32H573IIT3Q, STM32H573IIT6, STM32H573MIY3QTR, STM32H573RIT6, STM32H573RIV6, STM32H573VIT3Q, STM32H573VIT6, STM32H573ZIT3Q, STM32H573ZIT6, STM32H7R3A8I6, STM32H7R3I8K6, STM32H7R3I8T6, STM32H7R3L8H6, STM32H7R3L8H6H, STM32H7R3R8V6, STM32H7R3V8H6, STM32H7R3V8T6, STM32H7R3V8Y6TR, STM32H7R3Z8J6, STM32H7R3Z8T6, STM32H7R7A8I6, STM32H7R7I8K6, STM32H7R7I8T6, STM32H7R7L8H6, STM32H7R7L8H6H, STM32H7R7Z8J6, STM32H7S3A8I6, STM32H7S3I8K6, STM32H7S3I8T6, STM32H7S3L8H6, STM32H7S3L8H6H, STM32H7S3R8V6, STM32H7S3V8H6, STM32H7S3V8T6, STM32H7S3V8Y6TR, STM32H7S3Z8J6, STM32H7S3Z8T6, STM32H7S78-DK, STM32H7S7A8I6, STM32H7S7I8K6, STM32H7S7I8T6, STM32H7S7L8H6, STM32H7S7L8H6H, STM32H7S7Z8J6, STM32L4R5QGI6STR, STM32MP131AAE3, STM32MP131AAF3, STM32MP131AAG3, STM32MP131CAE3, STM32MP131CAF3, STM32MP131CAG3, STM32MP131DAE7, STM32MP131DAF7, STM32MP131DAG7, STM32MP131FAE7, STM32MP131FAF7, STM32MP131FAG7, STM32MP133AAE3, STM32MP133AAF3, STM32MP133AAG3, STM32MP133CAE3, STM32MP133CAF3, STM32MP133CAG3, STM32MP133DAE7, STM32MP133DAF7, STM32MP133DAG7, STM32MP133FAE7, STM32MP133FAF7, STM32MP133FAG7, STM32MP135AAE3, STM32MP135AAF3, STM32MP135AAG3, STM32MP135CAE3, STM32MP135CAF3, STM32MP135CAG3, STM32MP135DAE7, STM32MP135DAF7, STM32MP135DAG7, STM32MP135F-DK, STM32MP135FAE7, STM32MP135FAF7, STM32MP135FAF7T, STM32MP135FAF7U, STM32MP135FAG7, STM32MP211AAL3, STM32MP211AAM3, STM32MP211AAN3, STM32MP211AAO3, STM32MP211CAL3, STM32MP211CAM3, STM32MP211CAN3, STM32MP211CAO3, STM32MP211DAL3, STM32MP211DAM3, STM32MP211DAN3, STM32MP211DAO3, STM32MP211FAL3, STM32MP211FAM3, STM32MP211FAN3, STM32MP211FAO3, STM32MP213AAL3, STM32MP213AAM3, STM32MP213AAN3, STM32MP213AAO3, STM32MP213CAL3, STM32MP213CAM3, STM32MP213CAN3, STM32MP213CAO3, STM32MP213DAL3, STM32MP213DAM3, STM32MP213DAN3, STM32MP213DAO3, STM32MP213FAL3, STM32MP213FAM3, STM32MP213FAN3, STM32MP213FAO3, STM32MP215AAL3, STM32MP215AAM3, STM32MP215AAN3, STM32MP215AAO3, STM32MP215CAL3, STM32MP215CAM3, STM32MP215CAN3, STM32MP215CAO3, STM32MP215DAL3, STM32MP215DAM3, STM32MP215DAN3, STM32MP215DAO3, STM32MP215F-DK, STM32MP215FAL3, STM32MP215FAM3, STM32MP215FAN3, STM32MP215FAO3, STM32MP231AAJ3, STM32MP231AAK3, STM32MP231AAL3, STM32MP231CAJ3, STM32MP231CAK3, STM32MP231CAL3, STM32MP231DAJ3, STM32MP231DAK3, STM32MP231DAL3, STM32MP231FAJ3, STM32MP231FAK3, STM32MP231FAL3, STM32MP233AAJ3, STM32MP233AAK3, STM32MP233AAL3, STM32MP233CAJ3, STM32MP233CAK3, STM32MP233CAL3, STM32MP233DAJ3, STM32MP233DAK3, STM32MP233DAL3, STM32MP233FAJ3, STM32MP233FAK3, STM32MP233FAL3, STM32MP235AAJ3, STM32MP235AAK3, STM32MP235AAL3, STM32MP235CAJ3, STM32MP235CAK3, STM32MP235CAL3, STM32MP235DAJ3, STM32MP235DAK3, STM32MP235DAL3, STM32MP235FAJ3, STM32MP235FAK3, STM32MP235FAL3, STM32MP251AAI3, STM32MP251AAK3, STM32MP251AAL3, STM32MP251CAI3, STM32MP251CAK3, STM32MP251CAL3, STM32MP251DAI3, STM32MP251DAK3, STM32MP251DAL3, STM32MP251FAI3, STM32MP251FAK3, STM32MP251FAL3, STM32MP253AAI3, STM32MP253AAK3, STM32MP253AAL3, STM32MP253CAI3, STM32MP253CAK3, STM32MP253CAL3, STM32MP253DAI3, STM32MP253DAK3, STM32MP253DAL3, STM32MP253FAI3, STM32MP253FAK3, STM32MP253FAL3, STM32MP255AAI3, STM32MP255AAK3, STM32MP255AAL3, STM32MP255CAI3, STM32MP255CAK3, STM32MP255CAL3, STM32MP255DAI3, STM32MP255DAK3, STM32MP255DAL3, STM32MP255FAI3, STM32MP255FAK3, STM32MP255FAL3, STM32MP257AAI3, STM32MP257AAK3, STM32MP257AAL3, STM32MP257CAI3, STM32MP257CAK3, STM32MP257CAL3, STM32MP257DAI3, STM32MP257DAK3, STM32MP257DAL3, STM32MP257F-DK, STM32MP257F-EV1, STM32MP257FAI3, STM32MP257FAK3, STM32MP257FAL3, STM32N645A0H3Q, STM32N645B0H3Q, STM32N645I0H3Q, STM32N645L0H3Q, STM32N645X0H3Q, STM32N645Z0H3Q, STM32N647A0H3Q, STM32N647B0H3Q, STM32N647I0H3Q, STM32N647L0H3Q, STM32N647X0H3Q, STM32N647Z0H3Q, STM32N655A0H3Q, STM32N655B0H3Q, STM32N655I0H3Q, STM32N655L0H3Q, STM32N655X0H3Q, STM32N655Z0H3Q, STM32N6570-DK, STM32N657A0H3Q, STM32N657B0H3Q, STM32N657I0H3Q, STM32N657L0H3Q, STM32N657X0H3Q, STM32N657Z0H3Q, STM32U031C6T6, STM32U031C6U6, STM32U031C8T6, STM32U031C8U6, STM32U031F4P6, STM32U031F6P6, STM32U031F8P6, STM32U031G6Y6TR, STM32U031G8Y6TR, STM32U031K4U6, STM32U031K6U6, STM32U031K8U6, STM32U031R6I6, STM32U031R6T6, STM32U031R8I6, STM32U031R8T6, STM32U073C8T6, STM32U073C8U6, STM32U073CBT6, STM32U073CBU6, STM32U073CCT6, STM32U073CCU6, STM32U073H8Y6TR, STM32U073HBY6TR, STM32U073HCY6TR, STM32U073K8U6, STM32U073KBU6, STM32U073KCU6, STM32U073M8I6, STM32U073M8T6, STM32U073MBI6, STM32U073MBT6, STM32U073MCI6, STM32U073MCT6, STM32U073R8I6, STM32U073R8T6, STM32U073RBI6, STM32U073RBT6, STM32U073RCI6, STM32U073RCT6, STM32U083C-DK, STM32U083CCT6, STM32U083CCU6, STM32U083HCY6TR, STM32U083KCU6, STM32U083MCI6, STM32U083MCT6, STM32U083RCI6, STM32U083RCT6, STM32U375CET6, STM32U375CET6Q, STM32U375CEU6, STM32U375CEU6Q, STM32U375CEY6QTR, STM32U375CGT6, STM32U375CGT6Q, STM32U375CGU6, STM32U375CGU6Q, STM32U375CGY6QTR, STM32U375KEU6, STM32U375KGU6, STM32U375REI6, STM32U375REI6Q, STM32U375RET6, STM32U375RET6Q, STM32U375REY6GTR, STM32U375REY6QTR, STM32U375RGI6, STM32U375RGI6Q, STM32U375RGT6, STM32U375RGT6Q, STM32U375RGY6GTR, STM32U375RGY6QTR, STM32U375VEI6, STM32U375VEI6Q, STM32U375VET6, STM32U375VET6Q, STM32U375VGI6, STM32U375VGI6Q, STM32U375VGT6, STM32U375VGT6Q, STM32U385CGT6, STM32U385CGT6Q, STM32U385CGU6, STM32U385CGU6Q, STM32U385CGY6QTR, STM32U385KGU6, STM32U385RGI6, STM32U385RGI6Q, STM32U385RGT6, STM32U385RGT6Q, STM32U385RGY6GTR, STM32U385RGY6QTR, STM32U385VGI6, STM32U385VGI6Q, STM32U385VGT6, STM32U385VGT6Q, STM32U535CBT6, STM32U535CBT6Q, STM32U535CBU6, STM32U535CBU6Q, STM32U535CCT6, STM32U535CCT6Q, STM32U535CCU6, STM32U535CCU6Q, STM32U535CET6, STM32U535CET6Q, STM32U535CEU6, STM32U535CEU6Q, STM32U535JEY6QTR, STM32U535NCY6QTR, STM32U535NEY6QTR, STM32U535RBI6, STM32U535RBI6Q, STM32U535RBT6, STM32U535RBT6Q, STM32U535RCI6, STM32U535RCI6Q, STM32U535RCT6, STM32U535RCT6Q, STM32U535REI6, STM32U535REI6Q, STM32U535RET6, STM32U535RET6Q, STM32U535VCI6, STM32U535VCI6Q, STM32U535VCT6, STM32U535VCT6Q, STM32U535VEI6, STM32U535VEI6Q, STM32U535VET6, STM32U535VET6Q, STM32U545CET6, STM32U545CET6Q, STM32U545CEU6, STM32U545CEU6Q, STM32U545JEY6QTR, STM32U545NEY6QTR, STM32U545REI6, STM32U545REI6Q, STM32U545RET6, STM32U545RET6Q, STM32U545VEI6, STM32U545VEI6Q, STM32U545VET6, STM32U545VET6Q, STM32U595AIH6, STM32U595AIH6Q, STM32U595AJH6, STM32U595AJH6Q, STM32U595QII6, STM32U595QII6Q, STM32U595QJI6, STM32U595QJI6Q, STM32U595RIT6, STM32U595RIT6Q, STM32U595RJT6, STM32U595RJT6Q, STM32U595VIT6, STM32U595VIT6Q, STM32U595VJT6, STM32U595VJT6Q, STM32U595ZIT6, STM32U595ZIT6Q, STM32U595ZIY6QTR, STM32U595ZJT6, STM32U595ZJT6Q, STM32U595ZJY6QTR, STM32U599BJY6QTR, STM32U599NIH6Q, STM32U599NJH6Q, STM32U599VIT6Q, STM32U599VJT6, STM32U599VJT6Q, STM32U599ZIT6Q, STM32U599ZIY6QTR, STM32U599ZJT6Q, STM32U599ZJY6QTR, STM32U5A5AJH6, STM32U5A5AJH6Q, STM32U5A5QII3Q , STM32U5A5QJI6, STM32U5A5QJI6Q, STM32U5A5RJT6, STM32U5A5RJT6Q, STM32U5A5VJT6, STM32U5A5VJT6Q, STM32U5A5ZJT6, STM32U5A5ZJT6Q, STM32U5A5ZJY6QTR, STM32U5A9BJY6QTR, STM32U5A9J-DK, STM32U5A9NJH6Q, STM32U5A9VJT6Q, STM32U5A9ZJT6Q, STM32U5A9ZJY6QTR, STM32U5F7VIT6, STM32U5F7VIT6Q, STM32U5F7VJT6, STM32U5F7VJT6Q, STM32U5F9BJY6QTR, STM32U5F9NJH6Q, STM32U5F9VIT6Q, STM32U5F9VJT6Q, STM32U5F9ZIJ6QTR, STM32U5F9ZIT6Q, STM32U5F9ZJJ6QTR, STM32U5F9ZJT6Q, STM32U5G7VJT6, STM32U5G7VJT6Q, STM32U5G9BJY6QTR, STM32U5G9J-DK1, STM32U5G9J-DK2, STM32U5G9NJH6Q, STM32U5G9VJT6Q, STM32U5G9ZJJ6QTR, STM32U5G9ZJT6Q, STM32WB05KZV6TR, STM32WB05KZV7TR, STM32WB05TZF6TR, STM32WB05TZF7TR, STM32WB06CCF6TR, STM32WB06CCF7TR, STM32WB06CCV6TR, STM32WB06CCV7TR, STM32WB06KCV6TR, STM32WB06KCV7TR, STM32WB07CCF6TR, STM32WB07CCF7TR, STM32WB07CCV6TR, STM32WB07CCV7TR, STM32WB07KCV6TR, STM32WB07KCV7TR, STM32WB09KEV6TR, STM32WB09KEV7TR, STM32WB09TEF6TR, STM32WB09TEF7TR, STM32WB1MMCH6, STM32WBA50KGU6, STM32WBA50KGU6TR, STM32WBA52CEU6, STM32WBA52CEU6TR, STM32WBA52CEU7, STM32WBA52CEU7TR, STM32WBA52CGU6, STM32WBA52CGU6TR, STM32WBA52CGU6U, STM32WBA52CGU7, STM32WBA52CGU7TR, STM32WBA52KEU6, STM32WBA52KEU6TR, STM32WBA52KGU6, STM32WBA52KGU6TR, STM32WBA54CEU6, STM32WBA54CEU6TR, STM32WBA54CEU7, STM32WBA54CEU7TR, STM32WBA54CGU6, STM32WBA54CGU6TR, STM32WBA54CGU7, STM32WBA54CGU7TR, STM32WBA54KEU6, STM32WBA54KEU6TR, STM32WBA54KEU7, STM32WBA54KEU7TR, STM32WBA54KGU6, STM32WBA54KGU6TR, STM32WBA54KGU7, STM32WBA54KGU7TR, STM32WBA55CEU6, STM32WBA55CEU6TR, STM32WBA55CEU7, STM32WBA55CEU7TR, STM32WBA55CGU6, STM32WBA55CGU6TR, STM32WBA55CGU6U, STM32WBA55CGU7, STM32WBA55CGU7TR, STM32WBA55G-DK1, STM32WBA55HEF6, STM32WBA55HEF7, STM32WBA55HGF6, STM32WBA55HGF7, STM32WBA55UEI6, STM32WBA55UEI6TR, STM32WBA55UEI7, STM32WBA55UEI7TR, STM32WBA55UGI6, STM32WBA55UGI6TR, STM32WBA55UGI7, STM32WBA55UGI7TR, STM32WBA5MMGH6TR, STM32WBA62MGF6, STM32WBA62MIF6, STM32WBA65MGF7, STM32WBA65MIF6, STM32WBA65MIF7, STM32WL30K8V6, STM32WL30KBV6, STM32WL31C8V6, STM32WL31CBV6, STM32WL31K8V6, STM32WL31KBV6, STM32WL33C8V6, STM32WL33C8V6X, STM32WL33CBV6, STM32WL33CBV6X, STM32WL33CCV6, STM32WL33CCV6A, STM32WL33CCV6X, STM32WL33K8V7, STM32WL33K8V7X, STM32WL33KBV7 , STM32WL33KBV7X, STM32WL33KCV7, STM32WL33KCV7X, STM32WL5MOCH6, STM32WL5MOCH6TR]
2026-08-28 09:45:50,207 [INFO] BoardInfo:889 - No configuration file found for board NUCLEO-H553ZG
2026-08-28 09:45:50,209 [INFO] DbBoards:161 - Board is not supported: NUCLEO-H553ZG
2026-08-28 09:45:50,213 [INFO] BoardInfo:889 - No configuration file found for board NUCLEO-H5E5ZJ
2026-08-28 09:45:50,215 [INFO] DbBoards:161 - Board is not supported: NUCLEO-H5E5ZJ
2026-08-28 09:45:50,306 [INFO] BoardInfo:889 - No configuration file found for board NUCLEO-U3C5ZI-Q
2026-08-28 09:45:50,308 [INFO] DbBoards:161 - Board is not supported: NUCLEO-U3C5ZI-Q
2026-08-28 09:45:50,332 [INFO] BoardInfo:889 - No configuration file found for board NUCLEO-WBA25CE1
2026-08-28 09:45:50,334 [INFO] DbBoards:161 - Board is not supported: NUCLEO-WBA25CE1
2026-08-28 09:45:50,349 [INFO] BoardInfo:889 - No configuration file found for board NUCLEO-WL3RKB1
2026-08-28 09:45:50,351 [INFO] DbBoards:161 - Board is not supported: NUCLEO-WL3RKB1
2026-08-28 09:45:50,352 [INFO] BoardInfo:889 - No configuration file found for board NUCLEO-WL3RKB2
2026-08-28 09:45:50,354 [INFO] DbBoards:161 - Board is not supported: NUCLEO-WL3RKB2
2026-08-28 09:45:50,366 [INFO] BoardInfo:889 - No configuration file found for board P-NUCLEO-WB55
2026-08-28 09:45:50,368 [INFO] DbBoards:161 - Kit is not supported: P-NUCLEO-WB55
2026-08-28 09:45:50,378 [INFO] BoardInfo:889 - No configuration file found for board STEVAL-BFA001V1B
2026-08-28 09:45:50,379 [INFO] DbBoards:161 - Kit is not supported: STEVAL-BFA001V1B
2026-08-28 09:45:50,381 [INFO] BoardInfo:889 - No configuration file found for board STEVAL-BFA001V2B
2026-08-28 09:45:50,382 [INFO] DbBoards:161 - Kit is not supported: STEVAL-BFA001V2B
2026-08-28 09:45:50,705 [INFO] BoardInfo:889 - No configuration file found for board STM32H5F5J-DK
2026-08-28 09:45:50,707 [INFO] DbBoards:161 - Board is not supported: STM32H5F5J-DK
2026-08-28 09:45:50,885 [INFO] DbBoards:168 - Found 219 boards, 209 are supported
2026-08-28 09:45:50,886 [INFO] DbBoards:169 - Found 219 boards, 43 of them is supported for  Bsp
2026-08-28 09:45:50,892 [INFO] ApiDb:423 - Load user favorites file C:\Users\student/.stm32cubeide/favorites.boards.txt: 0 item(s)
2026-08-28 09:45:50,894 [INFO] ApiDb:427 - User favorites Boards=[]
2026-08-28 09:45:50,898 [INFO] DbBoards:198 - Set 0 / 0 favorites Boards
2026-08-28 09:45:50,905 [INFO] McuFinderGlobals:76 - Set McuFinderConnectedMode to true
2026-08-28 09:45:50,935 [INFO] MultiScanPanel:200 - Auto-refresh data requested => check proxy status ongoing
2026-08-28 09:45:50,945 [INFO] FinderPluginLoader:96 - Searching for filters in installed packs
2026-08-28 09:45:53,001 [INFO] LoadUrlFilesThread:185 - End of LoadServerUrlFiles without Thread
2026-08-28 09:45:53,084 [INFO] DetailPanel:341 - Set advertising image to C:/Users/student/STM32Cube/Repository/\en.stm32h5cubemxbanner.png
2026-08-28 09:45:56,808 [INFO] MultiScanPanel:200 - Auto-refresh data requested => check proxy status ongoing
2026-08-28 09:45:56,956 [INFO] LoadUrlFilesThread:185 - End of LoadServerUrlFiles without Thread
2026-08-28 09:45:56,956 [INFO] DetailPanel:341 - Set advertising image to C:/Users/student/STM32Cube/Repository/\en.stm32h5cubemxbanner.png
2026-08-28 09:45:56,969 [INFO] DbBoards:642 - Loading board mini-images...
2026-08-28 09:45:57,617 [ERROR] DbBoards:659 - Image file not found for board NUCLEO-H553ZG: C:\Users\student\.stmcufinder\plugins\mcufinder//mcu//boards_images/NUCLEO-H553ZG.jpg
2026-08-28 09:45:59,535 [INFO] DbBoards:665 - Loaded 218 board mini-images
2026-08-28 09:47:53,782 [INFO] MainUpdater:2872 - connection check result : 10
2026-08-28 09:47:53,782 [INFO] MainUpdater:2872 - connection check result : 10
2026-08-28 09:47:53,834 [INFO] MicroXplorer:468 - Change Database Path : 
2026-08-28 09:47:53,834 [INFO] MicroXplorer:498 - Change Database Version : DB.6.0.150
2026-08-28 09:47:53,848 [WARN] ThirdParty:871 - waiting for thirdparty lock release [close project]
2026-08-28 09:47:53,848 [INFO] ThirdParty:873 - entering critical section [close project]
2026-08-28 09:47:53,858 [INFO] ThirdParty:883 - exiting critical section [close project]
2026-08-28 09:47:53,861 [INFO] PinOutPanel:1589 - setPackage(No Configuration,No Configuration)
2026-08-28 09:47:53,862 [INFO] UtilMem:75 - Begin LoadConfig() Used Memory: 986244952 Bytes (1073741824)
2026-08-28 09:47:53,865 [INFO] OpenFileManager:355 - Change cursor
2026-08-28 09:47:54,022 [INFO] ProjectFactory:514 - No CPN specified for board B-L4S5I-IOT01A => set CPN to STM32L4S5VIT6
2026-08-28 09:47:54,022 [INFO] Mcu:2029 - Initializing MCU STM32L4S5VITx STM32L4S5VITx STM32L4S5VIT6
2026-08-28 09:47:57,604 [INFO] Context:786 - Trying to add GPIOservice into a context  which must be forbidden
2026-08-28 09:47:58,577 [INFO] Rule:233 - rule 117617 - U5Cobra4M][GTZC] default value MPCBB3 and MPCBB5 - Not Secured memory - MPCBB1 is applicable
2026-08-28 09:47:58,577 [INFO] Rule:233 - rule 117617 - U5Cobra4M][GTZC] default value MPCBB3 and MPCBB5 - Not Secured memory - MPCBB1 is applicable
2026-08-28 09:47:58,578 [INFO] Rule:233 - rule 117617 - U5Cobra4M][GTZC] default value MPCBB3 and MPCBB5 - Not Secured memory - MPCBB2 is applicable
2026-08-28 09:47:58,578 [INFO] Rule:233 - rule 117617 - U5Cobra4M][GTZC] default value MPCBB3 and MPCBB5 - Not Secured memory - MPCBB2 is applicable
2026-08-28 09:47:58,578 [INFO] Rule:233 - rule 117617 - U5Cobra4M][GTZC] default value MPCBB3 and MPCBB5 - Not Secured memory - MPCBB3 is applicable
2026-08-28 09:47:58,578 [INFO] Rule:233 - rule 117617 - U5Cobra4M][GTZC] default value MPCBB3 and MPCBB5 - Not Secured memory - MPCBB3 is applicable
2026-08-28 09:47:58,578 [INFO] Rule:233 - rule 117617 - U5Cobra4M][GTZC] default value MPCBB3 and MPCBB5 - Not Secured memory - MPCBB4 is applicable
2026-08-28 09:47:58,578 [INFO] Rule:233 - rule 117617 - U5Cobra4M][GTZC] default value MPCBB3 and MPCBB5 - Not Secured memory - MPCBB4 is applicable
2026-08-28 09:47:58,578 [INFO] Rule:233 - rule 117617 - U5Cobra4M][GTZC] default value MPCBB3 and MPCBB5 - Secured memory - MPCBB1 is applicable
2026-08-28 09:47:58,578 [INFO] Rule:233 - rule 117617 - U5Cobra4M][GTZC] default value MPCBB3 and MPCBB5 - Secured memory - MPCBB2 is applicable
2026-08-28 09:47:58,578 [INFO] Rule:233 - rule 117617 - U5Cobra4M][GTZC] default value MPCBB3 and MPCBB5 - Secured memory - MPCBB3 is applicable
2026-08-28 09:47:58,578 [INFO] Rule:233 - rule 117617 - U5Cobra4M][GTZC] default value MPCBB3 and MPCBB5 - Secured memory - MPCBB4 is applicable
2026-08-28 09:47:58,578 [INFO] Rule:233 - rule 117617 - U5Cobra4M][GTZC] default value MPCBB3 and MPCBB5 - Privileged memory - MPCBB1 is applicable
2026-08-28 09:47:58,578 [INFO] Rule:233 - rule 117617 - U5Cobra4M][GTZC] default value MPCBB3 and MPCBB5 - Privileged memory - MPCBB2 is applicable
2026-08-28 09:47:58,578 [INFO] Rule:233 - rule 117617 - U5Cobra4M][GTZC] default value MPCBB3 and MPCBB5 - Privileged memory - MPCBB3 is applicable
2026-08-28 09:47:58,578 [INFO] Rule:233 - rule 117617 - U5Cobra4M][GTZC] default value MPCBB3 and MPCBB5 - Privileged memory - MPCBB4 is applicable
2026-08-28 09:47:58,578 [INFO] Rule:233 - rule 117617 - U5Cobra4M][GTZC] default value MPCBB3 and MPCBB5 - Not Privileged memory - MPCBB1 is applicable
2026-08-28 09:47:58,578 [INFO] Rule:233 - rule 117617 - U5Cobra4M][GTZC] default value MPCBB3 and MPCBB5 - Not Privileged memory - MPCBB2 is applicable
2026-08-28 09:47:58,578 [INFO] Rule:233 - rule 117617 - U5Cobra4M][GTZC] default value MPCBB3 and MPCBB5 - Not Privileged memory - MPCBB3 is applicable
2026-08-28 09:47:58,578 [INFO] Rule:233 - rule 117617 - U5Cobra4M][GTZC] default value MPCBB3 and MPCBB5 - Not Privileged memory - MPCBB4 is applicable
2026-08-28 09:47:58,578 [INFO] Rule:233 - rule 117617 - U5Cobra4M][GTZC] default value MPCBB3 and MPCBB5 - Privileged memory - MPCBB1 is applicable
2026-08-28 09:47:58,578 [INFO] Rule:233 - rule 117617 - U5Cobra4M][GTZC] default value MPCBB3 and MPCBB5 - Privileged memory - MPCBB2 is applicable
2026-08-28 09:47:58,578 [INFO] Rule:233 - rule 117617 - U5Cobra4M][GTZC] default value MPCBB3 and MPCBB5 - Privileged memory - MPCBB3 is applicable
2026-08-28 09:47:58,579 [INFO] Rule:233 - rule 117617 - U5Cobra4M][GTZC] default value MPCBB3 and MPCBB5 - Privileged memory - MPCBB4 is applicable
2026-08-28 09:47:58,579 [INFO] Rule:233 - rule 117617 - U5Cobra4M][GTZC] default value MPCBB3 and MPCBB5 - Privileged memory - MPCBB1 is applicable
2026-08-28 09:47:58,579 [INFO] Rule:233 - rule 117617 - U5Cobra4M][GTZC] default value MPCBB3 and MPCBB5 - Privileged memory - MPCBB2 is applicable
2026-08-28 09:47:58,579 [INFO] Rule:233 - rule 117617 - U5Cobra4M][GTZC] default value MPCBB3 and MPCBB5 - Privileged memory - MPCBB3 is applicable
2026-08-28 09:47:58,579 [INFO] Rule:233 - rule 117617 - U5Cobra4M][GTZC] default value MPCBB3 and MPCBB5 - Privileged memory - MPCBB4 is applicable
2026-08-28 09:47:58,579 [INFO] Rule:233 - rule 117617 - U5Cobra4M][GTZC] default value MPCBB3 and MPCBB5 - Not Privileged memory - MPCBB1 is applicable
2026-08-28 09:47:58,579 [INFO] Rule:233 - rule 117617 - U5Cobra4M][GTZC] default value MPCBB3 and MPCBB5 - Not Privileged memory - MPCBB2 is applicable
2026-08-28 09:47:58,579 [INFO] Rule:233 - rule 117617 - U5Cobra4M][GTZC] default value MPCBB3 and MPCBB5 - Not Privileged memory - MPCBB3 is applicable
2026-08-28 09:47:58,579 [INFO] Rule:233 - rule 117617 - U5Cobra4M][GTZC] default value MPCBB3 and MPCBB5 - Not Privileged memory - MPCBB4 is applicable
2026-08-28 09:47:58,579 [INFO] Rule:233 - rule 117617 - U5Cobra4M][GTZC] default value MPCBB3 and MPCBB5 - Privileged memory - MPCBB1 is applicable
2026-08-28 09:47:58,579 [INFO] Rule:233 - rule 117617 - U5Cobra4M][GTZC] default value MPCBB3 and MPCBB5 - Privileged memory - MPCBB2 is applicable
2026-08-28 09:47:58,579 [INFO] Rule:233 - rule 117617 - U5Cobra4M][GTZC] default value MPCBB3 and MPCBB5 - Privileged memory - MPCBB3 is applicable
2026-08-28 09:47:58,579 [INFO] Rule:233 - rule 117617 - U5Cobra4M][GTZC] default value MPCBB3 and MPCBB5 - Privileged memory - MPCBB4 is applicable
2026-08-28 09:47:58,579 [INFO] Rule:233 - rule WakeUp0 Mode is applicable
2026-08-28 09:47:58,579 [INFO] Rule:233 - rule WakeUp0 SIGNAL is applicable
2026-08-28 09:47:58,579 [INFO] Rule:233 - rule WakeUp1 Mode is applicable
2026-08-28 09:47:58,579 [INFO] Rule:233 - rule WakeUp1 SIGNAL is applicable
2026-08-28 09:47:58,579 [INFO] Rule:233 - rule WakeUp2 Mode is applicable
2026-08-28 09:47:58,579 [INFO] Rule:233 - rule WakeUp2 SIGNAL is applicable
2026-08-28 09:47:58,579 [INFO] Rule:233 - rule WakeUp4 Mode is applicable
2026-08-28 09:47:58,579 [INFO] Rule:233 - rule WakeUp4 SIGNAL is applicable
2026-08-28 09:47:58,579 [INFO] Rule:233 - rule WakeUp5 Mode is applicable
2026-08-28 09:47:58,580 [INFO] Rule:233 - rule WakeUp5 SIGNAL is applicable
2026-08-28 09:47:58,580 [INFO] Rule:233 - rule Change Default Value for LSE Drive Capability for WB family is applicable
2026-08-28 09:47:58,580 [INFO] Rule:233 - rule change FDCAN default value is applicable
2026-08-28 09:47:58,580 [INFO] Rule:233 - rule Adapt Old IOC before rework replace old CORTEX_M33/CORTEX_M55 attributes by the new one. is applicable
2026-08-28 09:47:58,580 [INFO] Rule:233 - rule Rename parametre of RCC RCC_APBDBG_DIV2 to RCC_TIMPRES_DIV2 is applicable
2026-08-28 09:47:58,580 [INFO] Rule:233 - rule Rename DIE493 pin PA10 [PA12] -> PA10 is applicable
2026-08-28 09:47:58,580 [INFO] Rule:233 - rule Rename DIE493 pin PA9 [PA11] -> PA9 is applicable
2026-08-28 09:47:58,580 [INFO] Rule:233 - rule Rename DIE492 PartNumber CPN STM32WBA5MJGHx -> STM32WBA5MMGHx is applicable
2026-08-28 09:47:58,580 [INFO] Rule:233 - rule Rename DIE492 PartNumber  Name STM32WBA5MJGHx -> STM32WBA5MMGHx is applicable
2026-08-28 09:47:58,580 [INFO] Rule:233 - rule Rename DIE492 PartNumber UserName STM32WBA5MJGHx -> STM32WBA5MMGHx is applicable
2026-08-28 09:47:58,580 [INFO] Rule:233 - rule Rename DIE492 PartNumber DeviceId STM32WBA5MJGHx -> STM32WBA5MMGHx is applicable
2026-08-28 09:47:58,580 [INFO] Rule:233 - rule Adapt Old IOC CSI. is applicable
2026-08-28 09:47:58,581 [INFO] Rule:233 - rule Adapt Old IOC DCMIPP. is applicable
2026-08-28 09:47:58,581 [INFO] Rule:233 - rule Adapt Old IOC DCMIPP Mode Parallel. is applicable
2026-08-28 09:47:58,581 [INFO] Rule:233 - rule Adapt Old IOC LTDC. is applicable
2026-08-28 09:47:58,581 [INFO] Rule:233 - rule Rename STM32MP2 RIF Peripheral LTDC RIF.RISUP.LTDC_L0L1.Privilege -> RIF.RISUP.LTDC_L1L2.Privilege is applicable
2026-08-28 09:47:58,581 [INFO] Rule:233 - rule Rename STM32MP2 RIF Peripheral LTDC RIF.RISUP.LTDC_L0L1.Privilege -> RIF.RISUP.LTDC_L1L2.Privilege is applicable
2026-08-28 09:47:58,581 [INFO] Rule:233 - rule Rename STM32MP2 RIF Peripheral LTDC RIF.RISUP.LTDC_L0L1.Lock -> RIF.RISUP.LTDC_L1L2.Lock is applicable
2026-08-28 09:47:58,581 [INFO] Rule:233 - rule Rename STM32MP2 RIF Peripheral LTDC RIF.RISUP.LTDC_L2.Lock -> RIF.RISUP.LTDC_L3.Lock is applicable
2026-08-28 09:47:58,581 [INFO] Rule:233 - rule Adapt the old IOC example for updating the SYS when it is misconfigured. is applicable
2026-08-28 09:47:58,581 [INFO] Rule:233 - rule Rename STM32C09 Mcu.Package LQFP64 -> LQFP48 is applicable
2026-08-28 09:47:58,581 [INFO] Rule:233 - rule Adapt the old IOC example for updating the SYS when it is misconfigured. is applicable
2026-08-28 09:47:58,581 [INFO] Rule:233 - rule Adapt the old IOC example for updating the SYS when it is misconfigured. is applicable
2026-08-28 09:47:58,588 [INFO] DbConfProperties:307 - Apply Compatibility (5/68 Rules)
2026-08-28 09:47:58,668 [INFO] ImportTextPane:234 - (OptionalMessage_ERROR) Pin84 (VP_RIF_VS_RIF1) cannot be retrieved for this MCU
2026-08-28 09:47:58,878 [INFO] RtosManager:558 - Registered RTOS mode: class=CMSIS, group=RTOS, mode=CMSIS_V1, owner=FREERTOS
2026-08-28 09:47:58,878 [INFO] RtosManager:558 - Registered RTOS mode: class=CMSIS, group=RTOS2, mode=CMSIS_V2, owner=FREERTOS
2026-08-28 09:47:58,878 [INFO] RtosManager:558 - Registered RTOS mode: class=RTOS, group=Core, mode=CMSIS_V1, owner=FREERTOS
2026-08-28 09:47:58,878 [INFO] RtosManager:558 - Registered RTOS mode: class=RTOS, group=Core, mode=CMSIS_V2, owner=FREERTOS
2026-08-28 09:47:58,879 [WARN] ModelIntegratedComponent:184 - Missing modes for component STMicroelectronics:FreeRTOS:0.0.1:STMicroelectronics:RTOS:FreeRTOS:Core:::10.2.0:
2026-08-28 09:47:58,972 [WARN] ModelIntegratedComponent:63 - No mode defined for component null
2026-08-28 09:47:58,972 [WARN] ModelIntegratedComponent:63 - No mode defined for component null
2026-08-28 09:47:58,972 [WARN] ModelIntegratedComponent:63 - No mode defined for component null
2026-08-28 09:47:58,972 [WARN] ModelIntegratedComponent:63 - No mode defined for component null
2026-08-28 09:47:58,973 [WARN] ModelIntegratedComponent:63 - No mode defined for component null
2026-08-28 09:47:58,973 [WARN] ModelIntegratedComponent:63 - No mode defined for component null
2026-08-28 09:47:58,973 [WARN] ModelIntegratedComponent:63 - No mode defined for component null
2026-08-28 09:47:58,973 [WARN] ModelIntegratedComponent:63 - No mode defined for component null
2026-08-28 09:47:58,973 [WARN] ModelIntegratedComponent:63 - No mode defined for component null
2026-08-28 09:47:58,973 [WARN] ModelIntegratedComponent:63 - No mode defined for component null
2026-08-28 09:47:58,973 [WARN] ModelIntegratedComponent:63 - No mode defined for component null
2026-08-28 09:47:58,974 [WARN] ModelIntegratedComponent:63 - No mode defined for component null
2026-08-28 09:47:58,974 [WARN] ModelIntegratedComponent:63 - No mode defined for component null
2026-08-28 09:47:58,974 [WARN] ModelIntegratedComponent:63 - No mode defined for component null
2026-08-28 09:47:58,974 [WARN] ModelIntegratedComponent:63 - No mode defined for component null
2026-08-28 09:47:58,974 [WARN] ModelIntegratedComponent:63 - No mode defined for component null
2026-08-28 09:47:58,974 [WARN] ModelIntegratedComponent:63 - No mode defined for component null
2026-08-28 09:47:58,974 [WARN] ModelIntegratedComponent:63 - No mode defined for component null
2026-08-28 09:47:58,974 [WARN] ModelIntegratedComponent:63 - No mode defined for component null
2026-08-28 09:47:58,974 [WARN] ModelIntegratedComponent:63 - No mode defined for component null
2026-08-28 09:47:58,974 [WARN] ModelIntegratedComponent:63 - No mode defined for component null
2026-08-28 09:47:58,974 [WARN] ModelIntegratedComponent:63 - No mode defined for component null
2026-08-28 09:47:58,974 [WARN] ModelIntegratedComponent:63 - No mode defined for component null
2026-08-28 09:47:58,974 [WARN] ModelIntegratedComponent:63 - No mode defined for component null
2026-08-28 09:47:58,974 [WARN] ModelIntegratedComponent:63 - No mode defined for component null
2026-08-28 09:47:58,974 [WARN] ModelIntegratedComponent:63 - No mode defined for component null
2026-08-28 09:47:58,976 [WARN] ModelIntegratedComponent:63 - No mode defined for component null
2026-08-28 09:47:58,976 [WARN] ModelIntegratedComponent:63 - No mode defined for component null
2026-08-28 09:47:58,978 [WARN] ModelIntegratedComponent:63 - No mode defined for component null
2026-08-28 09:47:58,978 [WARN] ModelIntegratedComponent:63 - No mode defined for component null
2026-08-28 09:47:58,978 [WARN] ModelIntegratedComponent:63 - No mode defined for component null
2026-08-28 09:47:58,978 [WARN] ModelIntegratedComponent:63 - No mode defined for component null
2026-08-28 09:47:58,978 [WARN] ModelIntegratedComponent:63 - No mode defined for component null
2026-08-28 09:47:58,978 [WARN] ModelIntegratedComponent:63 - No mode defined for component null
2026-08-28 09:47:58,978 [WARN] ModelIntegratedComponent:63 - No mode defined for component null
2026-08-28 09:47:58,979 [WARN] ModelPack:524 - Component already loaded: STMicroelectronics:HAL Drivers:0.0.0:STMicroelectronics:Device:STMicro_Driver:XSPI:HAL::0.0.1:HAL_XSPI
2026-08-28 09:47:59,023 [INFO] ThirdPartyModel:298 - Start build external matchings
2026-08-28 09:47:59,489 [INFO] ThirdPartyModel:316 - End build external matchings
2026-08-28 09:47:59,514 [WARN] IP:2250 - MaxTran not found: check if there is a RefParameter without a condition.
2026-08-28 09:47:59,514 [WARN] IP:2250 - Refresh not found: check if there is a RefParameter without a condition.
2026-08-28 09:47:59,514 [INFO] ImportTextPane:234 - (OptionalMessage_ERROR) IP (RCC) : Invalid parameter (FamilyName)
2026-08-28 09:47:59,831 [INFO] UtilMem:75 - End LoadConfig() Used Memory: 848018584 Bytes (1073741824)
2026-08-28 09:48:00,022 [WARN] ThirdParty:833 - waiting for thirdparty lock release [change project]
2026-08-28 09:48:00,023 [INFO] ThirdParty:835 - entering critical section [change project]
2026-08-28 09:48:00,023 [INFO] ThirdParty:1030 - CMSIS Pack Vendor :STMicroelectronics X-CUBE-AZRTOS-H7 3.5.0
2026-08-28 09:48:00,023 [INFO] ThirdParty:1030 - CMSIS Pack Vendor :STMicroelectronics X-CUBE-PM33A1 1.0.0
2026-08-28 09:48:00,023 [INFO] ThirdParty:1030 - CMSIS Pack Vendor :STMicroelectronics USBPD 4.1
2026-08-28 09:48:00,023 [INFO] ThirdParty:1030 - CMSIS Pack Vendor :STMicroelectronics X-CUBE-NFC9 1.0.0
2026-08-28 09:48:00,023 [INFO] ThirdParty:1030 - CMSIS Pack Vendor :STMicroelectronics USB_HOST 2.0.0
2026-08-28 09:48:00,023 [INFO] ThirdParty:1030 - CMSIS Pack Vendor :STMicroelectronics FP-ATR-ASTRA1 2.0.3
2026-08-28 09:48:00,023 [INFO] ThirdParty:1030 - CMSIS Pack Vendor :STMicroelectronics X-CUBE-AZRTOS-F4 1.1.0
2026-08-28 09:48:00,023 [INFO] ThirdParty:1030 - CMSIS Pack Vendor :STMicroelectronics LIBJPEG 8.0.0
2026-08-28 09:48:00,023 [INFO] ThirdParty:1030 - CMSIS Pack Vendor :STMicroelectronics X-CUBE-BLE1 7.1.0
2026-08-28 09:48:00,023 [INFO] ThirdParty:1030 - CMSIS Pack Vendor :wolfSSL I-CUBE-wolfMQTT 1.19.2
2026-08-28 09:48:00,023 [INFO] ThirdParty:1030 - CMSIS Pack Vendor :STMicroelectronics USB_DEVICE 3.0.0
2026-08-28 09:48:00,023 [INFO] ThirdParty:1030 - CMSIS Pack Vendor :STMicroelectronics X-CUBE-ISPU 2.1.0
2026-08-28 09:48:00,023 [INFO] ThirdParty:1030 - CMSIS Pack Vendor :STMicroelectronics X-CUBE-EEPRMA1 5.2.0
2026-08-28 09:48:00,023 [INFO] ThirdParty:1030 - CMSIS Pack Vendor :STMicroelectronics X-CUBE-IPS 3.2.0
2026-08-28 09:48:00,023 [INFO] ThirdParty:1030 - CMSIS Pack Vendor :STMicroelectronics eDS-WB_DPC_TT-BIDIR 2.1.1
2026-08-28 09:48:00,023 [INFO] ThirdParty:1030 - CMSIS Pack Vendor :STMicroelectronics X-CUBE-AZRTOS-WB 2.0.0
2026-08-28 09:48:00,024 [INFO] ThirdParty:1030 - CMSIS Pack Vendor :STMicroelectronics X-CUBE-NFC12 1.0.0
2026-08-28 09:48:00,024 [INFO] ThirdParty:1030 - CMSIS Pack Vendor :STMicroelectronics X-CUBE-AZRTOS-F7 1.1.0
2026-08-28 09:48:00,024 [INFO] ThirdParty:1030 - CMSIS Pack Vendor :STMicroelectronics X-CUBE-AZRTOS-L5 2.0.0
2026-08-28 09:48:00,024 [INFO] ThirdParty:1030 - CMSIS Pack Vendor :STMicroelectronics USB_DEVICE 2.0.0
2026-08-28 09:48:00,024 [INFO] ThirdParty:1030 - CMSIS Pack Vendor :STMicroelectronics X-CUBE-FREERTOS 1.6.0
2026-08-28 09:48:00,024 [INFO] ThirdParty:1030 - CMSIS Pack Vendor :STMicroelectronics FP-SNS-STAIOTCFT 1.1.0
2026-08-28 09:48:00,024 [INFO] ThirdParty:1030 - CMSIS Pack Vendor :quantropi X-CUBE-qispace-sdk-base 2.1.0
2026-08-28 09:48:00,024 [INFO] ThirdParty:1030 - CMSIS Pack Vendor :STMicroelectronics X-CUBE-STSE01 2.0.0
2026-08-28 09:48:00,024 [INFO] ThirdParty:1030 - CMSIS Pack Vendor :STMicroelectronics X-CUBE-ALGOBUILD 1.5.0
2026-08-28 09:48:00,024 [INFO] ThirdParty:1030 - CMSIS Pack Vendor :STMicroelectronics FP-SNS-MOTENV1 5.1.0
2026-08-28 09:48:00,024 [INFO] ThirdParty:1030 - CMSIS Pack Vendor :STMicroelectronics FreeRTOS 0.0.1
2026-08-28 09:48:00,024 [INFO] ThirdParty:1030 - CMSIS Pack Vendor :STMicroelectronics X-CUBE-AZRTOS-H7RS 1.3.0
2026-08-28 09:48:00,024 [INFO] ThirdParty:1030 - CMSIS Pack Vendor :STMicroelectronics X-CUBE-AZRTOS-G0 1.1.0
2026-08-28 09:48:00,024 [INFO] ThirdParty:1030 - CMSIS Pack Vendor :STMicroelectronics X-CUBE-NFC4 3.0.0
2026-08-28 09:48:00,024 [INFO] ThirdParty:1030 - CMSIS Pack Vendor :STMicroelectronics X-CUBE-SUBG2 5.0.0
2026-08-28 09:48:00,024 [INFO] ThirdParty:1030 - CMSIS Pack Vendor :STMicroelectronics STM32_WPAN 1.0.0
2026-08-28 09:48:00,024 [INFO] ThirdParty:1030 - CMSIS Pack Vendor :STMicroelectronics eDS-WB_DPC_VIENNA 1.2.0
2026-08-28 09:48:00,024 [INFO] ThirdParty:1030 - CMSIS Pack Vendor :EmbeddedOffice I-CUBE-FS-RTOS 1.0.1
2026-08-28 09:48:00,024 [INFO] ThirdParty:1030 - CMSIS Pack Vendor :STMicroelectronics lwIP 2.0.3
2026-08-28 09:48:00,024 [INFO] ThirdParty:1030 - CMSIS Pack Vendor :WES I-CUBE-Cesium 1.4.0
2026-08-28 09:48:00,024 [INFO] ThirdParty:1030 - CMSIS Pack Vendor :STMicroelectronics X-CUBE-MEMS1 13.0.0
2026-08-28 09:48:00,024 [INFO] ThirdParty:1030 - CMSIS Pack Vendor :STMicroelectronics eDS-WB_DPC_3PH2L-BIDIR 1.1.1
2026-08-28 09:48:00,024 [INFO] ThirdParty:1030 - CMSIS Pack Vendor :STMicroelectronics USB_HOST 1.0.0
2026-08-28 09:48:00,024 [INFO] ThirdParty:1030 - CMSIS Pack Vendor :STMicroelectronics X-CUBE-AZRTOS-G4 2.0.0
2026-08-28 09:48:00,024 [INFO] ThirdParty:1030 - CMSIS Pack Vendor :STMicroelectronics PDM2PCM 3.1.0
2026-08-28 09:48:00,024 [INFO] ThirdParty:1030 - CMSIS Pack Vendor :STMicroelectronics PDM2PCM 3.3.0
2026-08-28 09:48:00,024 [INFO] ThirdParty:1030 - CMSIS Pack Vendor :wolfSSL I-CUBE-wolfTPM 3.8.0
2026-08-28 09:48:00,024 [INFO] ThirdParty:1030 - CMSIS Pack Vendor :STMicroelectronics X-CUBE-DISPLAY 3.0.0
2026-08-28 09:48:00,024 [INFO] ThirdParty:1030 - CMSIS Pack Vendor :wolfSSL I-CUBE-wolfSSH 1.4.20
2026-08-28 09:48:00,024 [INFO] ThirdParty:1030 - CMSIS Pack Vendor :STMicroelectronics X-CUBE-NFC7 2.0.0
2026-08-28 09:48:00,024 [INFO] ThirdParty:1030 - CMSIS Pack Vendor :STMicroelectronics X-CUBE-GNSS1 7.1.1
2026-08-28 09:48:00,024 [INFO] ThirdParty:1030 - CMSIS Pack Vendor :STMicroelectronics FP-SNS-MOTENVWB1 1.5.0
2026-08-28 09:48:00,024 [INFO] ThirdParty:1030 - CMSIS Pack Vendor :STMicroelectronics X-CUBE-TCPP 4.2.0
2026-08-28 09:48:00,024 [INFO] ThirdParty:1030 - CMSIS Pack Vendor :RealThread X-CUBE-RT-Thread_Nano 4.1.1
2026-08-28 09:48:00,024 [INFO] ThirdParty:1030 - CMSIS Pack Vendor :STMicroelectronics FP-ATR-SIGFOX1 3.2.0
2026-08-28 09:48:00,025 [INFO] ThirdParty:1030 - CMSIS Pack Vendor :STMicroelectronics X-CUBE-NFC10 1.0.0
2026-08-28 09:48:00,025 [INFO] ThirdParty:1030 - CMSIS Pack Vendor :STMicroelectronics HAL Drivers 0.0.0
2026-08-28 09:48:00,025 [INFO] ThirdParty:1030 - CMSIS Pack Vendor :STMicroelectronics MBEDTLS 2.16.2
2026-08-28 09:48:00,025 [INFO] ThirdParty:1030 - CMSIS Pack Vendor :STMicroelectronics X-CUBE-ST60 1.1.0
2026-08-28 09:48:00,025 [INFO] ThirdParty:1030 - CMSIS Pack Vendor :STMicroelectronics X-CUBE-ALS 1.0.2
2026-08-28 09:48:00,025 [INFO] ThirdParty:1030 - CMSIS Pack Vendor :emotas I-CUBE-CANOPEN 1.3.0
2026-08-28 09:48:00,025 [INFO] ThirdParty:1030 - CMSIS Pack Vendor :wolfSSL I-CUBE-wolfSSL 5.9.2
2026-08-28 09:48:00,025 [INFO] ThirdParty:1030 - CMSIS Pack Vendor :STMicroelectronics MBEDTLS 2.14.1
2026-08-28 09:48:00,025 [INFO] ThirdParty:1030 - CMSIS Pack Vendor :ITTIA_DB I-CUBE-ITTIADB 8.9.0
2026-08-28 09:48:00,025 [INFO] ThirdParty:1030 - CMSIS Pack Vendor :Cesanta I-CUBE-Mongoose 7.21.7
2026-08-28 09:48:00,025 [INFO] ThirdParty:1030 - CMSIS Pack Vendor :STMicroelectronics X-CUBE-TOUCHGFX 4.26.1
2026-08-28 09:48:00,025 [INFO] ThirdParty:1030 - CMSIS Pack Vendor :STMicroelectronics X-CUBE-NFC6 3.2.0
2026-08-28 09:48:00,025 [INFO] ThirdParty:1030 - CMSIS Pack Vendor :STMicroelectronics FP-SNS-STBOX1 2.1.0
2026-08-28 09:48:00,025 [INFO] ThirdParty:1030 - CMSIS Pack Vendor :STMicroelectronics X-CUBE-AI 10.2.1
2026-08-28 09:48:00,025 [INFO] ThirdParty:1030 - CMSIS Pack Vendor :STMicroelectronics ThreadX 1.0.0
2026-08-28 09:48:00,025 [INFO] ThirdParty:1030 - CMSIS Pack Vendor :STMicroelectronics FP-SNS-SMARTAG2 1.2.0
2026-08-28 09:48:00,025 [INFO] ThirdParty:1030 - CMSIS Pack Vendor :STMicroelectronics FP-SNS-FLIGHT1 5.1.0
2026-08-28 09:48:00,025 [INFO] ThirdParty:1030 - CMSIS Pack Vendor :STMicroelectronics X-CUBE-AZRTOS-WL 2.0.0
2026-08-28 09:48:00,025 [INFO] ThirdParty:1030 - CMSIS Pack Vendor :SEGGER I-CUBE-embOS 1.3.1
2026-08-28 09:48:00,025 [INFO] ThirdParty:1030 - CMSIS Pack Vendor :STMicroelectronics X-CUBE-DPower 1.3.0
2026-08-28 09:48:00,025 [INFO] ThirdParty:1030 - CMSIS Pack Vendor :STMicroelectronics USB_DEVICE 1.0.0
2026-08-28 09:48:00,025 [INFO] ThirdParty:1030 - CMSIS Pack Vendor :STMicroelectronics X-CUBE-AZRTOS-L4 2.0.0
2026-08-28 09:48:00,025 [INFO] ThirdParty:1030 - CMSIS Pack Vendor :STMicroelectronics ThreadX 0.0.2
2026-08-28 09:48:00,025 [INFO] ThirdParty:1030 - CMSIS Pack Vendor :STMicroelectronics lwIP 2.1.2
2026-08-28 09:48:00,025 [INFO] ThirdParty:1030 - CMSIS Pack Vendor :STMicroelectronics X-CUBE-SFXS2LP1 4.0.0
2026-08-28 09:48:00,025 [INFO] ThirdParty:1030 - CMSIS Pack Vendor :STMicroelectronics X-CUBE-BLE2 3.3.0
2026-08-28 09:48:00,025 [INFO] ThirdParty:1030 - CMSIS Pack Vendor :STMicroelectronics X-CUBE-TOF1 3.4.3
2026-08-28 09:48:00,025 [INFO] ThirdParty:1030 - CMSIS Pack Vendor :Infineon AIROC-Wi-Fi-Bluetooth-STM32 1.8.0
2026-08-28 09:48:00,025 [INFO] ThirdParty:1030 - CMSIS Pack Vendor :STMicroelectronics X-CUBE-NFC13 1.0.0
2026-08-28 09:48:00,025 [INFO] ThirdParty:1030 - CMSIS Pack Vendor :STMicroelectronics PDM2PCM 3.2.0
2026-08-28 09:48:00,025 [INFO] ThirdParty:1030 - CMSIS Pack Vendor :STMicroelectronics X-CUBE-WB05N 2.1.0
2026-08-28 09:48:00,025 [INFO] ThirdParty:841 - exiting critical section [change project]
2026-08-28 09:48:00,730 [INFO] PinOutPanel:1589 - setPackage(No Configuration,No Configuration)
2026-08-28 09:48:00,749 [INFO] PinOutPanel:1589 - setPackage(STM32L4S5VITx,LQFP100)
2026-08-28 09:48:01,617 [INFO] UtilMem:75 - Before build in PCC Used Memory: 787630360 Bytes (1073741824)
2026-08-28 09:48:03,138 [INFO] UtilMem:75 - After build in PCC Used Memory: 946022944 Bytes (1073741824)
2026-08-28 09:48:03,170 [INFO] IPUIPlugin:80 - create IPUIPlugin
2026-08-28 09:48:03,170 [INFO] IPUIPlugin:80 - create IPUIPlugin
2026-08-28 09:48:03,170 [INFO] IPUIPlugin:80 - create IPUIPlugin
2026-08-28 09:48:03,170 [INFO] IPUIPlugin:80 - create IPUIPlugin
2026-08-28 09:48:03,170 [INFO] IPUIPlugin:80 - create IPUIPlugin
2026-08-28 09:48:03,170 [INFO] IPUIPlugin:80 - create IPUIPlugin
2026-08-28 09:48:03,171 [INFO] IPUIPlugin:80 - create IPUIPlugin
2026-08-28 09:48:03,171 [INFO] IPUIPlugin:80 - create IPUIPlugin
2026-08-28 09:48:03,171 [INFO] IPUIPlugin:80 - create IPUIPlugin
2026-08-28 09:48:03,171 [INFO] IPUIPlugin:80 - create IPUIPlugin
2026-08-28 09:48:03,171 [INFO] IPUIPlugin:80 - create IPUIPlugin
2026-08-28 09:48:03,171 [INFO] IPUIPlugin:80 - create IPUIPlugin
2026-08-28 09:48:03,171 [INFO] IPUIPlugin:80 - create IPUIPlugin
2026-08-28 09:48:03,171 [INFO] IPUIPlugin:80 - create IPUIPlugin
2026-08-28 09:48:03,171 [INFO] IPUIPlugin:80 - create IPUIPlugin
2026-08-28 09:48:03,171 [INFO] IPUIPlugin:80 - create IPUIPlugin
2026-08-28 09:48:03,172 [INFO] IPUIPlugin:80 - create IPUIPlugin
2026-08-28 09:48:03,172 [INFO] IPUIPlugin:80 - create IPUIPlugin
2026-08-28 09:48:03,172 [INFO] IPUIPlugin:80 - create IPUIPlugin
2026-08-28 09:48:03,172 [INFO] IPUIPlugin:80 - create IPUIPlugin
2026-08-28 09:48:03,172 [INFO] IPUIPlugin:80 - create IPUIPlugin
2026-08-28 09:48:03,172 [INFO] IPUIPlugin:80 - create IPUIPlugin
2026-08-28 09:48:03,172 [INFO] IPUIPlugin:80 - create IPUIPlugin
2026-08-28 09:48:03,172 [INFO] IPUIPlugin:80 - create IPUIPlugin
2026-08-28 09:48:03,173 [INFO] IPUIPlugin:80 - create IPUIPlugin
2026-08-28 09:48:03,173 [INFO] IPUIPlugin:80 - create IPUIPlugin
2026-08-28 09:48:03,173 [INFO] IPUIPlugin:80 - create IPUIPlugin
2026-08-28 09:48:03,174 [INFO] IPUIPlugin:80 - create IPUIPlugin
2026-08-28 09:48:03,174 [INFO] IPUIPlugin:80 - create IPUIPlugin
2026-08-28 09:48:03,174 [INFO] IPUIPlugin:80 - create IPUIPlugin
2026-08-28 09:48:03,175 [INFO] IPUIPlugin:80 - create IPUIPlugin
2026-08-28 09:48:03,175 [INFO] IPUIPlugin:80 - create IPUIPlugin
2026-08-28 09:48:03,175 [INFO] IPUIPlugin:80 - create IPUIPlugin
2026-08-28 09:48:03,175 [INFO] IPUIPlugin:80 - create IPUIPlugin
2026-08-28 09:48:03,175 [INFO] IPUIPlugin:80 - create IPUIPlugin
2026-08-28 09:48:03,176 [INFO] IPUIPlugin:80 - create IPUIPlugin
2026-08-28 09:48:03,176 [INFO] IPUIPlugin:80 - create IPUIPlugin
2026-08-28 09:48:03,176 [INFO] IPUIPlugin:80 - create IPUIPlugin
2026-08-28 09:48:03,176 [INFO] IPUIPlugin:80 - create IPUIPlugin
2026-08-28 09:48:03,176 [INFO] IPUIPlugin:80 - create IPUIPlugin
2026-08-28 09:48:03,176 [INFO] IPUIPlugin:80 - create IPUIPlugin
2026-08-28 09:48:03,177 [INFO] IPUIPlugin:80 - create IPUIPlugin
2026-08-28 09:48:03,177 [INFO] IPUIPlugin:80 - create IPUIPlugin
2026-08-28 09:48:03,177 [INFO] IPUIPlugin:80 - create IPUIPlugin
2026-08-28 09:48:03,177 [INFO] IPUIPlugin:80 - create IPUIPlugin
2026-08-28 09:48:03,177 [INFO] IPUIPlugin:80 - create IPUIPlugin
2026-08-28 09:48:03,178 [INFO] IPUIPlugin:80 - create IPUIPlugin
2026-08-28 09:48:03,178 [INFO] IPUIPlugin:80 - create IPUIPlugin
2026-08-28 09:48:03,178 [INFO] IPUIPlugin:80 - create IPUIPlugin
2026-08-28 09:48:03,178 [INFO] IPUIPlugin:80 - create IPUIPlugin
2026-08-28 09:48:03,179 [INFO] IPUIPlugin:80 - create IPUIPlugin
2026-08-28 09:48:03,179 [INFO] IPUIPlugin:80 - create IPUIPlugin
2026-08-28 09:48:03,179 [INFO] IPUIPlugin:80 - create IPUIPlugin
2026-08-28 09:48:03,180 [INFO] IPUIPlugin:80 - create IPUIPlugin
2026-08-28 09:48:03,180 [INFO] IPUIPlugin:80 - create IPUIPlugin
2026-08-28 09:48:03,180 [INFO] IPUIPlugin:80 - create IPUIPlugin
2026-08-28 09:48:03,180 [INFO] IPUIPlugin:80 - create IPUIPlugin
2026-08-28 09:48:03,181 [INFO] IPUIPlugin:80 - create IPUIPlugin
2026-08-28 09:48:03,181 [INFO] IPUIPlugin:80 - create IPUIPlugin
2026-08-28 09:48:03,181 [INFO] IPUIPlugin:80 - create IPUIPlugin
2026-08-28 09:48:03,182 [INFO] IPUIPlugin:80 - create IPUIPlugin
2026-08-28 09:48:03,182 [INFO] IPUIPlugin:80 - create IPUIPlugin
2026-08-28 09:48:03,182 [INFO] IPUIPlugin:80 - create IPUIPlugin
2026-08-28 09:48:03,511 [INFO] CADModel:165 - CPN selected for project levelSTM32L4S5VIT6
2026-08-28 09:48:03,511 [INFO] CADModel:114 - Register for checkConnection events
2026-08-28 09:48:03,560 [INFO] OpenFileManager:386 - Restore cursor
2026-08-28 09:48:04,082 [WARN] IP:2250 - MaxTran not found: check if there is a RefParameter without a condition.
2026-08-28 09:48:04,082 [WARN] IP:2250 - Refresh not found: check if there is a RefParameter without a condition.
2026-08-28 09:48:04,082 [WARN] IP:2250 - MaxTran not found: check if there is a RefParameter without a condition.
2026-08-28 09:48:04,082 [WARN] IP:2250 - Refresh not found: check if there is a RefParameter without a condition.
2026-08-28 09:48:11,120 [INFO] UtilMem:75 - End SaveConfig() Used Memory: 947437024 Bytes (1073741824)
2026-08-28 09:48:17,733 [INFO] McuFinderGlobals:76 - Set McuFinderConnectedMode to true
2026-08-28 09:48:17,736 [INFO] ApiDb:448 - Save user favorites file C:\Users\student/.stm32cubeide/favorites.mcus.txt: 0 item(s)
2026-08-28 09:48:17,736 [INFO] ApiDb:452 - User favorites MCUs=[]
2026-08-28 09:48:17,748 [INFO] ApiDb:448 - Save user favorites file C:\Users\student/.stm32cubeide/favorites.boards.txt: 0 item(s)
2026-08-28 09:48:17,748 [INFO] ApiDb:452 - User favorites Boards=[]
2026-08-28 09:48:29,992 [INFO] McuFinderGlobals:63 - Set McuFinder mode to 2 (CubeIDE integrated)
2026-08-28 09:48:29,992 [INFO] UserAuth:171 - activating auth plugin
2026-08-28 09:48:29,995 [INFO] UserAuth:487 - Internet connection configuration mode: 1
2026-08-28 09:49:07,099 [INFO] WebApp:652 - userauth.ini deleted or not created
2026-08-28 09:52:00,345 [INFO] UtilMem:75 - End SaveConfig() Used Memory: 754172304 Bytes (1073741824)
2026-08-28 09:52:02,407 [INFO] UtilMem:75 - End SaveConfig() Used Memory: 842252688 Bytes (1073741824)
2026-08-28 09:52:05,578 [ERROR] ConfigurationRetriever:142 - IOException on connection: Read timed out
2026-08-28 09:52:10,584 [ERROR] ConfigurationRetriever:142 - IOException on connection: Read timed out
2026-08-28 09:52:16,601 [ERROR] ConfigurationRetriever:142 - IOException on connection: Read timed out
2026-08-28 09:52:48,999 [WARN] ServerAccessManage:1291 - Warning during Server Connection :  timeout Read timed out
2026-08-28 09:52:49,302 [INFO] ServerAccessManage:452 - Complete download http(s) 200
2026-08-28 09:52:49,302 [INFO] ServerAccessManage:509 - Download File stm32cube_fw_l4_v1180.zip
2026-08-28 10:25:21,548 [INFO] AnalyticsPlugin:368 - Accepted License(s): [FW.L4.1.18.0]
2026-08-28 10:25:21,568 [INFO] FileExtend:248 - Unzip File : stm32cube_fw_l4_v1180.zip
2026-08-28 10:25:21,569 [INFO] FileExtend:263 - Standard Zip Deflate
2026-08-28 10:28:07,860 [INFO] ServerAccessManage:452 - Complete download http(s) 200
2026-08-28 10:28:07,862 [INFO] ServerAccessManage:509 - Download File stm32cube_fw_l4_v1182.zip
2026-08-28 10:28:51,046 [INFO] FileExtend:248 - Unzip File : stm32cube_fw_l4_v1182.zip
2026-08-28 10:28:51,047 [INFO] FileExtend:263 - Standard Zip Deflate
2026-08-28 10:31:32,844 [INFO] LoadServerPackagesThread:196 - End of LoadServerPackages Thread
2026-08-28 10:31:33,563 [INFO] ThirdPartyModel:298 - Start build external matchings
2026-08-28 10:31:33,713 [INFO] UtilMem:75 - End SaveConfig() Used Memory: 740830536 Bytes (1073741824)
2026-08-28 10:31:37,018 [INFO] ThirdPartyModel:316 - End build external matchings
2026-08-28 10:31:37,027 [INFO] CheckServerUpdateThread:120 - End of CheckServer Thread
2026-08-28 10:31:39,580 [INFO] BlockDiagram:2775 - set Specific Code input for plugin: SYS
2026-08-28 10:31:39,580 [INFO] BlockDiagram:2775 - set Specific Code input for plugin: RCC
2026-08-28 10:31:39,581 [INFO] BlockDiagram:2775 - set Specific Code input for plugin: NVIC
2026-08-28 10:31:39,582 [INFO] BlockDiagram:2775 - set Specific Code input for plugin: GPIO
2026-08-28 10:31:39,583 [INFO] CodeGenerator:892 - code generatio: config db path: C:\ST\STM32CubeIDE_1.19.0\STM32CubeIDE\plugins\com.st.stm32cube.common.mx_6.15.0.202507011659\\db\
2026-08-28 10:31:40,538 [INFO] CodeEngine:265 - oldGeneratedFile, E:\NNM24EE033\TINYML_WORKSPACE\TinyML\STM32\First_STM32_Project1\MXTmpFiles\license.tmp_save
2026-08-28 10:31:43,315 [INFO] CodeEngine:289 - Generated code: E:\NNM24EE033\TINYML_WORKSPACE\TinyML\STM32\First_STM32_Project1\MXTmpFiles\license.tmp
2026-08-28 10:31:44,355 [INFO] CodeEngine:265 - oldGeneratedFile, E:\NNM24EE033\TINYML_WORKSPACE\TinyML\STM32\First_STM32_Project1\MXTmpFiles\gpio.tmp_save
2026-08-28 10:31:44,727 [INFO] CodeEngine:289 - Generated code: E:\NNM24EE033\TINYML_WORKSPACE\TinyML\STM32\First_STM32_Project1\MXTmpFiles\gpio.tmp
2026-08-28 10:31:45,126 [INFO] CodeEngine:265 - oldGeneratedFile, E:\NNM24EE033\TINYML_WORKSPACE\TinyML\STM32\First_STM32_Project1\Core\Src\stm32l4xx_it.c_save
2026-08-28 10:31:45,401 [INFO] CodeEngine:289 - Generated code: E:\NNM24EE033\TINYML_WORKSPACE\TinyML\STM32\First_STM32_Project1\Core\Src\stm32l4xx_it.c
2026-08-28 10:31:45,443 [INFO] CodeEngine:265 - oldGeneratedFile, E:\NNM24EE033\TINYML_WORKSPACE\TinyML\STM32\First_STM32_Project1\Core\Inc\stm32l4xx_it.h_save
2026-08-28 10:31:45,522 [INFO] CodeEngine:289 - Generated code: E:\NNM24EE033\TINYML_WORKSPACE\TinyML\STM32\First_STM32_Project1\Core\Inc\stm32l4xx_it.h
2026-08-28 10:31:45,746 [INFO] CodeEngine:265 - oldGeneratedFile, E:\NNM24EE033\TINYML_WORKSPACE\TinyML\STM32\First_STM32_Project1\Core\Src\stm32l4xx_hal_msp.c_save
2026-08-28 10:31:46,138 [INFO] CodeEngine:289 - Generated code: E:\NNM24EE033\TINYML_WORKSPACE\TinyML\STM32\First_STM32_Project1\Core\Src\stm32l4xx_hal_msp.c
2026-08-28 10:31:46,216 [INFO] CodeEngine:265 - oldGeneratedFile, E:\NNM24EE033\TINYML_WORKSPACE\TinyML\STM32\First_STM32_Project1\MXTmpFiles\system.tmp_save
2026-08-28 10:31:46,321 [INFO] CodeEngine:289 - Generated code: E:\NNM24EE033\TINYML_WORKSPACE\TinyML\STM32\First_STM32_Project1\MXTmpFiles\system.tmp
2026-08-28 10:31:46,490 [INFO] CodeEngine:321 - oldGeneratedFile, E:\NNM24EE033\TINYML_WORKSPACE\TinyML\STM32\First_STM32_Project1\Core\Inc\stm32l4xx_hal_conf.h_save
2026-08-28 10:31:46,665 [INFO] CodeEngine:345 - Generated code: E:\NNM24EE033\TINYML_WORKSPACE\TinyML\STM32\First_STM32_Project1\Core\Inc\stm32l4xx_hal_conf.h
2026-08-28 10:31:46,914 [INFO] ApiDbMcu:532 - Load IP Config File for RCC
2026-08-28 10:31:46,975 [INFO] CodeEngine:265 - oldGeneratedFile, E:\NNM24EE033\TINYML_WORKSPACE\TinyML\STM32\First_STM32_Project1\Core\Inc\main.h_save
2026-08-28 10:31:47,180 [INFO] CodeEngine:289 - Generated code: E:\NNM24EE033\TINYML_WORKSPACE\TinyML\STM32\First_STM32_Project1\Core\Inc\main.h
2026-08-28 10:31:47,239 [INFO] CodeEngine:265 - oldGeneratedFile, E:\NNM24EE033\TINYML_WORKSPACE\TinyML\STM32\First_STM32_Project1\Core\Src\main.c_save
2026-08-28 10:31:47,440 [INFO] CodeEngine:289 - Generated code: E:\NNM24EE033\TINYML_WORKSPACE\TinyML\STM32\First_STM32_Project1\Core\Src\main.c
2026-08-28 10:31:50,508 [INFO] ProjectBuilder:3606 - Time for Copy HAL[1] : 2518mS.
2026-08-28 10:31:50,516 [INFO] ProjectBuilder:5216 - Project Generator version: 4.7.0-B52
2026-08-28 10:31:50,731 [INFO] ConfigFileManager:1595 - The Die is : DIE470
2026-08-28 10:31:50,880 [INFO] ApiDbMcu:532 - Load IP Config File for FATFS
2026-08-28 10:31:50,978 [INFO] ApiDbMcu:532 - Load IP Config File for FREERTOS
2026-08-28 10:31:51,276 [INFO] ApiDbMcu:532 - Load IP Config File for TOUCHSENSING
2026-08-28 10:31:51,307 [INFO] ApiDbMcu:532 - Load IP Config File for USB_DEVICE
2026-08-28 10:31:51,611 [INFO] ApiDbMcu:532 - Load IP Config File for USB_HOST
2026-08-28 10:31:54,653 [INFO] LogOutputStream:77 - [STDOUT_REDIRECT] 
2026-08-28 10:32:21,412 [INFO] ProjectBuilder:5496 - Time for Generating toolchain IDE Files: 30895mS.
2026-08-28 10:32:21,413 [INFO] ProjectBuilder:3463 - Time for Copy CMSIS : 0mS.
2026-08-28 10:32:21,415 [INFO] ProjectBuilder:3463 - Time for Copy CMSIS : 0mS.
2026-08-28 10:38:22,930 [INFO] MainUpdater:2872 - connection check result : 10
2026-08-28 10:38:22,930 [INFO] McuFinderGlobals:76 - Set McuFinderConnectedMode to true
2026-08-28 10:38:23,266 [INFO] ServerAccessManage:452 - Complete download http(s) 200
2026-08-28 10:38:23,266 [INFO] ServerAccessManage:509 - Download File mcusAds.json._tmp_
2026-08-28 10:38:23,374 [INFO] LoadUrlFilesThread:156 - End of LoadUrlFiles Thread
2026-08-28 10:38:23,547 [INFO] ServerAccessManage:452 - Complete download http(s) 200
2026-08-28 10:38:23,548 [INFO] ServerAccessManage:509 - Download File cube-finder-db.zip
2026-08-28 10:38:24,235 [INFO] FileExtend:248 - Unzip File : cube-finder-db.zip
2026-08-28 10:38:24,235 [INFO] FileExtend:263 - Standard Zip Deflate
2026-08-28 10:38:27,270 [INFO] LoadUrlFilesThread:156 - End of LoadUrlFiles Thread
2026-08-28 10:38:43,084 [ERROR] ServerAccessManage:1295 - Problem during Server Connection :  IO error Connection reset
2026-08-28 10:38:43,085 [ERROR] ServerAccessManage:740 - Problem during Server Connection :  : crdb.zip.
2026-08-28 10:38:44,766 [INFO] LoadUrlFilesThread:156 - End of LoadUrlFiles Thread
2026-08-28 10:38:45,599 [INFO] DbMcusAds:53 - JSON generation date=Wed Jul 15 15:14:54 IST 2026 (1784108694001)
2026-08-28 10:38:45,602 [INFO] ApiDb:448 - Save user favorites file C:\Users\student/.stm32cubeide/favorites.mcus.txt: 0 item(s)
2026-08-28 10:38:45,602 [INFO] ApiDb:452 - User favorites MCUs=[]
2026-08-28 10:38:45,696 [INFO] ApiDb:581 - Connected to CubeFinder SQLite database (C:\Users\student\.stmcufinder\plugins\mcufinder\mcu\cube-finder-db.db)
2026-08-28 10:38:45,819 [INFO] ApiDb:668 - CubeFinder database Data Model version=2.1
2026-08-28 10:38:45,819 [INFO] ApiDb:669 - CubeFinder database Configuration version=3.0.42
2026-08-28 10:38:45,820 [INFO] ApiDb:670 - CubeFinder database generation date=2026-08-04 (1785840812)
2026-08-28 10:38:45,820 [INFO] ApiDb:671 - CubeFinder database FW Pack versions=[FP-ATR-ASTRA1_V2.0.0, FP-SNS-FLIGHT1_V5.1.0, FP-SNS-MOTENV1_V5.1.0, FP-SNS-MOTENVWB1_V1.5.0, FP-SNS-SMARTAG2_V1.2.0, FP-SNS-STBOX1_V2.1.0, STM32Cube_FW_C0_V1.4.1, STM32Cube_FW_F4_V1.28.3, STM32Cube_FW_F7_V1.17.4, STM32Cube_FW_G0_V1.6.3, STM32Cube_FW_G4_V1.6.2, STM32Cube_FW_H5_V1.7.0, STM32Cube_FW_H7RS_V1.3.0, STM32Cube_FW_H7_V1.13.0, STM32Cube_FW_L0_V1.12.2, STM32Cube_FW_L4_V1.18.2, STM32Cube_FW_L5_V1.6.0, STM32Cube_FW_N6_V1.4.0, STM32Cube_FW_U0_V1.3.0, STM32Cube_FW_U3_V1.4.0, STM32Cube_FW_U5_V1.9.0, STM32Cube_FW_WB0_V1.5.0, STM32Cube_FW_WBA_V1.10.0, STM32Cube_FW_WB_V1.24.0, STM32Cube_FW_WL3_V1.5.0, STM32Cube_FW_WL_V1.6.0, X-CUBE-ALGOBUILD_V1.5.0, X-CUBE-ALS_V1.0.2, X-CUBE-AZRTOS-F4_V1.1.0, X-CUBE-AZRTOS-F7_V1.1.0, X-CUBE-AZRTOS-G0_V1.1.0, X-CUBE-AZRTOS-G4_V2.0.0, X-CUBE-AZRTOS-H7RS_V1.3.0, X-CUBE-AZRTOS-H7_V3.5.0, X-CUBE-AZRTOS-L4_V2.0.0, X-CUBE-AZRTOS-L5_V2.0.0, X-CUBE-AZRTOS-WB_V2.0.0, X-CUBE-AZRTOS-WL_V2.0.0, X-CUBE-BLE1_V7.1.0, X-CUBE-BLE2_V3.3.0, X-CUBE-BLEMGR_V4.2.0, X-CUBE-EEPRMA1_V5.2.0, X-CUBE-FREERTOS_V1.6.0, X-CUBE-GNSS1_V7.1.1, X-CUBE-MEMS1_V13.0.0, X-CUBE-NFC4_V3.0.0, X-CUBE-NFC7_V2.0.0, X-CUBE-SFXS2LP1_V4.0.0, X-CUBE-ST67W61_V1.3.0, X-CUBE-SUBG2_V5.0.0, X-CUBE-TOF1_V3.4.3]
2026-08-28 10:38:48,495 [INFO] ApiDb:240 - Found 880 in-development CPN: [B-G473E-ZEST1S, B-WB1M-WPAN1, B-WBA5M-WPAN, B-WL5M-SUBG1, NUCLEO-C031C6, NUCLEO-C051C8, NUCLEO-C071RB, NUCLEO-C092RC, NUCLEO-H503RB, NUCLEO-H533RE, NUCLEO-H563ZI, NUCLEO-H7S3L8, NUCLEO-N657X0-Q, NUCLEO-U031R8, NUCLEO-U083RC, NUCLEO-U385RG-Q, NUCLEO-U545RE-Q, NUCLEO-U5A5ZJ-Q, NUCLEO-WB05KZ, NUCLEO-WB07CC, NUCLEO-WB09KE, NUCLEO-WBA52CG, NUCLEO-WBA55CG, NUCLEO-WL33CC1, NUCLEO-WL33CC2, STEVAL-PROTEUS1, STEVAL-SMARTAG2, STEVAL-STWINBX1, STM320518-EVAL, STM32C0116-DK, STM32C011D6Y3TR, STM32C011D6Y6TR, STM32C011F4P3, STM32C011F4P6, STM32C011F4U3, STM32C011F4U6TR, STM32C011F6P3, STM32C011F6P6, STM32C011F6U3, STM32C011F6U6TR, STM32C011J4M3, STM32C011J4M6, STM32C011J6M3, STM32C011J6M6, STM32C0316-DK, STM32C031C4T3, STM32C031C4T6, STM32C031C4U3, STM32C031C4U6, STM32C031C6T3, STM32C031C6T6, STM32C031C6U3, STM32C031C6U6, STM32C031F4P3, STM32C031F4P6, STM32C031F6P3, STM32C031F6P6, STM32C031G4U3, STM32C031G4U6, STM32C031G6U3, STM32C031G6U6, STM32C031K4T3, STM32C031K4T6, STM32C031K4U3, STM32C031K4U6, STM32C031K6T3, STM32C031K6T6, STM32C031K6U3, STM32C031K6U6, STM32C051C6T6, STM32C051C6U6, STM32C051C8T6, STM32C051C8U6, STM32C051D8Y6TR, STM32C051F6P6, STM32C051F8P6, STM32C051G6U6, STM32C051G8U6, STM32C051K6T6, STM32C051K6U6, STM32C051K8T6, STM32C071C8T6, STM32C071C8T6N, STM32C071C8U6, STM32C071C8U6N, STM32C071CBT6, STM32C071CBT6N, STM32C071CBU6, STM32C071CBU6N, STM32C071F8P6, STM32C071F8P6N, STM32C071FBP6, STM32C071FBP6N, STM32C071FBY6TR, STM32C071G8U6, STM32C071G8U6N, STM32C071GBU6, STM32C071GBU6N, STM32C071K8T6, STM32C071K8T6N, STM32C071K8U6, STM32C071K8U6N, STM32C071KBT6, STM32C071KBT6N, STM32C071KBU6, STM32C071KBU6N, STM32C071R8T6, STM32C071R8T6N, STM32C071RBI6N, STM32C071RBT6, STM32C071RBT6N, STM32C091CBT6, STM32C091CBU6, STM32C091CCT6, STM32C091CCU6, STM32C091ECY6TR, STM32C091FBP6, STM32C091FCP6, STM32C091GBU6, STM32C091GCU6, STM32C091KBT6, STM32C091KBU6, STM32C091KCT6, STM32C091KCU6, STM32C091RBT6, STM32C091RCI6, STM32C091RCT6, STM32C092CBT6, STM32C092CBU6, STM32C092CCT6, STM32C092CCU6, STM32C092ECY6TR, STM32C092FBP6, STM32C092FCP6, STM32C092GBU6, STM32C092GCU6, STM32C092KBT6, STM32C092KBU6, STM32C092KCT6, STM32C092KCU6, STM32C092RBT6, STM32C092RCI6, STM32C092RCT6, STM32G071K8TXN, STM32G071K8UXN, STM32G081GBU6N, STM32G081KBT6N, STM32G081KBUXN, STM32G0B1CCT6N, STM32G0B1KCT6, STM32G0B1NEY6TR, STM32G0B1RCT6N, STM32G0C1CCT6, STM32G0C1CCT6N, STM32G0C1CCU6N, STM32G0C1CET6N, STM32G0C1CEU6N, STM32G0C1KCT6, STM32G0C1NEY6TR, STM32G0C1RCI6N, STM32G0C1RCT6N, STM32G0C1REI6N, STM32G0C1RET6N, STM32G0C1VCI6, STM32G0C1VEI6, STM32G411C6T3, STM32G411C6T6, STM32G411C6U3, STM32G411C6U6, STM32G411C8T3, STM32G411C8T6, STM32G411C8U3, STM32G411C8U6, STM32G411CBT3, STM32G411CBT6, STM32G411CBU3, STM32G411CBU6, STM32G411K6T3, STM32G411K6T6, STM32G411K6U3, STM32G411K6U6, STM32G411K8T3, STM32G411K8T6, STM32G411K8U3, STM32G411K8U6, STM32G411KBT3, STM32G411KBT6, STM32G411KBU3, STM32G411KBU6, STM32G411M6T3, STM32G411M6T6, STM32G411M8T3, STM32G411M8T6, STM32G411MBT3, STM32G411MBT6, STM32G411R6T3, STM32G411R6T6, STM32G411R8T3, STM32G411R8T6, STM32G411RBT3, STM32G411RBT6, STM32G414CBT3, STM32G414CBT6, STM32G414CBU3, STM32G414CBU6, STM32G414CCT3, STM32G414CCT6, STM32G414CCU3, STM32G414CCU6, STM32G414MBT3, STM32G414MBT6, STM32G414MCT3, STM32G414MCT6, STM32G414RBT3, STM32G414RBT6, STM32G414RCT3, STM32G414RCT6, STM32G414VBT3, STM32G414VBT6, STM32G414VCT3, STM32G414VCT6, STM32G431CBT3Z, STM32G431RBT3Z, STM32G471CCT6, STM32G471CCU6, STM32G471CET3, STM32G471CET6, STM32G471CEU3, STM32G471CEU6, STM32G471MCT6, STM32G471MET3, STM32G471MET6, STM32G471MEY6TR, STM32G471QCT6, STM32G471QET3, STM32G471RCT6, STM32G471RET3, STM32G471RET6, STM32G471VCH6, STM32G471VCI6, STM32G471VCT6, STM32G471VEH3, STM32G471VEH6, STM32G471VEI3, STM32G471VEI6, STM32G471VET3, STM32G471VET6, STM32G473QET3Z, STM32G473RET3Z, STM32G474CCT6, STM32G491RET3Z, STM32H503CBT6, STM32H503CBU6, STM32H503EBY6TR, STM32H503KBU6, STM32H503RBT6, STM32H523CCT6, STM32H523CCU6, STM32H523CET6, STM32H523CEU6, STM32H523HEY6TR, STM32H523RCT6, STM32H523RET6, STM32H523VCI6, STM32H523VCT6, STM32H523VEI6, STM32H523VET6, STM32H523ZCJ6, STM32H523ZCT6, STM32H523ZEJ6, STM32H523ZET6, STM32H533CET6, STM32H533CEU6, STM32H533HEY6TR, STM32H533RET6, STM32H533VEI6, STM32H533VET6, STM32H533ZEJ6, STM32H533ZET6, STM32H562AGI6, STM32H562AII6, STM32H562IGK6, STM32H562IGT6, STM32H562IIK6, STM32H562IIT6, STM32H562RGT6, STM32H562RGV6, STM32H562RIT6, STM32H562RIV6, STM32H562VGT6, STM32H562VIT6, STM32H562ZGT6, STM32H562ZIT6, STM32H563AGI6, STM32H563AII3Q, STM32H563AII6, STM32H563IGK6, STM32H563IGT6, STM32H563IIK3Q, STM32H563IIK6, STM32H563IIT3Q, STM32H563IIT6, STM32H563MIY3QTR, STM32H563RGT6, STM32H563RGV6, STM32H563RIT6, STM32H563RIV6, STM32H563VGT6, STM32H563VIT3Q, STM32H563VIT6, STM32H563ZGT6, STM32H563ZIT3Q, STM32H563ZIT6, STM32H573AII3Q, STM32H573AII6, STM32H573I-DK, STM32H573IIK3Q, STM32H573IIK6, STM32H573IIT3Q, STM32H573IIT6, STM32H573MIY3QTR, STM32H573RIT6, STM32H573RIV6, STM32H573VIT3Q, STM32H573VIT6, STM32H573ZIT3Q, STM32H573ZIT6, STM32H7R3A8I6, STM32H7R3I8K6, STM32H7R3I8T6, STM32H7R3L8H6, STM32H7R3L8H6H, STM32H7R3R8V6, STM32H7R3V8H6, STM32H7R3V8T6, STM32H7R3V8Y6TR, STM32H7R3Z8J6, STM32H7R3Z8T6, STM32H7R7A8I6, STM32H7R7I8K6, STM32H7R7I8T6, STM32H7R7L8H6, STM32H7R7L8H6H, STM32H7R7Z8J6, STM32H7S3A8I6, STM32H7S3I8K6, STM32H7S3I8T6, STM32H7S3L8H6, STM32H7S3L8H6H, STM32H7S3R8V6, STM32H7S3V8H6, STM32H7S3V8T6, STM32H7S3V8Y6TR, STM32H7S3Z8J6, STM32H7S3Z8T6, STM32H7S78-DK, STM32H7S7A8I6, STM32H7S7I8K6, STM32H7S7I8T6, STM32H7S7L8H6, STM32H7S7L8H6H, STM32H7S7Z8J6, STM32L4R5QGI6STR, STM32MP131AAE3, STM32MP131AAF3, STM32MP131AAG3, STM32MP131CAE3, STM32MP131CAF3, STM32MP131CAG3, STM32MP131DAE7, STM32MP131DAF7, STM32MP131DAG7, STM32MP131FAE7, STM32MP131FAF7, STM32MP131FAG7, STM32MP133AAE3, STM32MP133AAF3, STM32MP133AAG3, STM32MP133CAE3, STM32MP133CAF3, STM32MP133CAG3, STM32MP133DAE7, STM32MP133DAF7, STM32MP133DAG7, STM32MP133FAE7, STM32MP133FAF7, STM32MP133FAG7, STM32MP135AAE3, STM32MP135AAF3, STM32MP135AAG3, STM32MP135CAE3, STM32MP135CAF3, STM32MP135CAG3, STM32MP135DAE7, STM32MP135DAF7, STM32MP135DAG7, STM32MP135F-DK, STM32MP135FAE7, STM32MP135FAF7, STM32MP135FAF7T, STM32MP135FAF7U, STM32MP135FAG7, STM32MP211AAL3, STM32MP211AAM3, STM32MP211AAN3, STM32MP211AAO3, STM32MP211CAL3, STM32MP211CAM3, STM32MP211CAN3, STM32MP211CAO3, STM32MP211DAL3, STM32MP211DAM3, STM32MP211DAN3, STM32MP211DAO3, STM32MP211FAL3, STM32MP211FAM3, STM32MP211FAN3, STM32MP211FAO3, STM32MP213AAL3, STM32MP213AAM3, STM32MP213AAN3, STM32MP213AAO3, STM32MP213CAL3, STM32MP213CAM3, STM32MP213CAN3, STM32MP213CAO3, STM32MP213DAL3, STM32MP213DAM3, STM32MP213DAN3, STM32MP213DAO3, STM32MP213FAL3, STM32MP213FAM3, STM32MP213FAN3, STM32MP213FAO3, STM32MP215AAL3, STM32MP215AAM3, STM32MP215AAN3, STM32MP215AAO3, STM32MP215CAL3, STM32MP215CAM3, STM32MP215CAN3, STM32MP215CAO3, STM32MP215DAL3, STM32MP215DAM3, STM32MP215DAN3, STM32MP215DAO3, STM32MP215F-DK, STM32MP215FAL3, STM32MP215FAM3, STM32MP215FAN3, STM32MP215FAO3, STM32MP231AAJ3, STM32MP231AAK3, STM32MP231AAL3, STM32MP231CAJ3, STM32MP231CAK3, STM32MP231CAL3, STM32MP231DAJ3, STM32MP231DAK3, STM32MP231DAL3, STM32MP231FAJ3, STM32MP231FAK3, STM32MP231FAL3, STM32MP233AAJ3, STM32MP233AAK3, STM32MP233AAL3, STM32MP233CAJ3, STM32MP233CAK3, STM32MP233CAL3, STM32MP233DAJ3, STM32MP233DAK3, STM32MP233DAL3, STM32MP233FAJ3, STM32MP233FAK3, STM32MP233FAL3, STM32MP235AAJ3, STM32MP235AAK3, STM32MP235AAL3, STM32MP235CAJ3, STM32MP235CAK3, STM32MP235CAL3, STM32MP235DAJ3, STM32MP235DAK3, STM32MP235DAL3, STM32MP235FAJ3, STM32MP235FAK3, STM32MP235FAL3, STM32MP251AAI3, STM32MP251AAK3, STM32MP251AAL3, STM32MP251CAI3, STM32MP251CAK3, STM32MP251CAL3, STM32MP251DAI3, STM32MP251DAK3, STM32MP251DAL3, STM32MP251FAI3, STM32MP251FAK3, STM32MP251FAL3, STM32MP253AAI3, STM32MP253AAK3, STM32MP253AAL3, STM32MP253CAI3, STM32MP253CAK3, STM32MP253CAL3, STM32MP253DAI3, STM32MP253DAK3, STM32MP253DAL3, STM32MP253FAI3, STM32MP253FAK3, STM32MP253FAL3, STM32MP255AAI3, STM32MP255AAK3, STM32MP255AAL3, STM32MP255CAI3, STM32MP255CAK3, STM32MP255CAL3, STM32MP255DAI3, STM32MP255DAK3, STM32MP255DAL3, STM32MP255FAI3, STM32MP255FAK3, STM32MP255FAL3, STM32MP257AAI3, STM32MP257AAK3, STM32MP257AAL3, STM32MP257CAI3, STM32MP257CAK3, STM32MP257CAL3, STM32MP257DAI3, STM32MP257DAK3, STM32MP257DAL3, STM32MP257F-DK, STM32MP257F-EV1, STM32MP257FAI3, STM32MP257FAK3, STM32MP257FAL3, STM32N645A0H3Q, STM32N645B0H3Q, STM32N645I0H3Q, STM32N645L0H3Q, STM32N645X0H3Q, STM32N645Z0H3Q, STM32N647A0H3Q, STM32N647B0H3Q, STM32N647I0H3Q, STM32N647L0H3Q, STM32N647X0H3Q, STM32N647Z0H3Q, STM32N655A0H3Q, STM32N655B0H3Q, STM32N655I0H3Q, STM32N655L0H3Q, STM32N655X0H3Q, STM32N655Z0H3Q, STM32N6570-DK, STM32N657A0H3Q, STM32N657B0H3Q, STM32N657I0H3Q, STM32N657L0H3Q, STM32N657X0H3Q, STM32N657Z0H3Q, STM32U031C6T6, STM32U031C6U6, STM32U031C8T6, STM32U031C8U6, STM32U031F4P6, STM32U031F6P6, STM32U031F8P6, STM32U031G6Y6TR, STM32U031G8Y6TR, STM32U031K4U6, STM32U031K6U6, STM32U031K8U6, STM32U031R6I6, STM32U031R6T6, STM32U031R8I6, STM32U031R8T6, STM32U073C8T6, STM32U073C8U6, STM32U073CBT6, STM32U073CBU6, STM32U073CCT6, STM32U073CCU6, STM32U073H8Y6TR, STM32U073HBY6TR, STM32U073HCY6TR, STM32U073K8U6, STM32U073KBU6, STM32U073KCU6, STM32U073M8I6, STM32U073M8T6, STM32U073MBI6, STM32U073MBT6, STM32U073MCI6, STM32U073MCT6, STM32U073R8I6, STM32U073R8T6, STM32U073RBI6, STM32U073RBT6, STM32U073RCI6, STM32U073RCT6, STM32U083C-DK, STM32U083CCT6, STM32U083CCU6, STM32U083HCY6TR, STM32U083KCU6, STM32U083MCI6, STM32U083MCT6, STM32U083RCI6, STM32U083RCT6, STM32U375CET6, STM32U375CET6Q, STM32U375CEU6, STM32U375CEU6Q, STM32U375CEY6QTR, STM32U375CGT6, STM32U375CGT6Q, STM32U375CGU6, STM32U375CGU6Q, STM32U375CGY6QTR, STM32U375KEU6, STM32U375KGU6, STM32U375REI6, STM32U375REI6Q, STM32U375RET6, STM32U375RET6Q, STM32U375REY6GTR, STM32U375REY6QTR, STM32U375RGI6, STM32U375RGI6Q, STM32U375RGT6, STM32U375RGT6Q, STM32U375RGY6GTR, STM32U375RGY6QTR, STM32U375VEI6, STM32U375VEI6Q, STM32U375VET6, STM32U375VET6Q, STM32U375VGI6, STM32U375VGI6Q, STM32U375VGT6, STM32U375VGT6Q, STM32U385CGT6, STM32U385CGT6Q, STM32U385CGU6, STM32U385CGU6Q, STM32U385CGY6QTR, STM32U385KGU6, STM32U385RGI6, STM32U385RGI6Q, STM32U385RGT6, STM32U385RGT6Q, STM32U385RGY6GTR, STM32U385RGY6QTR, STM32U385VGI6, STM32U385VGI6Q, STM32U385VGT6, STM32U385VGT6Q, STM32U535CBT6, STM32U535CBT6Q, STM32U535CBU6, STM32U535CBU6Q, STM32U535CCT6, STM32U535CCT6Q, STM32U535CCU6, STM32U535CCU6Q, STM32U535CET6, STM32U535CET6Q, STM32U535CEU6, STM32U535CEU6Q, STM32U535JEY6QTR, STM32U535NCY6QTR, STM32U535NEY6QTR, STM32U535RBI6, STM32U535RBI6Q, STM32U535RBT6, STM32U535RBT6Q, STM32U535RCI6, STM32U535RCI6Q, STM32U535RCT6, STM32U535RCT6Q, STM32U535REI6, STM32U535REI6Q, STM32U535RET6, STM32U535RET6Q, STM32U535VCI6, STM32U535VCI6Q, STM32U535VCT6, STM32U535VCT6Q, STM32U535VEI6, STM32U535VEI6Q, STM32U535VET6, STM32U535VET6Q, STM32U545CET6, STM32U545CET6Q, STM32U545CEU6, STM32U545CEU6Q, STM32U545JEY6QTR, STM32U545NEY6QTR, STM32U545REI6, STM32U545REI6Q, STM32U545RET6, STM32U545RET6Q, STM32U545VEI6, STM32U545VEI6Q, STM32U545VET6, STM32U545VET6Q, STM32U595AIH6, STM32U595AIH6Q, STM32U595AJH6, STM32U595AJH6Q, STM32U595QII6, STM32U595QII6Q, STM32U595QJI6, STM32U595QJI6Q, STM32U595RIT6, STM32U595RIT6Q, STM32U595RJT6, STM32U595RJT6Q, STM32U595VIT6, STM32U595VIT6Q, STM32U595VJT6, STM32U595VJT6Q, STM32U595ZIT6, STM32U595ZIT6Q, STM32U595ZIY6QTR, STM32U595ZJT6, STM32U595ZJT6Q, STM32U595ZJY6QTR, STM32U599BJY6QTR, STM32U599NIH6Q, STM32U599NJH6Q, STM32U599VIT6Q, STM32U599VJT6, STM32U599VJT6Q, STM32U599ZIT6Q, STM32U599ZIY6QTR, STM32U599ZJT6Q, STM32U599ZJY6QTR, STM32U5A5AJH6, STM32U5A5AJH6Q, STM32U5A5QII3Q , STM32U5A5QJI6, STM32U5A5QJI6Q, STM32U5A5RJT6, STM32U5A5RJT6Q, STM32U5A5VJT6, STM32U5A5VJT6Q, STM32U5A5ZJT6, STM32U5A5ZJT6Q, STM32U5A5ZJY6QTR, STM32U5A9BJY6QTR, STM32U5A9J-DK, STM32U5A9NJH6Q, STM32U5A9VJT6Q, STM32U5A9ZJT6Q, STM32U5A9ZJY6QTR, STM32U5F7VIT6, STM32U5F7VIT6Q, STM32U5F7VJT6, STM32U5F7VJT6Q, STM32U5F9BJY6QTR, STM32U5F9NJH6Q, STM32U5F9VIT6Q, STM32U5F9VJT6Q, STM32U5F9ZIJ6QTR, STM32U5F9ZIT6Q, STM32U5F9ZJJ6QTR, STM32U5F9ZJT6Q, STM32U5G7VJT6, STM32U5G7VJT6Q, STM32U5G9BJY6QTR, STM32U5G9J-DK1, STM32U5G9J-DK2, STM32U5G9NJH6Q, STM32U5G9VJT6Q, STM32U5G9ZJJ6QTR, STM32U5G9ZJT6Q, STM32WB05KZV6TR, STM32WB05KZV7TR, STM32WB05TZF6TR, STM32WB05TZF7TR, STM32WB06CCF6TR, STM32WB06CCF7TR, STM32WB06CCV6TR, STM32WB06CCV7TR, STM32WB06KCV6TR, STM32WB06KCV7TR, STM32WB07CCF6TR, STM32WB07CCF7TR, STM32WB07CCV6TR, STM32WB07CCV7TR, STM32WB07KCV6TR, STM32WB07KCV7TR, STM32WB09KEV6TR, STM32WB09KEV7TR, STM32WB09TEF6TR, STM32WB09TEF7TR, STM32WB1MMCH6, STM32WBA50KGU6, STM32WBA50KGU6TR, STM32WBA52CEU6, STM32WBA52CEU6TR, STM32WBA52CEU7, STM32WBA52CEU7TR, STM32WBA52CGU6, STM32WBA52CGU6TR, STM32WBA52CGU6U, STM32WBA52CGU7, STM32WBA52CGU7TR, STM32WBA52KEU6, STM32WBA52KEU6TR, STM32WBA52KGU6, STM32WBA52KGU6TR, STM32WBA54CEU6, STM32WBA54CEU6TR, STM32WBA54CEU7, STM32WBA54CEU7TR, STM32WBA54CGU6, STM32WBA54CGU6TR, STM32WBA54CGU7, STM32WBA54CGU7TR, STM32WBA54KEU6, STM32WBA54KEU6TR, STM32WBA54KEU7, STM32WBA54KEU7TR, STM32WBA54KGU6, STM32WBA54KGU6TR, STM32WBA54KGU7, STM32WBA54KGU7TR, STM32WBA55CEU6, STM32WBA55CEU6TR, STM32WBA55CEU7, STM32WBA55CEU7TR, STM32WBA55CGU6, STM32WBA55CGU6TR, STM32WBA55CGU6U, STM32WBA55CGU7, STM32WBA55CGU7TR, STM32WBA55G-DK1, STM32WBA55HEF6, STM32WBA55HEF7, STM32WBA55HGF6, STM32WBA55HGF7, STM32WBA55UEI6, STM32WBA55UEI6TR, STM32WBA55UEI7, STM32WBA55UEI7TR, STM32WBA55UGI6, STM32WBA55UGI6TR, STM32WBA55UGI7, STM32WBA55UGI7TR, STM32WBA5MMGH6TR, STM32WBA62MGF6, STM32WBA62MIF6, STM32WBA65MGF7, STM32WBA65MIF6, STM32WBA65MIF7, STM32WL30K8V6, STM32WL30KBV6, STM32WL31C8V6, STM32WL31CBV6, STM32WL31K8V6, STM32WL31KBV6, STM32WL33C8V6, STM32WL33C8V6X, STM32WL33CBV6, STM32WL33CBV6X, STM32WL33CCV6, STM32WL33CCV6A, STM32WL33CCV6X, STM32WL33K8V7, STM32WL33K8V7X, STM32WL33KBV7 , STM32WL33KBV7X, STM32WL33KCV7, STM32WL33KCV7X, STM32WL5MOCH6, STM32WL5MOCH6TR]
2026-08-28 10:38:48,499 [INFO] DbMcus:218 - Found 5314 MCUs, 5126 are supported
2026-08-28 10:38:48,499 [INFO] ApiDb:423 - Load user favorites file C:\Users\student/.stm32cubeide/favorites.mcus.txt: 0 item(s)
2026-08-28 10:38:48,499 [INFO] ApiDb:427 - User favorites MCUs=[]
2026-08-28 10:38:48,499 [INFO] DbMcus:224 - Set 0 / 0 favorites MCUs
2026-08-28 10:38:49,071 [INFO] ApiDb:448 - Save user favorites file C:\Users\student/.stm32cubeide/favorites.boards.txt: 0 item(s)
2026-08-28 10:38:49,071 [INFO] ApiDb:452 - User favorites Boards=[]
2026-08-28 10:38:49,073 [INFO] ApiDb:581 - Connected to CubeFinder SQLite database (C:\Users\student\.stmcufinder\plugins\mcufinder\mcu\cube-finder-db.db)
2026-08-28 10:38:49,160 [INFO] ApiDb:668 - CubeFinder database Data Model version=2.1
2026-08-28 10:38:49,160 [INFO] ApiDb:669 - CubeFinder database Configuration version=3.0.42
2026-08-28 10:38:49,160 [INFO] ApiDb:670 - CubeFinder database generation date=2026-08-04 (1785840812)
2026-08-28 10:38:49,160 [INFO] ApiDb:671 - CubeFinder database FW Pack versions=[FP-ATR-ASTRA1_V2.0.0, FP-SNS-FLIGHT1_V5.1.0, FP-SNS-MOTENV1_V5.1.0, FP-SNS-MOTENVWB1_V1.5.0, FP-SNS-SMARTAG2_V1.2.0, FP-SNS-STBOX1_V2.1.0, STM32Cube_FW_C0_V1.4.1, STM32Cube_FW_F4_V1.28.3, STM32Cube_FW_F7_V1.17.4, STM32Cube_FW_G0_V1.6.3, STM32Cube_FW_G4_V1.6.2, STM32Cube_FW_H5_V1.7.0, STM32Cube_FW_H7RS_V1.3.0, STM32Cube_FW_H7_V1.13.0, STM32Cube_FW_L0_V1.12.2, STM32Cube_FW_L4_V1.18.2, STM32Cube_FW_L5_V1.6.0, STM32Cube_FW_N6_V1.4.0, STM32Cube_FW_U0_V1.3.0, STM32Cube_FW_U3_V1.4.0, STM32Cube_FW_U5_V1.9.0, STM32Cube_FW_WB0_V1.5.0, STM32Cube_FW_WBA_V1.10.0, STM32Cube_FW_WB_V1.24.0, STM32Cube_FW_WL3_V1.5.0, STM32Cube_FW_WL_V1.6.0, X-CUBE-ALGOBUILD_V1.5.0, X-CUBE-ALS_V1.0.2, X-CUBE-AZRTOS-F4_V1.1.0, X-CUBE-AZRTOS-F7_V1.1.0, X-CUBE-AZRTOS-G0_V1.1.0, X-CUBE-AZRTOS-G4_V2.0.0, X-CUBE-AZRTOS-H7RS_V1.3.0, X-CUBE-AZRTOS-H7_V3.5.0, X-CUBE-AZRTOS-L4_V2.0.0, X-CUBE-AZRTOS-L5_V2.0.0, X-CUBE-AZRTOS-WB_V2.0.0, X-CUBE-AZRTOS-WL_V2.0.0, X-CUBE-BLE1_V7.1.0, X-CUBE-BLE2_V3.3.0, X-CUBE-BLEMGR_V4.2.0, X-CUBE-EEPRMA1_V5.2.0, X-CUBE-FREERTOS_V1.6.0, X-CUBE-GNSS1_V7.1.1, X-CUBE-MEMS1_V13.0.0, X-CUBE-NFC4_V3.0.0, X-CUBE-NFC7_V2.0.0, X-CUBE-SFXS2LP1_V4.0.0, X-CUBE-ST67W61_V1.3.0, X-CUBE-SUBG2_V5.0.0, X-CUBE-TOF1_V3.4.3]
2026-08-28 10:38:49,210 [INFO] DbBoardsSqlite:226 - include board P-NUCLEO-WB55-NUCLEO as a kit item of type 'Nucleo-64'
2026-08-28 10:38:49,210 [INFO] DbBoardsSqlite:226 - include board P-NUCLEO-WB55-USBDONGLE as a kit item of type 'Nucleo USB Dongle'
2026-08-28 10:38:49,210 [INFO] DbBoardsSqlite:226 - include board STEVAL-IDP005V1 as a kit item of type 'Evaluation Board'
2026-08-28 10:38:49,210 [INFO] DbBoardsSqlite:226 - include board STEVAL-IDP005V2 as a kit item of type 'Evaluation Board'
2026-08-28 10:38:49,287 [INFO] ApiDb:240 - Found 880 in-development CPN: [B-G473E-ZEST1S, B-WB1M-WPAN1, B-WBA5M-WPAN, B-WL5M-SUBG1, NUCLEO-C031C6, NUCLEO-C051C8, NUCLEO-C071RB, NUCLEO-C092RC, NUCLEO-H503RB, NUCLEO-H533RE, NUCLEO-H563ZI, NUCLEO-H7S3L8, NUCLEO-N657X0-Q, NUCLEO-U031R8, NUCLEO-U083RC, NUCLEO-U385RG-Q, NUCLEO-U545RE-Q, NUCLEO-U5A5ZJ-Q, NUCLEO-WB05KZ, NUCLEO-WB07CC, NUCLEO-WB09KE, NUCLEO-WBA52CG, NUCLEO-WBA55CG, NUCLEO-WL33CC1, NUCLEO-WL33CC2, STEVAL-PROTEUS1, STEVAL-SMARTAG2, STEVAL-STWINBX1, STM320518-EVAL, STM32C0116-DK, STM32C011D6Y3TR, STM32C011D6Y6TR, STM32C011F4P3, STM32C011F4P6, STM32C011F4U3, STM32C011F4U6TR, STM32C011F6P3, STM32C011F6P6, STM32C011F6U3, STM32C011F6U6TR, STM32C011J4M3, STM32C011J4M6, STM32C011J6M3, STM32C011J6M6, STM32C0316-DK, STM32C031C4T3, STM32C031C4T6, STM32C031C4U3, STM32C031C4U6, STM32C031C6T3, STM32C031C6T6, STM32C031C6U3, STM32C031C6U6, STM32C031F4P3, STM32C031F4P6, STM32C031F6P3, STM32C031F6P6, STM32C031G4U3, STM32C031G4U6, STM32C031G6U3, STM32C031G6U6, STM32C031K4T3, STM32C031K4T6, STM32C031K4U3, STM32C031K4U6, STM32C031K6T3, STM32C031K6T6, STM32C031K6U3, STM32C031K6U6, STM32C051C6T6, STM32C051C6U6, STM32C051C8T6, STM32C051C8U6, STM32C051D8Y6TR, STM32C051F6P6, STM32C051F8P6, STM32C051G6U6, STM32C051G8U6, STM32C051K6T6, STM32C051K6U6, STM32C051K8T6, STM32C071C8T6, STM32C071C8T6N, STM32C071C8U6, STM32C071C8U6N, STM32C071CBT6, STM32C071CBT6N, STM32C071CBU6, STM32C071CBU6N, STM32C071F8P6, STM32C071F8P6N, STM32C071FBP6, STM32C071FBP6N, STM32C071FBY6TR, STM32C071G8U6, STM32C071G8U6N, STM32C071GBU6, STM32C071GBU6N, STM32C071K8T6, STM32C071K8T6N, STM32C071K8U6, STM32C071K8U6N, STM32C071KBT6, STM32C071KBT6N, STM32C071KBU6, STM32C071KBU6N, STM32C071R8T6, STM32C071R8T6N, STM32C071RBI6N, STM32C071RBT6, STM32C071RBT6N, STM32C091CBT6, STM32C091CBU6, STM32C091CCT6, STM32C091CCU6, STM32C091ECY6TR, STM32C091FBP6, STM32C091FCP6, STM32C091GBU6, STM32C091GCU6, STM32C091KBT6, STM32C091KBU6, STM32C091KCT6, STM32C091KCU6, STM32C091RBT6, STM32C091RCI6, STM32C091RCT6, STM32C092CBT6, STM32C092CBU6, STM32C092CCT6, STM32C092CCU6, STM32C092ECY6TR, STM32C092FBP6, STM32C092FCP6, STM32C092GBU6, STM32C092GCU6, STM32C092KBT6, STM32C092KBU6, STM32C092KCT6, STM32C092KCU6, STM32C092RBT6, STM32C092RCI6, STM32C092RCT6, STM32G071K8TXN, STM32G071K8UXN, STM32G081GBU6N, STM32G081KBT6N, STM32G081KBUXN, STM32G0B1CCT6N, STM32G0B1KCT6, STM32G0B1NEY6TR, STM32G0B1RCT6N, STM32G0C1CCT6, STM32G0C1CCT6N, STM32G0C1CCU6N, STM32G0C1CET6N, STM32G0C1CEU6N, STM32G0C1KCT6, STM32G0C1NEY6TR, STM32G0C1RCI6N, STM32G0C1RCT6N, STM32G0C1REI6N, STM32G0C1RET6N, STM32G0C1VCI6, STM32G0C1VEI6, STM32G411C6T3, STM32G411C6T6, STM32G411C6U3, STM32G411C6U6, STM32G411C8T3, STM32G411C8T6, STM32G411C8U3, STM32G411C8U6, STM32G411CBT3, STM32G411CBT6, STM32G411CBU3, STM32G411CBU6, STM32G411K6T3, STM32G411K6T6, STM32G411K6U3, STM32G411K6U6, STM32G411K8T3, STM32G411K8T6, STM32G411K8U3, STM32G411K8U6, STM32G411KBT3, STM32G411KBT6, STM32G411KBU3, STM32G411KBU6, STM32G411M6T3, STM32G411M6T6, STM32G411M8T3, STM32G411M8T6, STM32G411MBT3, STM32G411MBT6, STM32G411R6T3, STM32G411R6T6, STM32G411R8T3, STM32G411R8T6, STM32G411RBT3, STM32G411RBT6, STM32G414CBT3, STM32G414CBT6, STM32G414CBU3, STM32G414CBU6, STM32G414CCT3, STM32G414CCT6, STM32G414CCU3, STM32G414CCU6, STM32G414MBT3, STM32G414MBT6, STM32G414MCT3, STM32G414MCT6, STM32G414RBT3, STM32G414RBT6, STM32G414RCT3, STM32G414RCT6, STM32G414VBT3, STM32G414VBT6, STM32G414VCT3, STM32G414VCT6, STM32G431CBT3Z, STM32G431RBT3Z, STM32G471CCT6, STM32G471CCU6, STM32G471CET3, STM32G471CET6, STM32G471CEU3, STM32G471CEU6, STM32G471MCT6, STM32G471MET3, STM32G471MET6, STM32G471MEY6TR, STM32G471QCT6, STM32G471QET3, STM32G471RCT6, STM32G471RET3, STM32G471RET6, STM32G471VCH6, STM32G471VCI6, STM32G471VCT6, STM32G471VEH3, STM32G471VEH6, STM32G471VEI3, STM32G471VEI6, STM32G471VET3, STM32G471VET6, STM32G473QET3Z, STM32G473RET3Z, STM32G474CCT6, STM32G491RET3Z, STM32H503CBT6, STM32H503CBU6, STM32H503EBY6TR, STM32H503KBU6, STM32H503RBT6, STM32H523CCT6, STM32H523CCU6, STM32H523CET6, STM32H523CEU6, STM32H523HEY6TR, STM32H523RCT6, STM32H523RET6, STM32H523VCI6, STM32H523VCT6, STM32H523VEI6, STM32H523VET6, STM32H523ZCJ6, STM32H523ZCT6, STM32H523ZEJ6, STM32H523ZET6, STM32H533CET6, STM32H533CEU6, STM32H533HEY6TR, STM32H533RET6, STM32H533VEI6, STM32H533VET6, STM32H533ZEJ6, STM32H533ZET6, STM32H562AGI6, STM32H562AII6, STM32H562IGK6, STM32H562IGT6, STM32H562IIK6, STM32H562IIT6, STM32H562RGT6, STM32H562RGV6, STM32H562RIT6, STM32H562RIV6, STM32H562VGT6, STM32H562VIT6, STM32H562ZGT6, STM32H562ZIT6, STM32H563AGI6, STM32H563AII3Q, STM32H563AII6, STM32H563IGK6, STM32H563IGT6, STM32H563IIK3Q, STM32H563IIK6, STM32H563IIT3Q, STM32H563IIT6, STM32H563MIY3QTR, STM32H563RGT6, STM32H563RGV6, STM32H563RIT6, STM32H563RIV6, STM32H563VGT6, STM32H563VIT3Q, STM32H563VIT6, STM32H563ZGT6, STM32H563ZIT3Q, STM32H563ZIT6, STM32H573AII3Q, STM32H573AII6, STM32H573I-DK, STM32H573IIK3Q, STM32H573IIK6, STM32H573IIT3Q, STM32H573IIT6, STM32H573MIY3QTR, STM32H573RIT6, STM32H573RIV6, STM32H573VIT3Q, STM32H573VIT6, STM32H573ZIT3Q, STM32H573ZIT6, STM32H7R3A8I6, STM32H7R3I8K6, STM32H7R3I8T6, STM32H7R3L8H6, STM32H7R3L8H6H, STM32H7R3R8V6, STM32H7R3V8H6, STM32H7R3V8T6, STM32H7R3V8Y6TR, STM32H7R3Z8J6, STM32H7R3Z8T6, STM32H7R7A8I6, STM32H7R7I8K6, STM32H7R7I8T6, STM32H7R7L8H6, STM32H7R7L8H6H, STM32H7R7Z8J6, STM32H7S3A8I6, STM32H7S3I8K6, STM32H7S3I8T6, STM32H7S3L8H6, STM32H7S3L8H6H, STM32H7S3R8V6, STM32H7S3V8H6, STM32H7S3V8T6, STM32H7S3V8Y6TR, STM32H7S3Z8J6, STM32H7S3Z8T6, STM32H7S78-DK, STM32H7S7A8I6, STM32H7S7I8K6, STM32H7S7I8T6, STM32H7S7L8H6, STM32H7S7L8H6H, STM32H7S7Z8J6, STM32L4R5QGI6STR, STM32MP131AAE3, STM32MP131AAF3, STM32MP131AAG3, STM32MP131CAE3, STM32MP131CAF3, STM32MP131CAG3, STM32MP131DAE7, STM32MP131DAF7, STM32MP131DAG7, STM32MP131FAE7, STM32MP131FAF7, STM32MP131FAG7, STM32MP133AAE3, STM32MP133AAF3, STM32MP133AAG3, STM32MP133CAE3, STM32MP133CAF3, STM32MP133CAG3, STM32MP133DAE7, STM32MP133DAF7, STM32MP133DAG7, STM32MP133FAE7, STM32MP133FAF7, STM32MP133FAG7, STM32MP135AAE3, STM32MP135AAF3, STM32MP135AAG3, STM32MP135CAE3, STM32MP135CAF3, STM32MP135CAG3, STM32MP135DAE7, STM32MP135DAF7, STM32MP135DAG7, STM32MP135F-DK, STM32MP135FAE7, STM32MP135FAF7, STM32MP135FAF7T, STM32MP135FAF7U, STM32MP135FAG7, STM32MP211AAL3, STM32MP211AAM3, STM32MP211AAN3, STM32MP211AAO3, STM32MP211CAL3, STM32MP211CAM3, STM32MP211CAN3, STM32MP211CAO3, STM32MP211DAL3, STM32MP211DAM3, STM32MP211DAN3, STM32MP211DAO3, STM32MP211FAL3, STM32MP211FAM3, STM32MP211FAN3, STM32MP211FAO3, STM32MP213AAL3, STM32MP213AAM3, STM32MP213AAN3, STM32MP213AAO3, STM32MP213CAL3, STM32MP213CAM3, STM32MP213CAN3, STM32MP213CAO3, STM32MP213DAL3, STM32MP213DAM3, STM32MP213DAN3, STM32MP213DAO3, STM32MP213FAL3, STM32MP213FAM3, STM32MP213FAN3, STM32MP213FAO3, STM32MP215AAL3, STM32MP215AAM3, STM32MP215AAN3, STM32MP215AAO3, STM32MP215CAL3, STM32MP215CAM3, STM32MP215CAN3, STM32MP215CAO3, STM32MP215DAL3, STM32MP215DAM3, STM32MP215DAN3, STM32MP215DAO3, STM32MP215F-DK, STM32MP215FAL3, STM32MP215FAM3, STM32MP215FAN3, STM32MP215FAO3, STM32MP231AAJ3, STM32MP231AAK3, STM32MP231AAL3, STM32MP231CAJ3, STM32MP231CAK3, STM32MP231CAL3, STM32MP231DAJ3, STM32MP231DAK3, STM32MP231DAL3, STM32MP231FAJ3, STM32MP231FAK3, STM32MP231FAL3, STM32MP233AAJ3, STM32MP233AAK3, STM32MP233AAL3, STM32MP233CAJ3, STM32MP233CAK3, STM32MP233CAL3, STM32MP233DAJ3, STM32MP233DAK3, STM32MP233DAL3, STM32MP233FAJ3, STM32MP233FAK3, STM32MP233FAL3, STM32MP235AAJ3, STM32MP235AAK3, STM32MP235AAL3, STM32MP235CAJ3, STM32MP235CAK3, STM32MP235CAL3, STM32MP235DAJ3, STM32MP235DAK3, STM32MP235DAL3, STM32MP235FAJ3, STM32MP235FAK3, STM32MP235FAL3, STM32MP251AAI3, STM32MP251AAK3, STM32MP251AAL3, STM32MP251CAI3, STM32MP251CAK3, STM32MP251CAL3, STM32MP251DAI3, STM32MP251DAK3, STM32MP251DAL3, STM32MP251FAI3, STM32MP251FAK3, STM32MP251FAL3, STM32MP253AAI3, STM32MP253AAK3, STM32MP253AAL3, STM32MP253CAI3, STM32MP253CAK3, STM32MP253CAL3, STM32MP253DAI3, STM32MP253DAK3, STM32MP253DAL3, STM32MP253FAI3, STM32MP253FAK3, STM32MP253FAL3, STM32MP255AAI3, STM32MP255AAK3, STM32MP255AAL3, STM32MP255CAI3, STM32MP255CAK3, STM32MP255CAL3, STM32MP255DAI3, STM32MP255DAK3, STM32MP255DAL3, STM32MP255FAI3, STM32MP255FAK3, STM32MP255FAL3, STM32MP257AAI3, STM32MP257AAK3, STM32MP257AAL3, STM32MP257CAI3, STM32MP257CAK3, STM32MP257CAL3, STM32MP257DAI3, STM32MP257DAK3, STM32MP257DAL3, STM32MP257F-DK, STM32MP257F-EV1, STM32MP257FAI3, STM32MP257FAK3, STM32MP257FAL3, STM32N645A0H3Q, STM32N645B0H3Q, STM32N645I0H3Q, STM32N645L0H3Q, STM32N645X0H3Q, STM32N645Z0H3Q, STM32N647A0H3Q, STM32N647B0H3Q, STM32N647I0H3Q, STM32N647L0H3Q, STM32N647X0H3Q, STM32N647Z0H3Q, STM32N655A0H3Q, STM32N655B0H3Q, STM32N655I0H3Q, STM32N655L0H3Q, STM32N655X0H3Q, STM32N655Z0H3Q, STM32N6570-DK, STM32N657A0H3Q, STM32N657B0H3Q, STM32N657I0H3Q, STM32N657L0H3Q, STM32N657X0H3Q, STM32N657Z0H3Q, STM32U031C6T6, STM32U031C6U6, STM32U031C8T6, STM32U031C8U6, STM32U031F4P6, STM32U031F6P6, STM32U031F8P6, STM32U031G6Y6TR, STM32U031G8Y6TR, STM32U031K4U6, STM32U031K6U6, STM32U031K8U6, STM32U031R6I6, STM32U031R6T6, STM32U031R8I6, STM32U031R8T6, STM32U073C8T6, STM32U073C8U6, STM32U073CBT6, STM32U073CBU6, STM32U073CCT6, STM32U073CCU6, STM32U073H8Y6TR, STM32U073HBY6TR, STM32U073HCY6TR, STM32U073K8U6, STM32U073KBU6, STM32U073KCU6, STM32U073M8I6, STM32U073M8T6, STM32U073MBI6, STM32U073MBT6, STM32U073MCI6, STM32U073MCT6, STM32U073R8I6, STM32U073R8T6, STM32U073RBI6, STM32U073RBT6, STM32U073RCI6, STM32U073RCT6, STM32U083C-DK, STM32U083CCT6, STM32U083CCU6, STM32U083HCY6TR, STM32U083KCU6, STM32U083MCI6, STM32U083MCT6, STM32U083RCI6, STM32U083RCT6, STM32U375CET6, STM32U375CET6Q, STM32U375CEU6, STM32U375CEU6Q, STM32U375CEY6QTR, STM32U375CGT6, STM32U375CGT6Q, STM32U375CGU6, STM32U375CGU6Q, STM32U375CGY6QTR, STM32U375KEU6, STM32U375KGU6, STM32U375REI6, STM32U375REI6Q, STM32U375RET6, STM32U375RET6Q, STM32U375REY6GTR, STM32U375REY6QTR, STM32U375RGI6, STM32U375RGI6Q, STM32U375RGT6, STM32U375RGT6Q, STM32U375RGY6GTR, STM32U375RGY6QTR, STM32U375VEI6, STM32U375VEI6Q, STM32U375VET6, STM32U375VET6Q, STM32U375VGI6, STM32U375VGI6Q, STM32U375VGT6, STM32U375VGT6Q, STM32U385CGT6, STM32U385CGT6Q, STM32U385CGU6, STM32U385CGU6Q, STM32U385CGY6QTR, STM32U385KGU6, STM32U385RGI6, STM32U385RGI6Q, STM32U385RGT6, STM32U385RGT6Q, STM32U385RGY6GTR, STM32U385RGY6QTR, STM32U385VGI6, STM32U385VGI6Q, STM32U385VGT6, STM32U385VGT6Q, STM32U535CBT6, STM32U535CBT6Q, STM32U535CBU6, STM32U535CBU6Q, STM32U535CCT6, STM32U535CCT6Q, STM32U535CCU6, STM32U535CCU6Q, STM32U535CET6, STM32U535CET6Q, STM32U535CEU6, STM32U535CEU6Q, STM32U535JEY6QTR, STM32U535NCY6QTR, STM32U535NEY6QTR, STM32U535RBI6, STM32U535RBI6Q, STM32U535RBT6, STM32U535RBT6Q, STM32U535RCI6, STM32U535RCI6Q, STM32U535RCT6, STM32U535RCT6Q, STM32U535REI6, STM32U535REI6Q, STM32U535RET6, STM32U535RET6Q, STM32U535VCI6, STM32U535VCI6Q, STM32U535VCT6, STM32U535VCT6Q, STM32U535VEI6, STM32U535VEI6Q, STM32U535VET6, STM32U535VET6Q, STM32U545CET6, STM32U545CET6Q, STM32U545CEU6, STM32U545CEU6Q, STM32U545JEY6QTR, STM32U545NEY6QTR, STM32U545REI6, STM32U545REI6Q, STM32U545RET6, STM32U545RET6Q, STM32U545VEI6, STM32U545VEI6Q, STM32U545VET6, STM32U545VET6Q, STM32U595AIH6, STM32U595AIH6Q, STM32U595AJH6, STM32U595AJH6Q, STM32U595QII6, STM32U595QII6Q, STM32U595QJI6, STM32U595QJI6Q, STM32U595RIT6, STM32U595RIT6Q, STM32U595RJT6, STM32U595RJT6Q, STM32U595VIT6, STM32U595VIT6Q, STM32U595VJT6, STM32U595VJT6Q, STM32U595ZIT6, STM32U595ZIT6Q, STM32U595ZIY6QTR, STM32U595ZJT6, STM32U595ZJT6Q, STM32U595ZJY6QTR, STM32U599BJY6QTR, STM32U599NIH6Q, STM32U599NJH6Q, STM32U599VIT6Q, STM32U599VJT6, STM32U599VJT6Q, STM32U599ZIT6Q, STM32U599ZIY6QTR, STM32U599ZJT6Q, STM32U599ZJY6QTR, STM32U5A5AJH6, STM32U5A5AJH6Q, STM32U5A5QII3Q , STM32U5A5QJI6, STM32U5A5QJI6Q, STM32U5A5RJT6, STM32U5A5RJT6Q, STM32U5A5VJT6, STM32U5A5VJT6Q, STM32U5A5ZJT6, STM32U5A5ZJT6Q, STM32U5A5ZJY6QTR, STM32U5A9BJY6QTR, STM32U5A9J-DK, STM32U5A9NJH6Q, STM32U5A9VJT6Q, STM32U5A9ZJT6Q, STM32U5A9ZJY6QTR, STM32U5F7VIT6, STM32U5F7VIT6Q, STM32U5F7VJT6, STM32U5F7VJT6Q, STM32U5F9BJY6QTR, STM32U5F9NJH6Q, STM32U5F9VIT6Q, STM32U5F9VJT6Q, STM32U5F9ZIJ6QTR, STM32U5F9ZIT6Q, STM32U5F9ZJJ6QTR, STM32U5F9ZJT6Q, STM32U5G7VJT6, STM32U5G7VJT6Q, STM32U5G9BJY6QTR, STM32U5G9J-DK1, STM32U5G9J-DK2, STM32U5G9NJH6Q, STM32U5G9VJT6Q, STM32U5G9ZJJ6QTR, STM32U5G9ZJT6Q, STM32WB05KZV6TR, STM32WB05KZV7TR, STM32WB05TZF6TR, STM32WB05TZF7TR, STM32WB06CCF6TR, STM32WB06CCF7TR, STM32WB06CCV6TR, STM32WB06CCV7TR, STM32WB06KCV6TR, STM32WB06KCV7TR, STM32WB07CCF6TR, STM32WB07CCF7TR, STM32WB07CCV6TR, STM32WB07CCV7TR, STM32WB07KCV6TR, STM32WB07KCV7TR, STM32WB09KEV6TR, STM32WB09KEV7TR, STM32WB09TEF6TR, STM32WB09TEF7TR, STM32WB1MMCH6, STM32WBA50KGU6, STM32WBA50KGU6TR, STM32WBA52CEU6, STM32WBA52CEU6TR, STM32WBA52CEU7, STM32WBA52CEU7TR, STM32WBA52CGU6, STM32WBA52CGU6TR, STM32WBA52CGU6U, STM32WBA52CGU7, STM32WBA52CGU7TR, STM32WBA52KEU6, STM32WBA52KEU6TR, STM32WBA52KGU6, STM32WBA52KGU6TR, STM32WBA54CEU6, STM32WBA54CEU6TR, STM32WBA54CEU7, STM32WBA54CEU7TR, STM32WBA54CGU6, STM32WBA54CGU6TR, STM32WBA54CGU7, STM32WBA54CGU7TR, STM32WBA54KEU6, STM32WBA54KEU6TR, STM32WBA54KEU7, STM32WBA54KEU7TR, STM32WBA54KGU6, STM32WBA54KGU6TR, STM32WBA54KGU7, STM32WBA54KGU7TR, STM32WBA55CEU6, STM32WBA55CEU6TR, STM32WBA55CEU7, STM32WBA55CEU7TR, STM32WBA55CGU6, STM32WBA55CGU6TR, STM32WBA55CGU6U, STM32WBA55CGU7, STM32WBA55CGU7TR, STM32WBA55G-DK1, STM32WBA55HEF6, STM32WBA55HEF7, STM32WBA55HGF6, STM32WBA55HGF7, STM32WBA55UEI6, STM32WBA55UEI6TR, STM32WBA55UEI7, STM32WBA55UEI7TR, STM32WBA55UGI6, STM32WBA55UGI6TR, STM32WBA55UGI7, STM32WBA55UGI7TR, STM32WBA5MMGH6TR, STM32WBA62MGF6, STM32WBA62MIF6, STM32WBA65MGF7, STM32WBA65MIF6, STM32WBA65MIF7, STM32WL30K8V6, STM32WL30KBV6, STM32WL31C8V6, STM32WL31CBV6, STM32WL31K8V6, STM32WL31KBV6, STM32WL33C8V6, STM32WL33C8V6X, STM32WL33CBV6, STM32WL33CBV6X, STM32WL33CCV6, STM32WL33CCV6A, STM32WL33CCV6X, STM32WL33K8V7, STM32WL33K8V7X, STM32WL33KBV7 , STM32WL33KBV7X, STM32WL33KCV7, STM32WL33KCV7X, STM32WL5MOCH6, STM32WL5MOCH6TR]
2026-08-28 10:38:49,675 [INFO] BoardInfo:889 - No configuration file found for board NUCLEO-H553ZG
2026-08-28 10:38:49,676 [INFO] DbBoards:161 - Board is not supported: NUCLEO-H553ZG
2026-08-28 10:38:49,681 [INFO] BoardInfo:889 - No configuration file found for board NUCLEO-H5E5ZJ
2026-08-28 10:38:49,682 [INFO] DbBoards:161 - Board is not supported: NUCLEO-H5E5ZJ
2026-08-28 10:38:49,783 [INFO] BoardInfo:889 - No configuration file found for board NUCLEO-U3C5ZI-Q
2026-08-28 10:38:49,785 [INFO] DbBoards:161 - Board is not supported: NUCLEO-U3C5ZI-Q
2026-08-28 10:38:49,806 [INFO] BoardInfo:889 - No configuration file found for board NUCLEO-WBA25CE1
2026-08-28 10:38:49,808 [INFO] DbBoards:161 - Board is not supported: NUCLEO-WBA25CE1
2026-08-28 10:38:49,823 [INFO] BoardInfo:889 - No configuration file found for board NUCLEO-WL3RKB1
2026-08-28 10:38:49,825 [INFO] DbBoards:161 - Board is not supported: NUCLEO-WL3RKB1
2026-08-28 10:38:49,826 [INFO] BoardInfo:889 - No configuration file found for board NUCLEO-WL3RKB2
2026-08-28 10:38:49,828 [INFO] DbBoards:161 - Board is not supported: NUCLEO-WL3RKB2
2026-08-28 10:38:49,840 [INFO] BoardInfo:889 - No configuration file found for board P-NUCLEO-WB55
2026-08-28 10:38:49,842 [INFO] DbBoards:161 - Kit is not supported: P-NUCLEO-WB55
2026-08-28 10:38:49,852 [INFO] BoardInfo:889 - No configuration file found for board STEVAL-BFA001V1B
2026-08-28 10:38:49,853 [INFO] DbBoards:161 - Kit is not supported: STEVAL-BFA001V1B
2026-08-28 10:38:49,854 [INFO] BoardInfo:889 - No configuration file found for board STEVAL-BFA001V2B
2026-08-28 10:38:49,856 [INFO] DbBoards:161 - Kit is not supported: STEVAL-BFA001V2B
2026-08-28 10:38:50,022 [INFO] BoardInfo:889 - No configuration file found for board STM32H5F5J-DK
2026-08-28 10:38:50,023 [INFO] DbBoards:161 - Board is not supported: STM32H5F5J-DK
2026-08-28 10:38:50,155 [INFO] DbBoards:168 - Found 219 boards, 209 are supported
2026-08-28 10:38:50,155 [INFO] DbBoards:169 - Found 219 boards, 43 of them is supported for  Bsp
2026-08-28 10:38:50,157 [INFO] ApiDb:423 - Load user favorites file C:\Users\student/.stm32cubeide/favorites.boards.txt: 0 item(s)
2026-08-28 10:38:50,157 [INFO] ApiDb:427 - User favorites Boards=[]
2026-08-28 10:38:50,157 [INFO] DbBoards:198 - Set 0 / 0 favorites Boards
2026-08-28 10:38:50,157 [ERROR] TargetSelectorAdapter:267 - Unable to refresh data
2026-08-28 10:38:50,200 [INFO] McuFinderGlobals:76 - Set McuFinderConnectedMode to true
2026-08-28 10:38:50,205 [INFO] MultiScanPanel:200 - Auto-refresh data requested => check proxy status ongoing
2026-08-28 10:38:50,207 [INFO] FinderPluginLoader:96 - Searching for filters in installed packs
2026-08-28 10:38:52,869 [INFO] LoadUrlFilesThread:185 - End of LoadServerUrlFiles without Thread
2026-08-28 10:38:52,869 [INFO] DetailPanel:341 - Set advertising image to C:/Users/student/STM32Cube/Repository/\en.stm32h5cubemxbanner.png
2026-08-28 10:40:53,369 [INFO] MultiScanPanel:200 - Auto-refresh data requested => check proxy status ongoing
2026-08-28 10:40:53,430 [INFO] LoadUrlFilesThread:185 - End of LoadServerUrlFiles without Thread
2026-08-28 10:40:53,430 [INFO] DetailPanel:341 - Set advertising image to C:/Users/student/STM32Cube/Repository/\en.stm32h5cubemxbanner.png
2026-08-28 10:40:53,436 [INFO] DbBoards:642 - Loading board mini-images...
2026-08-28 10:40:53,898 [ERROR] DbBoards:659 - Image file not found for board NUCLEO-H553ZG: C:\Users\student\.stmcufinder\plugins\mcufinder//mcu//boards_images/NUCLEO-H553ZG.jpg
2026-08-28 10:40:56,192 [INFO] DbBoards:665 - Loaded 218 board mini-images
2026-08-28 10:41:18,170 [INFO] MainUpdater:2872 - connection check result : 10
2026-08-28 10:41:18,171 [INFO] MainUpdater:2872 - connection check result : 10
2026-08-28 10:41:18,297 [INFO] MicroXplorer:468 - Change Database Path : 
2026-08-28 10:41:18,297 [INFO] MicroXplorer:498 - Change Database Version : DB.6.0.150
2026-08-28 10:41:18,414 [ERROR] ProjectManagerView:395 - 
java.lang.NullPointerException: Cannot invoke "javax.swing.JTextField.getText()" because the return value of "java.util.List.get(int)" is null
	at com.st.microxplorer.plugins.projectmanager.gui.ProjectChoiceTab$9.caretUpdate(ProjectChoiceTab.java:2706) ~[filemanager.jar:?]
	at javax.swing.text.JTextComponent.fireCaretUpdate(JTextComponent.java:408) ~[?:?]
	at javax.swing.text.JTextComponent$MutableCaretEvent.fire(JTextComponent.java:4484) ~[?:?]
	at javax.swing.text.JTextComponent$MutableCaretEvent.stateChanged(JTextComponent.java:4506) ~[?:?]
	at javax.swing.text.DefaultCaret.fireStateChanged(DefaultCaret.java:857) ~[?:?]
	at javax.swing.text.DefaultCaret.changeCaretPosition(DefaultCaret.java:1343) ~[?:?]
	at javax.swing.text.DefaultCaret.handleSetDot(DefaultCaret.java:1242) ~[?:?]
	at javax.swing.text.DefaultCaret.setDot(DefaultCaret.java:1223) ~[?:?]
	at javax.swing.text.DefaultCaret$Handler.insertUpdate(DefaultCaret.java:1819) ~[?:?]
	at javax.swing.text.AbstractDocument.fireInsertUpdate(AbstractDocument.java:227) ~[?:?]
	at javax.swing.text.AbstractDocument.handleInsertString(AbstractDocument.java:781) ~[?:?]
	at javax.swing.text.AbstractDocument.insertString(AbstractDocument.java:740) ~[?:?]
	at javax.swing.text.PlainDocument.insertString(PlainDocument.java:131) ~[?:?]
	at javax.swing.text.AbstractDocument.replace(AbstractDocument.java:699) ~[?:?]
	at javax.swing.text.JTextComponent.setText(JTextComponent.java:1725) ~[?:?]
	at com.st.microxplorer.plugins.projectmanager.gui.ProjectChoiceTab.createHeapStackFields(ProjectChoiceTab.java:993) ~[filemanager.jar:?]
	at com.st.microxplorer.plugins.projectmanager.gui.ProjectChoiceTab.buildLinkSettingsPanel(ProjectChoiceTab.java:3813) ~[filemanager.jar:?]
	at com.st.microxplorer.plugins.projectmanager.gui.ProjectChoiceTab.defineWindowsFields(ProjectChoiceTab.java:1987) ~[filemanager.jar:?]
	at com.st.microxplorer.plugins.projectmanager.gui.ProjectChoiceTab.updateSettings(ProjectChoiceTab.java:558) ~[filemanager.jar:?]
	at com.st.microxplorer.plugins.projectmanager.gui.ProjectSettingsPanel.UpdateDialog(ProjectSettingsPanel.java:247) ~[filemanager.jar:?]
	at com.st.microxplorer.plugins.projectmanager.ProjectManagerView.propertyChange(ProjectManagerView.java:392) ~[filemanager.jar:?]
	at java.beans.PropertyChangeSupport.fire(PropertyChangeSupport.java:343) ~[?:?]
	at java.beans.PropertyChangeSupport.firePropertyChange(PropertyChangeSupport.java:335) ~[?:?]
	at java.beans.PropertyChangeSupport.firePropertyChange(PropertyChangeSupport.java:268) ~[?:?]
	at com.st.microxplorer.util.MXPropertyChangeSupport.firePropertyChange(MXPropertyChangeSupport.java:54) ~[STM32CubeMX.jar:?]
	at com.st.microxplorer.mxsystem.MxSystem.closeConfig(MxSystem.java:899) ~[STM32CubeMX.jar:?]
	at com.st.microxplorer.maingui.MainPanel.closeConfig(MainPanel.java:792) ~[STM32CubeMX.jar:?]
	at com.st.microxplorer.plugins.filemanager.engine.OpenFileManager.loadConfigurationFile(OpenFileManager.java:288) ~[filemanager.jar:?]
	at com.st.microxplorer.plugins.filemanager.engine.MainFileManager.userLoadConfig(MainFileManager.java:364) ~[filemanager.jar:?]
	at com.st.microxplorer.plugins.filemanager.FileManagerView.getSpecificTask(FileManagerView.java:268) ~[filemanager.jar:?]
	at com.st.stm32cube.common.mx.editor.CubeMxEditor.getMxTabbedPaneInstance(CubeMxEditor.java:1191) ~[com.st.stm32cube.common.mx_6.15.0.202507011659/:?]
	at com.st.stm32cube.common.mx.editor.CubeMxEditor$12$1.createSwingComponent(CubeMxEditor.java:1068) ~[com.st.stm32cube.common.mx_6.15.0.202507011659/:?]
	at com.st.stm32cube.common.mx.oss.core.awtswtbridge.EmbeddedSwingComposite.doComponentCreation(EmbeddedSwingComposite.java:492) ~[com.st.stm32cube.common.mx.oss_6.15.0.202507011659/:?]
	at com.st.stm32cube.common.mx.oss.core.awtswtbridge.EmbeddedSwingComposite$4.run(EmbeddedSwingComposite.java:291) ~[com.st.stm32cube.common.mx.oss_6.15.0.202507011659/:?]
	at com.st.stm32cube.common.mx.oss.core.awtswtbridge.AwtEnvironment$2.run(AwtEnvironment.java:166) ~[com.st.stm32cube.common.mx.oss_6.15.0.202507011659/:?]
	at java.awt.event.InvocationEvent.dispatch(InvocationEvent.java:318) ~[?:?]
	at java.awt.EventQueue.dispatchEventImpl(EventQueue.java:773) ~[?:?]
	at java.awt.EventQueue$4.run(EventQueue.java:720) ~[?:?]
	at java.awt.EventQueue$4.run(EventQueue.java:714) ~[?:?]
	at java.security.AccessController.doPrivileged(AccessController.java:400) ~[?:?]
	at java.security.ProtectionDomain$JavaSecurityAccessImpl.doIntersectionPrivilege(ProtectionDomain.java:87) ~[?:?]
	at java.awt.EventQueue.dispatchEvent(EventQueue.java:742) ~[?:?]
	at java.awt.EventDispatchThread.pumpOneEventForFilters(EventDispatchThread.java:203) ~[?:?]
	at java.awt.EventDispatchThread.pumpEventsForFilter(EventDispatchThread.java:124) ~[?:?]
	at java.awt.EventDispatchThread.pumpEventsForHierarchy(EventDispatchThread.java:113) ~[?:?]
	at java.awt.EventDispatchThread.pumpEvents(EventDispatchThread.java:109) ~[?:?]
	at java.awt.EventDispatchThread.pumpEvents(EventDispatchThread.java:101) ~[?:?]
	at java.awt.EventDispatchThread.run(EventDispatchThread.java:90) ~[?:?]
2026-08-28 10:41:18,555 [WARN] ThirdParty:871 - waiting for thirdparty lock release [close project]
2026-08-28 10:41:18,555 [INFO] ThirdParty:873 - entering critical section [close project]
2026-08-28 10:41:18,555 [INFO] ThirdParty:883 - exiting critical section [close project]
2026-08-28 10:41:18,557 [INFO] PinOutPanel:1589 - setPackage(No Configuration,No Configuration)
2026-08-28 10:41:18,683 [INFO] UtilMem:75 - Begin LoadConfig() Used Memory: 1062239280 Bytes (1073741824)
2026-08-28 10:41:18,687 [INFO] OpenFileManager:355 - Change cursor
2026-08-28 10:41:19,399 [INFO] RulesReader:64 - Compatibility file has been processed (317 Rules)
2026-08-28 10:41:19,863 [INFO] ProjectFactory:514 - No CPN specified for board B-L4S5I-IOT01A => set CPN to STM32L4S5VIT6
2026-08-28 10:41:19,863 [INFO] Mcu:2029 - Initializing MCU STM32L4S5VITx STM32L4S5VITx STM32L4S5VIT6
2026-08-28 10:41:24,516 [INFO] Context:786 - Trying to add GPIOservice into a context  which must be forbidden
2026-08-28 10:41:25,307 [INFO] Rule:233 - rule 117617 - U5Cobra4M][GTZC] default value MPCBB3 and MPCBB5 - Not Secured memory - MPCBB1 is applicable
2026-08-28 10:41:25,307 [INFO] Rule:233 - rule 117617 - U5Cobra4M][GTZC] default value MPCBB3 and MPCBB5 - Not Secured memory - MPCBB1 is applicable
2026-08-28 10:41:25,307 [INFO] Rule:233 - rule 117617 - U5Cobra4M][GTZC] default value MPCBB3 and MPCBB5 - Not Secured memory - MPCBB2 is applicable
2026-08-28 10:41:25,307 [INFO] Rule:233 - rule 117617 - U5Cobra4M][GTZC] default value MPCBB3 and MPCBB5 - Not Secured memory - MPCBB2 is applicable
2026-08-28 10:41:25,307 [INFO] Rule:233 - rule 117617 - U5Cobra4M][GTZC] default value MPCBB3 and MPCBB5 - Not Secured memory - MPCBB3 is applicable
2026-08-28 10:41:25,307 [INFO] Rule:233 - rule 117617 - U5Cobra4M][GTZC] default value MPCBB3 and MPCBB5 - Not Secured memory - MPCBB3 is applicable
2026-08-28 10:41:25,308 [INFO] Rule:233 - rule 117617 - U5Cobra4M][GTZC] default value MPCBB3 and MPCBB5 - Not Secured memory - MPCBB4 is applicable
2026-08-28 10:41:25,308 [INFO] Rule:233 - rule 117617 - U5Cobra4M][GTZC] default value MPCBB3 and MPCBB5 - Not Secured memory - MPCBB4 is applicable
2026-08-28 10:41:25,308 [INFO] Rule:233 - rule 117617 - U5Cobra4M][GTZC] default value MPCBB3 and MPCBB5 - Secured memory - MPCBB1 is applicable
2026-08-28 10:41:25,308 [INFO] Rule:233 - rule 117617 - U5Cobra4M][GTZC] default value MPCBB3 and MPCBB5 - Secured memory - MPCBB2 is applicable
2026-08-28 10:41:25,308 [INFO] Rule:233 - rule 117617 - U5Cobra4M][GTZC] default value MPCBB3 and MPCBB5 - Secured memory - MPCBB3 is applicable
2026-08-28 10:41:25,308 [INFO] Rule:233 - rule 117617 - U5Cobra4M][GTZC] default value MPCBB3 and MPCBB5 - Secured memory - MPCBB4 is applicable
2026-08-28 10:41:25,308 [INFO] Rule:233 - rule 117617 - U5Cobra4M][GTZC] default value MPCBB3 and MPCBB5 - Privileged memory - MPCBB1 is applicable
2026-08-28 10:41:25,308 [INFO] Rule:233 - rule 117617 - U5Cobra4M][GTZC] default value MPCBB3 and MPCBB5 - Privileged memory - MPCBB2 is applicable
2026-08-28 10:41:25,308 [INFO] Rule:233 - rule 117617 - U5Cobra4M][GTZC] default value MPCBB3 and MPCBB5 - Privileged memory - MPCBB3 is applicable
2026-08-28 10:41:25,308 [INFO] Rule:233 - rule 117617 - U5Cobra4M][GTZC] default value MPCBB3 and MPCBB5 - Privileged memory - MPCBB4 is applicable
2026-08-28 10:41:25,308 [INFO] Rule:233 - rule 117617 - U5Cobra4M][GTZC] default value MPCBB3 and MPCBB5 - Not Privileged memory - MPCBB1 is applicable
2026-08-28 10:41:25,308 [INFO] Rule:233 - rule 117617 - U5Cobra4M][GTZC] default value MPCBB3 and MPCBB5 - Not Privileged memory - MPCBB2 is applicable
2026-08-28 10:41:25,308 [INFO] Rule:233 - rule 117617 - U5Cobra4M][GTZC] default value MPCBB3 and MPCBB5 - Not Privileged memory - MPCBB3 is applicable
2026-08-28 10:41:25,308 [INFO] Rule:233 - rule 117617 - U5Cobra4M][GTZC] default value MPCBB3 and MPCBB5 - Not Privileged memory - MPCBB4 is applicable
2026-08-28 10:41:25,308 [INFO] Rule:233 - rule 117617 - U5Cobra4M][GTZC] default value MPCBB3 and MPCBB5 - Privileged memory - MPCBB1 is applicable
2026-08-28 10:41:25,308 [INFO] Rule:233 - rule 117617 - U5Cobra4M][GTZC] default value MPCBB3 and MPCBB5 - Privileged memory - MPCBB2 is applicable
2026-08-28 10:41:25,308 [INFO] Rule:233 - rule 117617 - U5Cobra4M][GTZC] default value MPCBB3 and MPCBB5 - Privileged memory - MPCBB3 is applicable
2026-08-28 10:41:25,308 [INFO] Rule:233 - rule 117617 - U5Cobra4M][GTZC] default value MPCBB3 and MPCBB5 - Privileged memory - MPCBB4 is applicable
2026-08-28 10:41:25,308 [INFO] Rule:233 - rule 117617 - U5Cobra4M][GTZC] default value MPCBB3 and MPCBB5 - Privileged memory - MPCBB1 is applicable
2026-08-28 10:41:25,308 [INFO] Rule:233 - rule 117617 - U5Cobra4M][GTZC] default value MPCBB3 and MPCBB5 - Privileged memory - MPCBB2 is applicable
2026-08-28 10:41:25,308 [INFO] Rule:233 - rule 117617 - U5Cobra4M][GTZC] default value MPCBB3 and MPCBB5 - Privileged memory - MPCBB3 is applicable
2026-08-28 10:41:25,308 [INFO] Rule:233 - rule 117617 - U5Cobra4M][GTZC] default value MPCBB3 and MPCBB5 - Privileged memory - MPCBB4 is applicable
2026-08-28 10:41:25,309 [INFO] Rule:233 - rule 117617 - U5Cobra4M][GTZC] default value MPCBB3 and MPCBB5 - Not Privileged memory - MPCBB1 is applicable
2026-08-28 10:41:25,309 [INFO] Rule:233 - rule 117617 - U5Cobra4M][GTZC] default value MPCBB3 and MPCBB5 - Not Privileged memory - MPCBB2 is applicable
2026-08-28 10:41:25,309 [INFO] Rule:233 - rule 117617 - U5Cobra4M][GTZC] default value MPCBB3 and MPCBB5 - Not Privileged memory - MPCBB3 is applicable
2026-08-28 10:41:25,309 [INFO] Rule:233 - rule 117617 - U5Cobra4M][GTZC] default value MPCBB3 and MPCBB5 - Not Privileged memory - MPCBB4 is applicable
2026-08-28 10:41:25,309 [INFO] Rule:233 - rule 117617 - U5Cobra4M][GTZC] default value MPCBB3 and MPCBB5 - Privileged memory - MPCBB1 is applicable
2026-08-28 10:41:25,309 [INFO] Rule:233 - rule 117617 - U5Cobra4M][GTZC] default value MPCBB3 and MPCBB5 - Privileged memory - MPCBB2 is applicable
2026-08-28 10:41:25,309 [INFO] Rule:233 - rule 117617 - U5Cobra4M][GTZC] default value MPCBB3 and MPCBB5 - Privileged memory - MPCBB3 is applicable
2026-08-28 10:41:25,309 [INFO] Rule:233 - rule 117617 - U5Cobra4M][GTZC] default value MPCBB3 and MPCBB5 - Privileged memory - MPCBB4 is applicable
2026-08-28 10:41:25,309 [INFO] Rule:233 - rule WakeUp0 Mode is applicable
2026-08-28 10:41:25,309 [INFO] Rule:233 - rule WakeUp0 SIGNAL is applicable
2026-08-28 10:41:25,309 [INFO] Rule:233 - rule WakeUp1 Mode is applicable
2026-08-28 10:41:25,309 [INFO] Rule:233 - rule WakeUp1 SIGNAL is applicable
2026-08-28 10:41:25,309 [INFO] Rule:233 - rule WakeUp2 Mode is applicable
2026-08-28 10:41:25,309 [INFO] Rule:233 - rule WakeUp2 SIGNAL is applicable
2026-08-28 10:41:25,309 [INFO] Rule:233 - rule WakeUp4 Mode is applicable
2026-08-28 10:41:25,309 [INFO] Rule:233 - rule WakeUp4 SIGNAL is applicable
2026-08-28 10:41:25,309 [INFO] Rule:233 - rule WakeUp5 Mode is applicable
2026-08-28 10:41:25,309 [INFO] Rule:233 - rule WakeUp5 SIGNAL is applicable
2026-08-28 10:41:25,310 [INFO] Rule:233 - rule Change Default Value for LSE Drive Capability for WB family is applicable
2026-08-28 10:41:25,310 [INFO] Rule:233 - rule change FDCAN default value is applicable
2026-08-28 10:41:25,310 [INFO] Rule:233 - rule Adapt Old IOC before rework replace old CORTEX_M33/CORTEX_M55 attributes by the new one. is applicable
2026-08-28 10:41:25,310 [INFO] Rule:233 - rule Rename parametre of RCC RCC_APBDBG_DIV2 to RCC_TIMPRES_DIV2 is applicable
2026-08-28 10:41:25,310 [INFO] Rule:233 - rule Rename DIE493 pin PA10 [PA12] -> PA10 is applicable
2026-08-28 10:41:25,310 [INFO] Rule:233 - rule Rename DIE493 pin PA9 [PA11] -> PA9 is applicable
2026-08-28 10:41:25,310 [INFO] Rule:233 - rule Rename DIE492 PartNumber CPN STM32WBA5MJGHx -> STM32WBA5MMGHx is applicable
2026-08-28 10:41:25,310 [INFO] Rule:233 - rule Rename DIE492 PartNumber  Name STM32WBA5MJGHx -> STM32WBA5MMGHx is applicable
2026-08-28 10:41:25,310 [INFO] Rule:233 - rule Rename DIE492 PartNumber UserName STM32WBA5MJGHx -> STM32WBA5MMGHx is applicable
2026-08-28 10:41:25,310 [INFO] Rule:233 - rule Rename DIE492 PartNumber DeviceId STM32WBA5MJGHx -> STM32WBA5MMGHx is applicable
2026-08-28 10:41:25,310 [INFO] Rule:233 - rule Adapt Old IOC CSI. is applicable
2026-08-28 10:41:25,310 [INFO] Rule:233 - rule Adapt Old IOC DCMIPP. is applicable
2026-08-28 10:41:25,310 [INFO] Rule:233 - rule Adapt Old IOC DCMIPP Mode Parallel. is applicable
2026-08-28 10:41:25,310 [INFO] Rule:233 - rule Adapt Old IOC LTDC. is applicable
2026-08-28 10:41:25,310 [INFO] Rule:233 - rule Rename STM32MP2 RIF Peripheral LTDC RIF.RISUP.LTDC_L0L1.Privilege -> RIF.RISUP.LTDC_L1L2.Privilege is applicable
2026-08-28 10:41:25,310 [INFO] Rule:233 - rule Rename STM32MP2 RIF Peripheral LTDC RIF.RISUP.LTDC_L0L1.Privilege -> RIF.RISUP.LTDC_L1L2.Privilege is applicable
2026-08-28 10:41:25,310 [INFO] Rule:233 - rule Rename STM32MP2 RIF Peripheral LTDC RIF.RISUP.LTDC_L0L1.Lock -> RIF.RISUP.LTDC_L1L2.Lock is applicable
2026-08-28 10:41:25,311 [INFO] Rule:233 - rule Rename STM32MP2 RIF Peripheral LTDC RIF.RISUP.LTDC_L2.Lock -> RIF.RISUP.LTDC_L3.Lock is applicable
2026-08-28 10:41:25,311 [INFO] Rule:233 - rule Adapt the old IOC example for updating the SYS when it is misconfigured. is applicable
2026-08-28 10:41:25,311 [INFO] Rule:233 - rule Rename STM32C09 Mcu.Package LQFP64 -> LQFP48 is applicable
2026-08-28 10:41:25,311 [INFO] Rule:233 - rule Adapt the old IOC example for updating the SYS when it is misconfigured. is applicable
2026-08-28 10:41:25,311 [INFO] Rule:233 - rule Adapt the old IOC example for updating the SYS when it is misconfigured. is applicable
2026-08-28 10:41:25,316 [INFO] DbConfProperties:307 - Apply Compatibility (5/68 Rules)
2026-08-28 10:41:25,360 [INFO] ImportTextPane:234 - (OptionalMessage_ERROR) Pin84 (VP_RIF_VS_RIF1) cannot be retrieved for this MCU
2026-08-28 10:41:25,420 [INFO] RtosManager:558 - Registered RTOS mode: class=CMSIS, group=RTOS, mode=CMSIS_V1, owner=FREERTOS
2026-08-28 10:41:25,420 [INFO] RtosManager:558 - Registered RTOS mode: class=CMSIS, group=RTOS2, mode=CMSIS_V2, owner=FREERTOS
2026-08-28 10:41:25,420 [INFO] RtosManager:558 - Registered RTOS mode: class=RTOS, group=Core, mode=CMSIS_V1, owner=FREERTOS
2026-08-28 10:41:25,420 [INFO] RtosManager:558 - Registered RTOS mode: class=RTOS, group=Core, mode=CMSIS_V2, owner=FREERTOS
2026-08-28 10:41:25,420 [WARN] ModelIntegratedComponent:184 - Missing modes for component STMicroelectronics:FreeRTOS:0.0.1:STMicroelectronics:RTOS:FreeRTOS:Core:::10.2.0:
2026-08-28 10:41:25,513 [WARN] ModelIntegratedComponent:63 - No mode defined for component null
2026-08-28 10:41:25,513 [WARN] ModelIntegratedComponent:63 - No mode defined for component null
2026-08-28 10:41:25,513 [WARN] ModelIntegratedComponent:63 - No mode defined for component null
2026-08-28 10:41:25,513 [WARN] ModelIntegratedComponent:63 - No mode defined for component null
2026-08-28 10:41:25,513 [WARN] ModelIntegratedComponent:63 - No mode defined for component null
2026-08-28 10:41:25,513 [WARN] ModelIntegratedComponent:63 - No mode defined for component null
2026-08-28 10:41:25,513 [WARN] ModelIntegratedComponent:63 - No mode defined for component null
2026-08-28 10:41:25,513 [WARN] ModelIntegratedComponent:63 - No mode defined for component null
2026-08-28 10:41:25,513 [WARN] ModelIntegratedComponent:63 - No mode defined for component null
2026-08-28 10:41:25,513 [WARN] ModelIntegratedComponent:63 - No mode defined for component null
2026-08-28 10:41:25,513 [WARN] ModelIntegratedComponent:63 - No mode defined for component null
2026-08-28 10:41:25,513 [WARN] ModelIntegratedComponent:63 - No mode defined for component null
2026-08-28 10:41:25,513 [WARN] ModelIntegratedComponent:63 - No mode defined for component null
2026-08-28 10:41:25,513 [WARN] ModelIntegratedComponent:63 - No mode defined for component null
2026-08-28 10:41:25,514 [WARN] ModelIntegratedComponent:63 - No mode defined for component null
2026-08-28 10:41:25,514 [WARN] ModelIntegratedComponent:63 - No mode defined for component null
2026-08-28 10:41:25,514 [WARN] ModelIntegratedComponent:63 - No mode defined for component null
2026-08-28 10:41:25,514 [WARN] ModelIntegratedComponent:63 - No mode defined for component null
2026-08-28 10:41:25,514 [WARN] ModelIntegratedComponent:63 - No mode defined for component null
2026-08-28 10:41:25,514 [WARN] ModelIntegratedComponent:63 - No mode defined for component null
2026-08-28 10:41:25,514 [WARN] ModelIntegratedComponent:63 - No mode defined for component null
2026-08-28 10:41:25,514 [WARN] ModelIntegratedComponent:63 - No mode defined for component null
2026-08-28 10:41:25,514 [WARN] ModelIntegratedComponent:63 - No mode defined for component null
2026-08-28 10:41:25,514 [WARN] ModelIntegratedComponent:63 - No mode defined for component null
2026-08-28 10:41:25,514 [WARN] ModelIntegratedComponent:63 - No mode defined for component null
2026-08-28 10:41:25,514 [WARN] ModelIntegratedComponent:63 - No mode defined for component null
2026-08-28 10:41:25,514 [WARN] ModelIntegratedComponent:63 - No mode defined for component null
2026-08-28 10:41:25,514 [WARN] ModelIntegratedComponent:63 - No mode defined for component null
2026-08-28 10:41:25,514 [WARN] ModelIntegratedComponent:63 - No mode defined for component null
2026-08-28 10:41:25,514 [WARN] ModelIntegratedComponent:63 - No mode defined for component null
2026-08-28 10:41:25,514 [WARN] ModelIntegratedComponent:63 - No mode defined for component null
2026-08-28 10:41:25,514 [WARN] ModelIntegratedComponent:63 - No mode defined for component null
2026-08-28 10:41:25,514 [WARN] ModelIntegratedComponent:63 - No mode defined for component null
2026-08-28 10:41:25,514 [WARN] ModelIntegratedComponent:63 - No mode defined for component null
2026-08-28 10:41:25,514 [WARN] ModelIntegratedComponent:63 - No mode defined for component null
2026-08-28 10:41:25,514 [WARN] ModelPack:524 - Component already loaded: STMicroelectronics:HAL Drivers:0.0.0:STMicroelectronics:Device:STMicro_Driver:XSPI:HAL::0.0.1:HAL_XSPI
2026-08-28 10:41:25,538 [INFO] ThirdPartyModel:298 - Start build external matchings
2026-08-28 10:41:26,054 [INFO] ThirdPartyModel:316 - End build external matchings
2026-08-28 10:41:26,107 [WARN] IP:2250 - MaxTran not found: check if there is a RefParameter without a condition.
2026-08-28 10:41:26,107 [WARN] IP:2250 - Refresh not found: check if there is a RefParameter without a condition.
2026-08-28 10:41:26,108 [INFO] ImportTextPane:234 - (OptionalMessage_ERROR) IP (RCC) : Invalid parameter (FamilyName)
2026-08-28 10:41:26,462 [INFO] UtilMem:75 - End LoadConfig() Used Memory: 999505112 Bytes (1073741824)
2026-08-28 10:41:26,637 [WARN] ThirdParty:833 - waiting for thirdparty lock release [change project]
2026-08-28 10:41:26,638 [INFO] ThirdParty:835 - entering critical section [change project]
2026-08-28 10:41:26,638 [INFO] ThirdParty:1030 - CMSIS Pack Vendor :STMicroelectronics X-CUBE-AZRTOS-H7 3.5.0
2026-08-28 10:41:26,638 [INFO] ThirdParty:1030 - CMSIS Pack Vendor :STMicroelectronics X-CUBE-PM33A1 1.0.0
2026-08-28 10:41:26,638 [INFO] ThirdParty:1030 - CMSIS Pack Vendor :STMicroelectronics USBPD 4.1
2026-08-28 10:41:26,638 [INFO] ThirdParty:1030 - CMSIS Pack Vendor :STMicroelectronics X-CUBE-NFC9 1.0.0
2026-08-28 10:41:26,638 [INFO] ThirdParty:1030 - CMSIS Pack Vendor :STMicroelectronics USB_HOST 2.0.0
2026-08-28 10:41:26,639 [INFO] ThirdParty:1030 - CMSIS Pack Vendor :STMicroelectronics FP-ATR-ASTRA1 2.0.3
2026-08-28 10:41:26,639 [INFO] ThirdParty:1030 - CMSIS Pack Vendor :STMicroelectronics X-CUBE-AZRTOS-F4 1.1.0
2026-08-28 10:41:26,639 [INFO] ThirdParty:1030 - CMSIS Pack Vendor :STMicroelectronics LIBJPEG 8.0.0
2026-08-28 10:41:26,639 [INFO] ThirdParty:1030 - CMSIS Pack Vendor :STMicroelectronics X-CUBE-BLE1 7.1.0
2026-08-28 10:41:26,639 [INFO] ThirdParty:1030 - CMSIS Pack Vendor :wolfSSL I-CUBE-wolfMQTT 1.19.2
2026-08-28 10:41:26,639 [INFO] ThirdParty:1030 - CMSIS Pack Vendor :STMicroelectronics USB_DEVICE 3.0.0
2026-08-28 10:41:26,639 [INFO] ThirdParty:1030 - CMSIS Pack Vendor :STMicroelectronics X-CUBE-ISPU 2.1.0
2026-08-28 10:41:26,639 [INFO] ThirdParty:1030 - CMSIS Pack Vendor :STMicroelectronics X-CUBE-EEPRMA1 5.2.0
2026-08-28 10:41:26,639 [INFO] ThirdParty:1030 - CMSIS Pack Vendor :STMicroelectronics X-CUBE-IPS 3.2.0
2026-08-28 10:41:26,639 [INFO] ThirdParty:1030 - CMSIS Pack Vendor :STMicroelectronics eDS-WB_DPC_TT-BIDIR 2.1.1
2026-08-28 10:41:26,639 [INFO] ThirdParty:1030 - CMSIS Pack Vendor :STMicroelectronics X-CUBE-AZRTOS-WB 2.0.0
2026-08-28 10:41:26,639 [INFO] ThirdParty:1030 - CMSIS Pack Vendor :STMicroelectronics X-CUBE-NFC12 1.0.0
2026-08-28 10:41:26,639 [INFO] ThirdParty:1030 - CMSIS Pack Vendor :STMicroelectronics X-CUBE-AZRTOS-F7 1.1.0
2026-08-28 10:41:26,639 [INFO] ThirdParty:1030 - CMSIS Pack Vendor :STMicroelectronics X-CUBE-AZRTOS-L5 2.0.0
2026-08-28 10:41:26,639 [INFO] ThirdParty:1030 - CMSIS Pack Vendor :STMicroelectronics USB_DEVICE 2.0.0
2026-08-28 10:41:26,639 [INFO] ThirdParty:1030 - CMSIS Pack Vendor :STMicroelectronics X-CUBE-FREERTOS 1.6.0
2026-08-28 10:41:26,639 [INFO] ThirdParty:1030 - CMSIS Pack Vendor :STMicroelectronics FP-SNS-STAIOTCFT 1.1.0
2026-08-28 10:41:26,639 [INFO] ThirdParty:1030 - CMSIS Pack Vendor :quantropi X-CUBE-qispace-sdk-base 2.1.0
2026-08-28 10:41:26,639 [INFO] ThirdParty:1030 - CMSIS Pack Vendor :STMicroelectronics X-CUBE-STSE01 2.0.0
2026-08-28 10:41:26,639 [INFO] ThirdParty:1030 - CMSIS Pack Vendor :STMicroelectronics X-CUBE-ALGOBUILD 1.5.0
2026-08-28 10:41:26,639 [INFO] ThirdParty:1030 - CMSIS Pack Vendor :STMicroelectronics FP-SNS-MOTENV1 5.1.0
2026-08-28 10:41:26,639 [INFO] ThirdParty:1030 - CMSIS Pack Vendor :STMicroelectronics FreeRTOS 0.0.1
2026-08-28 10:41:26,639 [INFO] ThirdParty:1030 - CMSIS Pack Vendor :STMicroelectronics X-CUBE-AZRTOS-H7RS 1.3.0
2026-08-28 10:41:26,639 [INFO] ThirdParty:1030 - CMSIS Pack Vendor :STMicroelectronics X-CUBE-AZRTOS-G0 1.1.0
2026-08-28 10:41:26,639 [INFO] ThirdParty:1030 - CMSIS Pack Vendor :STMicroelectronics X-CUBE-NFC4 3.0.0
2026-08-28 10:41:26,639 [INFO] ThirdParty:1030 - CMSIS Pack Vendor :STMicroelectronics X-CUBE-SUBG2 5.0.0
2026-08-28 10:41:26,639 [INFO] ThirdParty:1030 - CMSIS Pack Vendor :STMicroelectronics STM32_WPAN 1.0.0
2026-08-28 10:41:26,639 [INFO] ThirdParty:1030 - CMSIS Pack Vendor :STMicroelectronics eDS-WB_DPC_VIENNA 1.2.0
2026-08-28 10:41:26,639 [INFO] ThirdParty:1030 - CMSIS Pack Vendor :EmbeddedOffice I-CUBE-FS-RTOS 1.0.1
2026-08-28 10:41:26,639 [INFO] ThirdParty:1030 - CMSIS Pack Vendor :STMicroelectronics lwIP 2.0.3
2026-08-28 10:41:26,639 [INFO] ThirdParty:1030 - CMSIS Pack Vendor :WES I-CUBE-Cesium 1.4.0
2026-08-28 10:41:26,639 [INFO] ThirdParty:1030 - CMSIS Pack Vendor :STMicroelectronics X-CUBE-MEMS1 13.0.0
2026-08-28 10:41:26,639 [INFO] ThirdParty:1030 - CMSIS Pack Vendor :STMicroelectronics eDS-WB_DPC_3PH2L-BIDIR 1.1.1
2026-08-28 10:41:26,639 [INFO] ThirdParty:1030 - CMSIS Pack Vendor :STMicroelectronics USB_HOST 1.0.0
2026-08-28 10:41:26,639 [INFO] ThirdParty:1030 - CMSIS Pack Vendor :STMicroelectronics X-CUBE-AZRTOS-G4 2.0.0
2026-08-28 10:41:26,639 [INFO] ThirdParty:1030 - CMSIS Pack Vendor :STMicroelectronics PDM2PCM 3.1.0
2026-08-28 10:41:26,639 [INFO] ThirdParty:1030 - CMSIS Pack Vendor :STMicroelectronics PDM2PCM 3.3.0
2026-08-28 10:41:26,640 [INFO] ThirdParty:1030 - CMSIS Pack Vendor :wolfSSL I-CUBE-wolfTPM 3.8.0
2026-08-28 10:41:26,640 [INFO] ThirdParty:1030 - CMSIS Pack Vendor :STMicroelectronics X-CUBE-DISPLAY 3.0.0
2026-08-28 10:41:26,640 [INFO] ThirdParty:1030 - CMSIS Pack Vendor :wolfSSL I-CUBE-wolfSSH 1.4.20
2026-08-28 10:41:26,640 [INFO] ThirdParty:1030 - CMSIS Pack Vendor :STMicroelectronics X-CUBE-NFC7 2.0.0
2026-08-28 10:41:26,640 [INFO] ThirdParty:1030 - CMSIS Pack Vendor :STMicroelectronics X-CUBE-GNSS1 7.1.1
2026-08-28 10:41:26,640 [INFO] ThirdParty:1030 - CMSIS Pack Vendor :STMicroelectronics FP-SNS-MOTENVWB1 1.5.0
2026-08-28 10:41:26,640 [INFO] ThirdParty:1030 - CMSIS Pack Vendor :STMicroelectronics X-CUBE-TCPP 4.2.0
2026-08-28 10:41:26,640 [INFO] ThirdParty:1030 - CMSIS Pack Vendor :RealThread X-CUBE-RT-Thread_Nano 4.1.1
2026-08-28 10:41:26,640 [INFO] ThirdParty:1030 - CMSIS Pack Vendor :STMicroelectronics FP-ATR-SIGFOX1 3.2.0
2026-08-28 10:41:26,640 [INFO] ThirdParty:1030 - CMSIS Pack Vendor :STMicroelectronics X-CUBE-NFC10 1.0.0
2026-08-28 10:41:26,640 [INFO] ThirdParty:1030 - CMSIS Pack Vendor :STMicroelectronics HAL Drivers 0.0.0
2026-08-28 10:41:26,640 [INFO] ThirdParty:1030 - CMSIS Pack Vendor :STMicroelectronics MBEDTLS 2.16.2
2026-08-28 10:41:26,640 [INFO] ThirdParty:1030 - CMSIS Pack Vendor :STMicroelectronics X-CUBE-ST60 1.1.0
2026-08-28 10:41:26,640 [INFO] ThirdParty:1030 - CMSIS Pack Vendor :STMicroelectronics X-CUBE-ALS 1.0.2
2026-08-28 10:41:26,640 [INFO] ThirdParty:1030 - CMSIS Pack Vendor :emotas I-CUBE-CANOPEN 1.3.0
2026-08-28 10:41:26,640 [INFO] ThirdParty:1030 - CMSIS Pack Vendor :wolfSSL I-CUBE-wolfSSL 5.9.2
2026-08-28 10:41:26,640 [INFO] ThirdParty:1030 - CMSIS Pack Vendor :STMicroelectronics MBEDTLS 2.14.1
2026-08-28 10:41:26,640 [INFO] ThirdParty:1030 - CMSIS Pack Vendor :ITTIA_DB I-CUBE-ITTIADB 8.9.0
2026-08-28 10:41:26,640 [INFO] ThirdParty:1030 - CMSIS Pack Vendor :Cesanta I-CUBE-Mongoose 7.21.7
2026-08-28 10:41:26,640 [INFO] ThirdParty:1030 - CMSIS Pack Vendor :STMicroelectronics X-CUBE-TOUCHGFX 4.26.1
2026-08-28 10:41:26,640 [INFO] ThirdParty:1030 - CMSIS Pack Vendor :STMicroelectronics X-CUBE-NFC6 3.2.0
2026-08-28 10:41:26,640 [INFO] ThirdParty:1030 - CMSIS Pack Vendor :STMicroelectronics FP-SNS-STBOX1 2.1.0
2026-08-28 10:41:26,640 [INFO] ThirdParty:1030 - CMSIS Pack Vendor :STMicroelectronics X-CUBE-AI 10.2.1
2026-08-28 10:41:26,640 [INFO] ThirdParty:1030 - CMSIS Pack Vendor :STMicroelectronics ThreadX 1.0.0
2026-08-28 10:41:26,640 [INFO] ThirdParty:1030 - CMSIS Pack Vendor :STMicroelectronics FP-SNS-SMARTAG2 1.2.0
2026-08-28 10:41:26,640 [INFO] ThirdParty:1030 - CMSIS Pack Vendor :STMicroelectronics FP-SNS-FLIGHT1 5.1.0
2026-08-28 10:41:26,640 [INFO] ThirdParty:1030 - CMSIS Pack Vendor :STMicroelectronics X-CUBE-AZRTOS-WL 2.0.0
2026-08-28 10:41:26,640 [INFO] ThirdParty:1030 - CMSIS Pack Vendor :SEGGER I-CUBE-embOS 1.3.1
2026-08-28 10:41:26,640 [INFO] ThirdParty:1030 - CMSIS Pack Vendor :STMicroelectronics X-CUBE-DPower 1.3.0
2026-08-28 10:41:26,640 [INFO] ThirdParty:1030 - CMSIS Pack Vendor :STMicroelectronics USB_DEVICE 1.0.0
2026-08-28 10:41:26,640 [INFO] ThirdParty:1030 - CMSIS Pack Vendor :STMicroelectronics X-CUBE-AZRTOS-L4 2.0.0
2026-08-28 10:41:26,640 [INFO] ThirdParty:1030 - CMSIS Pack Vendor :STMicroelectronics ThreadX 0.0.2
2026-08-28 10:41:26,640 [INFO] ThirdParty:1030 - CMSIS Pack Vendor :STMicroelectronics lwIP 2.1.2
2026-08-28 10:41:26,641 [INFO] ThirdParty:1030 - CMSIS Pack Vendor :STMicroelectronics X-CUBE-SFXS2LP1 4.0.0
2026-08-28 10:41:26,641 [INFO] ThirdParty:1030 - CMSIS Pack Vendor :STMicroelectronics X-CUBE-BLE2 3.3.0
2026-08-28 10:41:26,641 [INFO] ThirdParty:1030 - CMSIS Pack Vendor :STMicroelectronics X-CUBE-TOF1 3.4.3
2026-08-28 10:41:26,641 [INFO] ThirdParty:1030 - CMSIS Pack Vendor :Infineon AIROC-Wi-Fi-Bluetooth-STM32 1.8.0
2026-08-28 10:41:26,641 [INFO] ThirdParty:1030 - CMSIS Pack Vendor :STMicroelectronics X-CUBE-NFC13 1.0.0
2026-08-28 10:41:26,641 [INFO] ThirdParty:1030 - CMSIS Pack Vendor :STMicroelectronics PDM2PCM 3.2.0
2026-08-28 10:41:26,641 [INFO] ThirdParty:1030 - CMSIS Pack Vendor :STMicroelectronics X-CUBE-WB05N 2.1.0
2026-08-28 10:41:26,641 [INFO] ThirdParty:841 - exiting critical section [change project]
2026-08-28 10:41:27,103 [INFO] PinOutPanel:1589 - setPackage(No Configuration,No Configuration)
2026-08-28 10:41:27,130 [INFO] PinOutPanel:1589 - setPackage(STM32L4S5VITx,LQFP100)
2026-08-28 10:41:27,747 [INFO] UtilMem:75 - Before build in PCC Used Memory: 864697080 Bytes (1073741824)
2026-08-28 10:41:28,301 [INFO] UtilMem:75 - After build in PCC Used Memory: 971654480 Bytes (1073741824)
2026-08-28 10:41:28,323 [INFO] IPUIPlugin:80 - create IPUIPlugin
2026-08-28 10:41:28,323 [INFO] IPUIPlugin:80 - create IPUIPlugin
2026-08-28 10:41:28,323 [INFO] IPUIPlugin:80 - create IPUIPlugin
2026-08-28 10:41:28,323 [INFO] IPUIPlugin:80 - create IPUIPlugin
2026-08-28 10:41:28,323 [INFO] IPUIPlugin:80 - create IPUIPlugin
2026-08-28 10:41:28,324 [INFO] IPUIPlugin:80 - create IPUIPlugin
2026-08-28 10:41:28,324 [INFO] IPUIPlugin:80 - create IPUIPlugin
2026-08-28 10:41:28,324 [INFO] IPUIPlugin:80 - create IPUIPlugin
2026-08-28 10:41:28,324 [INFO] IPUIPlugin:80 - create IPUIPlugin
2026-08-28 10:41:28,324 [INFO] IPUIPlugin:80 - create IPUIPlugin
2026-08-28 10:41:28,324 [INFO] IPUIPlugin:80 - create IPUIPlugin
2026-08-28 10:41:28,324 [INFO] IPUIPlugin:80 - create IPUIPlugin
2026-08-28 10:41:28,324 [INFO] IPUIPlugin:80 - create IPUIPlugin
2026-08-28 10:41:28,324 [INFO] IPUIPlugin:80 - create IPUIPlugin
2026-08-28 10:41:28,324 [INFO] IPUIPlugin:80 - create IPUIPlugin
2026-08-28 10:41:28,324 [INFO] IPUIPlugin:80 - create IPUIPlugin
2026-08-28 10:41:28,325 [INFO] IPUIPlugin:80 - create IPUIPlugin
2026-08-28 10:41:28,325 [INFO] IPUIPlugin:80 - create IPUIPlugin
2026-08-28 10:41:28,325 [INFO] IPUIPlugin:80 - create IPUIPlugin
2026-08-28 10:41:28,325 [INFO] IPUIPlugin:80 - create IPUIPlugin
2026-08-28 10:41:28,325 [INFO] IPUIPlugin:80 - create IPUIPlugin
2026-08-28 10:41:28,325 [INFO] IPUIPlugin:80 - create IPUIPlugin
2026-08-28 10:41:28,325 [INFO] IPUIPlugin:80 - create IPUIPlugin
2026-08-28 10:41:28,326 [INFO] IPUIPlugin:80 - create IPUIPlugin
2026-08-28 10:41:28,326 [INFO] IPUIPlugin:80 - create IPUIPlugin
2026-08-28 10:41:28,326 [INFO] IPUIPlugin:80 - create IPUIPlugin
2026-08-28 10:41:28,326 [INFO] IPUIPlugin:80 - create IPUIPlugin
2026-08-28 10:41:28,326 [INFO] IPUIPlugin:80 - create IPUIPlugin
2026-08-28 10:41:28,326 [INFO] IPUIPlugin:80 - create IPUIPlugin
2026-08-28 10:41:28,327 [INFO] IPUIPlugin:80 - create IPUIPlugin
2026-08-28 10:41:28,327 [INFO] IPUIPlugin:80 - create IPUIPlugin
2026-08-28 10:41:28,327 [INFO] IPUIPlugin:80 - create IPUIPlugin
2026-08-28 10:41:28,327 [INFO] IPUIPlugin:80 - create IPUIPlugin
2026-08-28 10:41:28,327 [INFO] IPUIPlugin:80 - create IPUIPlugin
2026-08-28 10:41:28,327 [INFO] IPUIPlugin:80 - create IPUIPlugin
2026-08-28 10:41:28,328 [INFO] IPUIPlugin:80 - create IPUIPlugin
2026-08-28 10:41:28,328 [INFO] IPUIPlugin:80 - create IPUIPlugin
2026-08-28 10:41:28,328 [INFO] IPUIPlugin:80 - create IPUIPlugin
2026-08-28 10:41:28,328 [INFO] IPUIPlugin:80 - create IPUIPlugin
2026-08-28 10:41:28,328 [INFO] IPUIPlugin:80 - create IPUIPlugin
2026-08-28 10:41:28,329 [INFO] IPUIPlugin:80 - create IPUIPlugin
2026-08-28 10:41:28,329 [INFO] IPUIPlugin:80 - create IPUIPlugin
2026-08-28 10:41:28,329 [INFO] IPUIPlugin:80 - create IPUIPlugin
2026-08-28 10:41:28,329 [INFO] IPUIPlugin:80 - create IPUIPlugin
2026-08-28 10:41:28,329 [INFO] IPUIPlugin:80 - create IPUIPlugin
2026-08-28 10:41:28,330 [INFO] IPUIPlugin:80 - create IPUIPlugin
2026-08-28 10:41:28,330 [INFO] IPUIPlugin:80 - create IPUIPlugin
2026-08-28 10:41:28,330 [INFO] IPUIPlugin:80 - create IPUIPlugin
2026-08-28 10:41:28,330 [INFO] IPUIPlugin:80 - create IPUIPlugin
2026-08-28 10:41:28,331 [INFO] IPUIPlugin:80 - create IPUIPlugin
2026-08-28 10:41:28,331 [INFO] IPUIPlugin:80 - create IPUIPlugin
2026-08-28 10:41:28,331 [INFO] IPUIPlugin:80 - create IPUIPlugin
2026-08-28 10:41:28,331 [INFO] IPUIPlugin:80 - create IPUIPlugin
2026-08-28 10:41:28,332 [INFO] IPUIPlugin:80 - create IPUIPlugin
2026-08-28 10:41:28,332 [INFO] IPUIPlugin:80 - create IPUIPlugin
2026-08-28 10:41:28,332 [INFO] IPUIPlugin:80 - create IPUIPlugin
2026-08-28 10:41:28,332 [INFO] IPUIPlugin:80 - create IPUIPlugin
2026-08-28 10:41:28,333 [INFO] IPUIPlugin:80 - create IPUIPlugin
2026-08-28 10:41:28,333 [INFO] IPUIPlugin:80 - create IPUIPlugin
2026-08-28 10:41:28,333 [INFO] IPUIPlugin:80 - create IPUIPlugin
2026-08-28 10:41:28,334 [INFO] IPUIPlugin:80 - create IPUIPlugin
2026-08-28 10:41:28,334 [INFO] IPUIPlugin:80 - create IPUIPlugin
2026-08-28 10:41:28,334 [INFO] IPUIPlugin:80 - create IPUIPlugin
2026-08-28 10:41:28,448 [INFO] CADModel:165 - CPN selected for project levelSTM32L4S5VIT6
2026-08-28 10:41:28,448 [INFO] CADModel:114 - Register for checkConnection events
2026-08-28 10:41:28,496 [INFO] OpenFileManager:386 - Restore cursor
2026-08-28 10:41:28,760 [WARN] IP:2250 - MaxTran not found: check if there is a RefParameter without a condition.
2026-08-28 10:41:28,760 [WARN] IP:2250 - Refresh not found: check if there is a RefParameter without a condition.
2026-08-28 10:41:28,760 [WARN] IP:2250 - MaxTran not found: check if there is a RefParameter without a condition.
2026-08-28 10:41:28,760 [WARN] IP:2250 - Refresh not found: check if there is a RefParameter without a condition.
2026-08-28 10:41:29,136 [INFO] UtilMem:75 - End SaveConfig() Used Memory: 824959440 Bytes (1073741824)
2026-08-28 10:41:29,344 [INFO] UtilMem:75 - End SaveConfig() Used Memory: 844882136 Bytes (1073741824)
2026-08-28 10:41:29,846 [INFO] BlockDiagram:2775 - set Specific Code input for plugin: SPI
2026-08-28 10:41:29,846 [INFO] BlockDiagram:2775 - set Specific Code input for plugin: SPI
2026-08-28 10:41:29,846 [INFO] BlockDiagram:2775 - set Specific Code input for plugin: DFSDM
2026-08-28 10:41:29,846 [INFO] BlockDiagram:2775 - set Specific Code input for plugin: SYS
2026-08-28 10:41:29,846 [INFO] BlockDiagram:2775 - set Specific Code input for plugin: ADC
2026-08-28 10:41:29,846 [INFO] BlockDiagram:2775 - set Specific Code input for plugin: RCC
2026-08-28 10:41:29,846 [INFO] BlockDiagram:2775 - set Specific Code input for plugin: I2C
2026-08-28 10:41:29,847 [INFO] BlockDiagram:2775 - set Specific Code input for plugin: I2C
2026-08-28 10:41:29,847 [INFO] BlockDiagram:2775 - set Specific Code input for plugin: USB_OTG_FS
2026-08-28 10:41:29,847 [INFO] BlockDiagram:2775 - set Specific Code input for plugin: NVIC
2026-08-28 10:41:29,847 [INFO] BlockDiagram:2775 - set Specific Code input for plugin: USART
2026-08-28 10:41:29,847 [INFO] BlockDiagram:2775 - set Specific Code input for plugin: USART
2026-08-28 10:41:29,847 [INFO] BlockDiagram:2775 - set Specific Code input for plugin: USART
2026-08-28 10:41:29,847 [INFO] BlockDiagram:2775 - set Specific Code input for plugin: OCTOSPI
2026-08-28 10:41:29,847 [INFO] BlockDiagram:2775 - set Specific Code input for plugin: UART
2026-08-28 10:41:29,847 [INFO] BlockDiagram:2775 - set Specific Code input for plugin: GPIO
2026-08-28 10:41:29,848 [INFO] CodeGenerator:892 - code generatio: config db path: C:\ST\STM32CubeIDE_1.19.0\STM32CubeIDE\plugins\com.st.stm32cube.common.mx_6.15.0.202507011659\\db\
2026-08-28 10:41:29,909 [WARN] IP:2250 - MaxTran not found: check if there is a RefParameter without a condition.
2026-08-28 10:41:29,909 [WARN] IP:2250 - Refresh not found: check if there is a RefParameter without a condition.
2026-08-28 10:41:30,180 [INFO] CodeEngine:265 - oldGeneratedFile, E:\NNM24EE033\TINYML_WORKSPACE\TinyML\STM32\LED_SWITCH\MXTmpFiles\license.tmp_save
2026-08-28 10:41:30,576 [INFO] CodeEngine:289 - Generated code: E:\NNM24EE033\TINYML_WORKSPACE\TinyML\STM32\LED_SWITCH\MXTmpFiles\license.tmp
2026-08-28 10:41:31,088 [INFO] CodeEngine:265 - oldGeneratedFile, E:\NNM24EE033\TINYML_WORKSPACE\TinyML\STM32\LED_SWITCH\MXTmpFiles\gpio.tmp_save
2026-08-28 10:41:31,230 [INFO] CodeEngine:289 - Generated code: E:\NNM24EE033\TINYML_WORKSPACE\TinyML\STM32\LED_SWITCH\MXTmpFiles\gpio.tmp
2026-08-28 10:41:34,961 [WARN] IPConfigManager:103 - WARNING: Missing Config File for USB ip!!
2026-08-28 10:41:35,138 [WARN] IPConfigManager:3238 - Warning: the RefConfig PWREx_EnableUSBVoltageDetector is not available in your config.xml file
2026-08-28 10:41:35,227 [INFO] CodeEngine:265 - oldGeneratedFile, E:\NNM24EE033\TINYML_WORKSPACE\TinyML\STM32\LED_SWITCH\Core\Src\stm32l4xx_it.c_save
2026-08-28 10:41:35,495 [INFO] CodeEngine:289 - Generated code: E:\NNM24EE033\TINYML_WORKSPACE\TinyML\STM32\LED_SWITCH\Core\Src\stm32l4xx_it.c
2026-08-28 10:41:35,518 [INFO] CodeEngine:265 - oldGeneratedFile, E:\NNM24EE033\TINYML_WORKSPACE\TinyML\STM32\LED_SWITCH\Core\Inc\stm32l4xx_it.h_save
2026-08-28 10:41:35,592 [INFO] CodeEngine:289 - Generated code: E:\NNM24EE033\TINYML_WORKSPACE\TinyML\STM32\LED_SWITCH\Core\Inc\stm32l4xx_it.h
2026-08-28 10:41:35,641 [INFO] CodeEngine:265 - oldGeneratedFile, E:\NNM24EE033\TINYML_WORKSPACE\TinyML\STM32\LED_SWITCH\Core\Src\stm32l4xx_hal_msp.c_save
2026-08-28 10:41:35,851 [INFO] CodeEngine:289 - Generated code: E:\NNM24EE033\TINYML_WORKSPACE\TinyML\STM32\LED_SWITCH\Core\Src\stm32l4xx_hal_msp.c
2026-08-28 10:41:35,873 [INFO] CodeEngine:265 - oldGeneratedFile, E:\NNM24EE033\TINYML_WORKSPACE\TinyML\STM32\LED_SWITCH\MXTmpFiles\system.tmp_save
2026-08-28 10:41:35,924 [INFO] CodeEngine:289 - Generated code: E:\NNM24EE033\TINYML_WORKSPACE\TinyML\STM32\LED_SWITCH\MXTmpFiles\system.tmp
2026-08-28 10:41:35,948 [INFO] CodeEngine:321 - oldGeneratedFile, E:\NNM24EE033\TINYML_WORKSPACE\TinyML\STM32\LED_SWITCH\Core\Inc\stm32l4xx_hal_conf.h_save
2026-08-28 10:41:36,114 [INFO] CodeEngine:345 - Generated code: E:\NNM24EE033\TINYML_WORKSPACE\TinyML\STM32\LED_SWITCH\Core\Inc\stm32l4xx_hal_conf.h
2026-08-28 10:41:36,163 [INFO] ApiDbMcu:532 - Load IP Config File for ADC1
2026-08-28 10:41:36,177 [INFO] ApiDbMcu:532 - Load IP Config File for DFSDM1
2026-08-28 10:41:36,181 [INFO] ApiDbMcu:532 - Load IP Config File for I2C1
2026-08-28 10:41:36,183 [INFO] ApiDbMcu:532 - Load IP Config File for I2C2
2026-08-28 10:41:36,186 [INFO] ApiDbMcu:532 - Load IP Config File for OCTOSPI1
2026-08-28 10:41:36,188 [INFO] ApiDbMcu:532 - Load IP Config File for SPI1
2026-08-28 10:41:36,190 [INFO] ApiDbMcu:532 - Load IP Config File for SPI3
2026-08-28 10:41:36,200 [INFO] ApiDbMcu:532 - Load IP Config File for UART4
2026-08-28 10:41:36,211 [INFO] ApiDbMcu:532 - Load IP Config File for USART1
2026-08-28 10:41:36,221 [INFO] ApiDbMcu:532 - Load IP Config File for USART2
2026-08-28 10:41:36,289 [INFO] ApiDbMcu:532 - Load IP Config File for USART3
2026-08-28 10:41:36,291 [ERROR] ApiDbMcu:560 - Cannot parse USB_OTG_FS_Config file : file do not exist
2026-08-28 10:41:36,291 [ERROR] ApiDbMcu:560 - Cannot parse USB_OTG_FS_Config file : file do not exist
2026-08-28 10:41:36,298 [INFO] ApiDbMcu:532 - Load IP Config File for RCC
2026-08-28 10:41:36,302 [WARN] IPConfigManager:3811 - IP not found : USB_OTG
2026-08-28 10:41:36,304 [WARN] CodeGenerator:4259 - IP not found : null
2026-08-28 10:41:36,322 [INFO] CodeEngine:265 - oldGeneratedFile, E:\NNM24EE033\TINYML_WORKSPACE\TinyML\STM32\LED_SWITCH\Core\Inc\main.h_save
2026-08-28 10:41:36,493 [INFO] CodeEngine:289 - Generated code: E:\NNM24EE033\TINYML_WORKSPACE\TinyML\STM32\LED_SWITCH\Core\Inc\main.h
2026-08-28 10:41:36,542 [INFO] CodeEngine:265 - oldGeneratedFile, E:\NNM24EE033\TINYML_WORKSPACE\TinyML\STM32\LED_SWITCH\Core\Src\main.c_save
2026-08-28 10:41:36,696 [INFO] CodeEngine:289 - Generated code: E:\NNM24EE033\TINYML_WORKSPACE\TinyML\STM32\LED_SWITCH\Core\Src\main.c
2026-08-28 10:41:38,378 [INFO] ProjectBuilder:3606 - Time for Copy HAL[1] : 1414mS.
2026-08-28 10:41:38,382 [INFO] ProjectBuilder:5216 - Project Generator version: 4.7.0-B52
2026-08-28 10:41:38,468 [INFO] ConfigFileManager:1595 - The Die is : DIE470
2026-08-28 10:41:38,498 [INFO] ApiDbMcu:532 - Load IP Config File for FATFS
2026-08-28 10:41:38,527 [INFO] ApiDbMcu:532 - Load IP Config File for FREERTOS
2026-08-28 10:41:38,559 [INFO] ApiDbMcu:532 - Load IP Config File for TOUCHSENSING
2026-08-28 10:41:38,581 [INFO] ApiDbMcu:532 - Load IP Config File for USB_DEVICE
2026-08-28 10:41:38,588 [INFO] ApiDbMcu:532 - Load IP Config File for USB_HOST
2026-08-28 10:41:42,307 [INFO] ProjectBuilder:5496 - Time for Generating toolchain IDE Files: 3925mS.
2026-08-28 10:41:42,308 [INFO] ProjectBuilder:3463 - Time for Copy CMSIS : 1mS.
2026-08-28 10:41:42,309 [INFO] ProjectBuilder:3463 - Time for Copy CMSIS : 0mS.
2026-08-28 10:41:43,650 [INFO] McuFinderGlobals:76 - Set McuFinderConnectedMode to true
2026-08-28 10:41:43,652 [INFO] ApiDb:448 - Save user favorites file C:\Users\student/.stm32cubeide/favorites.mcus.txt: 0 item(s)
2026-08-28 10:41:43,652 [INFO] ApiDb:452 - User favorites MCUs=[]
2026-08-28 10:41:43,653 [INFO] ApiDb:448 - Save user favorites file C:\Users\student/.stm32cubeide/favorites.boards.txt: 0 item(s)
2026-08-28 10:41:43,653 [INFO] ApiDb:452 - User favorites Boards=[]
2026-08-28 10:43:25,174 [INFO] UtilMem:75 - End SaveConfig() Used Memory: 748290168 Bytes (1073741824)
2026-08-28 10:43:26,622 [INFO] UtilMem:75 - End SaveConfig() Used Memory: 835841544 Bytes (1073741824)
2026-08-28 10:43:28,189 [INFO] UtilMem:75 - End SaveConfig() Used Memory: 890367496 Bytes (1073741824)
2026-08-28 10:43:28,329 [INFO] BlockDiagram:2775 - set Specific Code input for plugin: SYS
2026-08-28 10:43:28,329 [INFO] BlockDiagram:2775 - set Specific Code input for plugin: RCC
2026-08-28 10:43:28,329 [INFO] BlockDiagram:2775 - set Specific Code input for plugin: NVIC
2026-08-28 10:43:28,330 [INFO] BlockDiagram:2775 - set Specific Code input for plugin: GPIO
2026-08-28 10:43:28,331 [INFO] CodeGenerator:892 - code generatio: config db path: C:\ST\STM32CubeIDE_1.19.0\STM32CubeIDE\plugins\com.st.stm32cube.common.mx_6.15.0.202507011659\\db\
2026-08-28 10:43:28,437 [INFO] CodeEngine:265 - oldGeneratedFile, E:\NNM24EE033\TINYML_WORKSPACE\TinyML\STM32\LED_SWITCH\MXTmpFiles\license.tmp_save
2026-08-28 10:43:28,719 [INFO] CodeEngine:289 - Generated code: E:\NNM24EE033\TINYML_WORKSPACE\TinyML\STM32\LED_SWITCH\MXTmpFiles\license.tmp
2026-08-28 10:43:28,738 [INFO] CodeEngine:265 - oldGeneratedFile, E:\NNM24EE033\TINYML_WORKSPACE\TinyML\STM32\LED_SWITCH\MXTmpFiles\gpio.tmp_save
2026-08-28 10:43:28,896 [INFO] CodeEngine:289 - Generated code: E:\NNM24EE033\TINYML_WORKSPACE\TinyML\STM32\LED_SWITCH\MXTmpFiles\gpio.tmp
2026-08-28 10:43:28,928 [INFO] CodeEngine:265 - oldGeneratedFile, E:\NNM24EE033\TINYML_WORKSPACE\TinyML\STM32\LED_SWITCH\Core\Src\stm32l4xx_it.c_save
2026-08-28 10:43:29,112 [INFO] CodeEngine:289 - Generated code: E:\NNM24EE033\TINYML_WORKSPACE\TinyML\STM32\LED_SWITCH\Core\Src\stm32l4xx_it.c
2026-08-28 10:43:29,117 [INFO] CodeEngine:265 - oldGeneratedFile, E:\NNM24EE033\TINYML_WORKSPACE\TinyML\STM32\LED_SWITCH\Core\Inc\stm32l4xx_it.h_save
2026-08-28 10:43:29,205 [INFO] CodeEngine:289 - Generated code: E:\NNM24EE033\TINYML_WORKSPACE\TinyML\STM32\LED_SWITCH\Core\Inc\stm32l4xx_it.h
2026-08-28 10:43:29,216 [INFO] CodeEngine:265 - oldGeneratedFile, E:\NNM24EE033\TINYML_WORKSPACE\TinyML\STM32\LED_SWITCH\Core\Src\stm32l4xx_hal_msp.c_save
2026-08-28 10:43:29,410 [INFO] CodeEngine:289 - Generated code: E:\NNM24EE033\TINYML_WORKSPACE\TinyML\STM32\LED_SWITCH\Core\Src\stm32l4xx_hal_msp.c
2026-08-28 10:43:29,413 [INFO] CodeEngine:265 - oldGeneratedFile, E:\NNM24EE033\TINYML_WORKSPACE\TinyML\STM32\LED_SWITCH\MXTmpFiles\system.tmp_save
2026-08-28 10:43:29,481 [INFO] CodeEngine:289 - Generated code: E:\NNM24EE033\TINYML_WORKSPACE\TinyML\STM32\LED_SWITCH\MXTmpFiles\system.tmp
2026-08-28 10:43:29,493 [INFO] CodeEngine:321 - oldGeneratedFile, E:\NNM24EE033\TINYML_WORKSPACE\TinyML\STM32\LED_SWITCH\Core\Inc\stm32l4xx_hal_conf.h_save
2026-08-28 10:43:29,656 [INFO] CodeEngine:345 - Generated code: E:\NNM24EE033\TINYML_WORKSPACE\TinyML\STM32\LED_SWITCH\Core\Inc\stm32l4xx_hal_conf.h
2026-08-28 10:43:29,686 [INFO] CodeEngine:265 - oldGeneratedFile, E:\NNM24EE033\TINYML_WORKSPACE\TinyML\STM32\LED_SWITCH\Core\Inc\main.h_save
2026-08-28 10:43:29,864 [INFO] CodeEngine:289 - Generated code: E:\NNM24EE033\TINYML_WORKSPACE\TinyML\STM32\LED_SWITCH\Core\Inc\main.h
2026-08-28 10:43:29,869 [INFO] CodeEngine:265 - oldGeneratedFile, E:\NNM24EE033\TINYML_WORKSPACE\TinyML\STM32\LED_SWITCH\Core\Src\main.c_save
2026-08-28 10:43:30,004 [INFO] CodeEngine:289 - Generated code: E:\NNM24EE033\TINYML_WORKSPACE\TinyML\STM32\LED_SWITCH\Core\Src\main.c
2026-08-28 10:43:30,299 [INFO] ProjectBuilder:3606 - Time for Copy HAL[1] : 123mS.
2026-08-28 10:43:30,301 [INFO] ProjectBuilder:5216 - Project Generator version: 4.7.0-B52
2026-08-28 10:43:30,384 [INFO] ConfigFileManager:1595 - The Die is : DIE470
2026-08-28 10:43:32,684 [INFO] ProjectBuilder:5496 - Time for Generating toolchain IDE Files: 2383mS.
2026-08-28 10:43:32,719 [INFO] ProjectBuilder:3463 - Time for Copy CMSIS : 0mS.
2026-08-28 10:43:32,720 [INFO] ProjectBuilder:3463 - Time for Copy CMSIS : 0mS.
