2026-08-27 15:57:12,706 [INFO] Activator:176 - 


2026-08-27 15:57:12,708 [INFO] Activator:177 - !SESSION log4j initialized
2026-08-27 15:57:47,787 [INFO] LogOutputStream:77 - [STDOUT_REDIRECT] 
2026-08-27 15:58:05,949 [INFO] ApplicationProperties:184 - Using Application install path: C:\ST\STM32CubeIDE_1.19.0\STM32CubeIDE\plugins\com.st.stm32cube.common.mx_6.15.0.202507011659
2026-08-27 15:58:06,701 [INFO] DbMcusXml:78 - Set database path to: C:\ST\STM32CubeIDE_1.19.0\STM32CubeIDE\plugins\com.st.stm32cube.common.mx_6.15.0.202507011659\\db\/mcu/
2026-08-27 15:58:06,702 [INFO] ApiDb:274 - Set plugin database path to: C:\ST\STM32CubeIDE_1.19.0\STM32CubeIDE\plugins\com.st.stm32cube.common.mx_6.15.0.202507011659\\db\/plugins/boardmanager/
2026-08-27 15:58:06,703 [WARN] ApiDb:259 - Overriding images path with different value:  => C:\ST\STM32CubeIDE_1.19.0\STM32CubeIDE\plugins\com.st.stm32cube.common.mx_6.15.0.202507011659\\db\/plugins/mcufinder/images/
2026-08-27 15:58:15,410 [WARN] ApiFinderProperties:113 - C:\Users\student\.stmcufinder\plugins\mcufinder\mcu\mcuFinder.mfd doesn't exist
2026-08-27 15:58:15,411 [INFO] ApiDb:250 - Set database path to: C:\Users\student\.stmcufinder\plugins\mcufinder//mcu/
2026-08-27 15:58:15,625 [INFO] DbMcusAds:125 - Set database path to: C:\Users\student\.stmcufinder\plugins\mcufinder//mcu/
2026-08-27 15:58:15,723 [INFO] CrossReferenceDbSqlite:203 - Set database path to: C:\Users\student\.stmcufinder\plugins\mcufinder//mcu/cs/
2026-08-27 15:58:18,496 [INFO] RulesReader:64 - Compatibility file has been processed (317 Rules)
2026-08-27 15:58:21,794 [INFO] DbMcusXml:78 - Set database path to: C:\ST\STM32CubeIDE_1.19.0\STM32CubeIDE\plugins\com.st.stm32cube.common.mx_6.15.0.202507011659\\db\/mcu/
2026-08-27 15:58:21,795 [INFO] ApiDb:274 - Set plugin database path to: C:\ST\STM32CubeIDE_1.19.0\STM32CubeIDE\plugins\com.st.stm32cube.common.mx_6.15.0.202507011659\\db\/plugins/boardmanager/
2026-08-27 15:58:21,795 [INFO] ApiDb:261 - Set plugin images path to: C:\ST\STM32CubeIDE_1.19.0\STM32CubeIDE\plugins\com.st.stm32cube.common.mx_6.15.0.202507011659\\db\/plugins/mcufinder/images/
2026-08-27 15:58:21,795 [WARN] DbFile:41 - Overriding database path with different value: C:\Users\student\.stmcufinder\plugins\mcufinder/ => C:\Users\student\.stmcufinder\plugins\mcufinder
2026-08-27 15:58:21,795 [INFO] ApiDb:250 - Set database path to: C:\Users\student\.stmcufinder\plugins\mcufinder//mcu/
2026-08-27 15:58:21,795 [WARN] DbFile:41 - Overriding database path with different value: C:\Users\student\.stmcufinder\plugins\mcufinder/ => C:\Users\student\.stmcufinder\plugins\mcufinder
2026-08-27 15:58:21,795 [INFO] DbMcusAds:125 - Set database path to: C:\Users\student\.stmcufinder\plugins\mcufinder//mcu/
2026-08-27 15:58:21,795 [WARN] DbFile:41 - Overriding database path with different value: C:\Users\student\.stmcufinder\plugins\mcufinder/ => C:\Users\student\.stmcufinder\plugins\mcufinder
2026-08-27 15:58:21,795 [WARN] DbFile:41 - Overriding database path with different value: C:\Users\student\.stmcufinder\plugins\mcufinder/ => C:\Users\student\.stmcufinder\plugins\mcufinder
2026-08-27 15:58:21,796 [INFO] CrossReferenceDbSqlite:203 - Set database path to: C:\Users\student\.stmcufinder\plugins\mcufinder//mcu/cs/
2026-08-27 15:58:24,737 [INFO] MainPanel:274 - HeapMemory: 268435456
2026-08-27 15:58:31,622 [INFO] DbMcusXml:78 - Set database path to: C:\ST\STM32CubeIDE_1.19.0\STM32CubeIDE\plugins\com.st.stm32cube.common.mx_6.15.0.202507011659\\db\/mcu/
2026-08-27 15:58:31,623 [INFO] ApiDb:274 - Set plugin database path to: C:\ST\STM32CubeIDE_1.19.0\STM32CubeIDE\plugins\com.st.stm32cube.common.mx_6.15.0.202507011659\\db\/plugins/boardmanager/
2026-08-27 15:58:31,623 [INFO] ApiDb:261 - Set plugin images path to: C:\ST\STM32CubeIDE_1.19.0\STM32CubeIDE\plugins\com.st.stm32cube.common.mx_6.15.0.202507011659\\db\/plugins/mcufinder/images/
2026-08-27 15:58:31,623 [WARN] DbFile:41 - Overriding database path with different value: C:\Users\student\.stmcufinder\plugins\mcufinder/ => C:\Users\student\.stmcufinder\plugins\mcufinder
2026-08-27 15:58:31,623 [INFO] ApiDb:250 - Set database path to: C:\Users\student\.stmcufinder\plugins\mcufinder//mcu/
2026-08-27 15:58:31,624 [WARN] DbFile:41 - Overriding database path with different value: C:\Users\student\.stmcufinder\plugins\mcufinder/ => C:\Users\student\.stmcufinder\plugins\mcufinder
2026-08-27 15:58:31,624 [INFO] DbMcusAds:125 - Set database path to: C:\Users\student\.stmcufinder\plugins\mcufinder//mcu/
2026-08-27 15:58:31,624 [WARN] DbFile:41 - Overriding database path with different value: C:\Users\student\.stmcufinder\plugins\mcufinder/ => C:\Users\student\.stmcufinder\plugins\mcufinder
2026-08-27 15:58:31,624 [WARN] DbFile:41 - Overriding database path with different value: C:\Users\student\.stmcufinder\plugins\mcufinder/ => C:\Users\student\.stmcufinder\plugins\mcufinder
2026-08-27 15:58:31,642 [INFO] CrossReferenceDbSqlite:203 - Set database path to: C:\Users\student\.stmcufinder\plugins\mcufinder//mcu/cs/
2026-08-27 15:58:32,108 [INFO] ApplicationProperties:184 - Using Application install path: C:\ST\STM32CubeIDE_1.19.0\STM32CubeIDE\plugins\com.st.stm32cube.common.mx_6.15.0.202507011659
2026-08-27 15:58:32,109 [INFO] PluginManage:196 - Search for loadable plugins [exclusion list=, ]
2026-08-27 15:58:32,153 [INFO] PluginManage:310 - Check plugin analytics
2026-08-27 15:58:38,527 [INFO] AnalyticsPlugin:253 - Accepted Software Licenses: 
2026-08-27 15:58:38,527 [INFO] AnalyticsPlugin:255 - Accepted CMSIS Pack Licenses: 
2026-08-27 15:58:38,528 [INFO] AnalyticsPlugin:257 - Accepted Firmware Licenses: 
2026-08-27 15:58:38,559 [INFO] PluginManage:359 - Loaded plugin analytics (category:tool,tabindex:-1)
2026-08-27 15:58:38,560 [INFO] PluginManage:310 - Check plugin cadmodel
2026-08-27 15:58:38,856 [INFO] CADModel:105 - Init CAD model plugin
2026-08-27 15:58:38,856 [INFO] PluginManage:359 - Loaded plugin cadmodel (category:power,tabindex:5)
2026-08-27 15:58:38,857 [INFO] PluginManage:310 - Check plugin clock
2026-08-27 15:58:39,338 [INFO] PluginManage:359 - Loaded plugin clock (category:base,tabindex:2)
2026-08-27 15:58:39,338 [INFO] PluginManage:310 - Check plugin ddr
2026-08-27 15:58:39,448 [INFO] PluginManage:359 - Loaded plugin ddr (category:tool,tabindex:6)
2026-08-27 15:58:39,449 [INFO] PluginManage:310 - Check plugin filemanager
2026-08-27 15:58:40,861 [INFO] PluginManage:359 - Loaded plugin filemanager (category:base,tabindex:10)
2026-08-27 15:58:40,861 [INFO] PluginManage:310 - Check plugin ipmanager
2026-08-27 15:58:40,940 [INFO] PluginManage:359 - Loaded plugin ipmanager (category:base,tabindex:5)
2026-08-27 15:58:40,942 [INFO] PluginManage:310 - Check plugin lpbam
2026-08-27 15:58:40,984 [INFO] PluginManage:359 - Loaded plugin lpbam (category:base,tabindex:0)
2026-08-27 15:58:40,985 [INFO] PluginManage:310 - Check plugin memorymap
2026-08-27 15:58:41,201 [INFO] PluginManage:359 - Loaded plugin memorymap (category:base,tabindex:4)
2026-08-27 15:58:41,202 [INFO] PluginManage:310 - Check plugin pinoutandconfiguration
2026-08-27 15:58:41,349 [INFO] PluginManage:359 - Loaded plugin pinoutandconfiguration (category:base,tabindex:1)
2026-08-27 15:58:41,349 [INFO] PluginManage:310 - Check plugin pinoutconfig
2026-08-27 15:58:41,955 [WARN] SupportedApi:132 - Cannot load RTOS API schema: s4s-elt-must-match.1: The content of 'definitions' must match (annotation?, (simpleType | complexType)?, (unique | key | keyref)*)). A problem was found starting at: attribute.
2026-08-27 15:58:43,155 [INFO] PluginManage:359 - Loaded plugin pinoutconfig (category:base,tabindex:0)
2026-08-27 15:58:43,156 [INFO] PluginManage:310 - Check plugin power
2026-08-27 15:58:43,336 [INFO] PluginManage:359 - Loaded plugin power (category:power,tabindex:4)
2026-08-27 15:58:43,336 [INFO] PluginManage:310 - Check plugin projectmanager
2026-08-27 15:58:43,381 [INFO] PluginManage:359 - Loaded plugin projectmanager (category:projectmanager,tabindex:4)
2026-08-27 15:58:43,381 [INFO] PluginManage:310 - Check plugin rif
2026-08-27 15:58:43,624 [INFO] PluginManage:359 - Loaded plugin rif (category:base,tabindex:3)
2026-08-27 15:58:43,624 [INFO] PluginManage:310 - Check plugin thirdparty
2026-08-27 15:58:45,385 [INFO] PluginManage:359 - Loaded plugin thirdparty (category:base,tabindex:-1)
2026-08-27 15:58:45,386 [INFO] PluginManage:310 - Check plugin tools
2026-08-27 15:58:45,386 [WARN] IntegrityCheckThread:84 - waiting for thirdparty lock release [integrity check]
2026-08-27 15:58:45,386 [INFO] IntegrityCheckThread:86 - entering critical section [integrity check]
2026-08-27 15:58:45,386 [INFO] ThirdPartyUpdaterWithRetryManager:70 - Updater plugin not ready yet. [1/15]
2026-08-27 15:58:45,479 [INFO] PluginManage:359 - Loaded plugin tools (category:base,tabindex:7)
2026-08-27 15:58:45,479 [INFO] PluginManage:310 - Check plugin tutovideos
2026-08-27 15:58:47,392 [INFO] PluginManage:359 - Loaded plugin tutovideos (category:base,tabindex:-1)
2026-08-27 15:58:47,393 [INFO] PluginManage:310 - Check plugin updater
2026-08-27 15:58:47,577 [INFO] PluginManage:359 - Loaded plugin updater (category:base,tabindex:12)
2026-08-27 15:58:47,577 [INFO] PluginManage:310 - Check plugin userauth
2026-08-27 15:58:47,662 [INFO] UserAuth:118 - Init User Auth plugin
2026-08-27 15:58:47,663 [INFO] PluginManage:359 - Loaded plugin userauth (category:base,tabindex:14)
2026-08-27 15:58:47,665 [INFO] PluginManage:283 - PluginManage : Loaded plugins [18]
2026-08-27 15:58:48,387 [INFO] ThirdPartyUpdaterWithRetryManager:70 - Updater plugin not ready yet. [2/15]
2026-08-27 15:58:49,742 [INFO] PinOutPanel:1589 - setPackage(No Configuration,No Configuration)
2026-08-27 15:58:50,521 [INFO] CADModel:165 - CPN selected for project level
2026-08-27 15:58:50,521 [INFO] CADModel:114 - Register for checkConnection events
2026-08-27 15:58:50,716 [INFO] IPUIPlugin:80 - create IPUIPlugin
2026-08-27 15:58:50,717 [INFO] PluginManager:220 - loadIPPluginJar : add adc
2026-08-27 15:58:50,783 [INFO] IPUIPlugin:80 - create IPUIPlugin
2026-08-27 15:58:50,783 [INFO] PluginManager:220 - loadIPPluginJar : add aes
2026-08-27 15:58:50,919 [INFO] IPUIPlugin:80 - create IPUIPlugin
2026-08-27 15:58:50,919 [INFO] PluginManager:220 - loadIPPluginJar : add can
2026-08-27 15:58:50,979 [INFO] IPUIPlugin:80 - create IPUIPlugin
2026-08-27 15:58:50,979 [INFO] PluginManager:220 - loadIPPluginJar : add comp
2026-08-27 15:58:51,033 [INFO] IPUIPlugin:80 - create IPUIPlugin
2026-08-27 15:58:51,033 [INFO] PluginManager:220 - loadIPPluginJar : add cryp
2026-08-27 15:58:51,150 [INFO] IPUIPlugin:80 - create IPUIPlugin
2026-08-27 15:58:51,151 [INFO] PluginManager:220 - loadIPPluginJar : add ddr_ctrl_phy
2026-08-27 15:58:51,204 [INFO] IPUIPlugin:80 - create IPUIPlugin
2026-08-27 15:58:51,204 [INFO] PluginManager:220 - loadIPPluginJar : add dfsdm
2026-08-27 15:58:51,220 [INFO] IPUIPlugin:80 - create IPUIPlugin
2026-08-27 15:58:51,221 [INFO] PluginManager:220 - loadIPPluginJar : add dma
2026-08-27 15:58:51,292 [INFO] IPUIPlugin:80 - create IPUIPlugin
2026-08-27 15:58:51,292 [INFO] PluginManager:220 - loadIPPluginJar : add dma3
2026-08-27 15:58:51,358 [INFO] IPUIPlugin:80 - create IPUIPlugin
2026-08-27 15:58:51,358 [INFO] PluginManager:220 - loadIPPluginJar : add extmemmanager
2026-08-27 15:58:51,390 [INFO] ThirdPartyUpdaterWithRetryManager:70 - Updater plugin not ready yet. [3/15]
2026-08-27 15:58:51,488 [INFO] IPUIPlugin:80 - create IPUIPlugin
2026-08-27 15:58:51,489 [INFO] PluginManager:220 - loadIPPluginJar : add fatfs
2026-08-27 15:58:51,570 [INFO] IPUIPlugin:80 - create IPUIPlugin
2026-08-27 15:58:51,570 [INFO] PluginManager:220 - loadIPPluginJar : add fmc
2026-08-27 15:58:51,725 [INFO] IPUIPlugin:80 - create IPUIPlugin
2026-08-27 15:58:51,726 [INFO] PluginManager:220 - loadIPPluginJar : add freertos
2026-08-27 15:58:51,785 [INFO] IPUIPlugin:80 - create IPUIPlugin
2026-08-27 15:58:51,786 [INFO] PluginManager:220 - loadIPPluginJar : add genericplugin
2026-08-27 15:58:51,931 [INFO] IPUIPlugin:80 - create IPUIPlugin
2026-08-27 15:58:51,931 [INFO] PluginManager:220 - loadIPPluginJar : add gfxmmu
2026-08-27 15:58:51,962 [INFO] IPUIPlugin:80 - create IPUIPlugin
2026-08-27 15:58:51,962 [INFO] PluginManager:220 - loadIPPluginJar : add gic
2026-08-27 15:58:52,006 [INFO] IPUIPlugin:80 - create IPUIPlugin
2026-08-27 15:58:52,006 [INFO] PluginManager:220 - loadIPPluginJar : add gpio
2026-08-27 15:58:52,063 [INFO] IPUIPlugin:80 - create IPUIPlugin
2026-08-27 15:58:52,063 [INFO] PluginManager:220 - loadIPPluginJar : add gtzc
2026-08-27 15:58:52,182 [INFO] IPUIPlugin:80 - create IPUIPlugin
2026-08-27 15:58:52,183 [INFO] PluginManager:220 - loadIPPluginJar : add hash
2026-08-27 15:58:52,252 [INFO] IPUIPlugin:80 - create IPUIPlugin
2026-08-27 15:58:52,252 [INFO] PluginManager:220 - loadIPPluginJar : add i2c
2026-08-27 15:58:52,325 [INFO] IPUIPlugin:80 - create IPUIPlugin
2026-08-27 15:58:52,325 [INFO] PluginManager:220 - loadIPPluginJar : add i2s
2026-08-27 15:58:52,412 [INFO] IPUIPlugin:80 - create IPUIPlugin
2026-08-27 15:58:52,412 [INFO] PluginManager:220 - loadIPPluginJar : add i3c
2026-08-27 15:58:52,468 [INFO] IPUIPlugin:80 - create IPUIPlugin
2026-08-27 15:58:52,468 [INFO] PluginManager:220 - loadIPPluginJar : add ipddr
2026-08-27 15:58:52,632 [INFO] IPUIPlugin:80 - create IPUIPlugin
2026-08-27 15:58:52,632 [INFO] PluginManager:220 - loadIPPluginJar : add linkedlist
2026-08-27 15:58:52,697 [INFO] IPUIPlugin:80 - create IPUIPlugin
2026-08-27 15:58:52,697 [INFO] PluginManager:220 - loadIPPluginJar : add lorawan
2026-08-27 15:58:52,766 [INFO] IPUIPlugin:80 - create IPUIPlugin
2026-08-27 15:58:52,766 [INFO] PluginManager:220 - loadIPPluginJar : add ltdc
2026-08-27 15:58:52,867 [INFO] IPUIPlugin:80 - create IPUIPlugin
2026-08-27 15:58:52,867 [INFO] PluginManager:220 - loadIPPluginJar : add mdma
2026-08-27 15:58:52,886 [INFO] IPUIPlugin:80 - create IPUIPlugin
2026-08-27 15:58:52,886 [INFO] PluginManager:220 - loadIPPluginJar : add nvic
2026-08-27 15:58:52,954 [INFO] IPUIPlugin:80 - create IPUIPlugin
2026-08-27 15:58:52,954 [INFO] PluginManager:220 - loadIPPluginJar : add opamp
2026-08-27 15:58:53,061 [INFO] IPUIPlugin:80 - create IPUIPlugin
2026-08-27 15:58:53,061 [INFO] PluginManager:220 - loadIPPluginJar : add openamp
2026-08-27 15:58:53,185 [INFO] IPUIPlugin:80 - create IPUIPlugin
2026-08-27 15:58:53,186 [INFO] PluginManager:220 - loadIPPluginJar : add pdm2pcm
2026-08-27 15:58:53,243 [INFO] IPUIPlugin:80 - create IPUIPlugin
2026-08-27 15:58:53,246 [INFO] PluginManager:220 - loadIPPluginJar : add plateformsettings
2026-08-27 15:58:53,324 [INFO] IPUIPlugin:80 - create IPUIPlugin
2026-08-27 15:58:53,324 [INFO] PluginManager:220 - loadIPPluginJar : add quadspi
2026-08-27 15:58:53,376 [INFO] IPUIPlugin:80 - create IPUIPlugin
2026-08-27 15:58:53,376 [INFO] PluginManager:220 - loadIPPluginJar : add radio
2026-08-27 15:58:53,518 [INFO] IPUIPlugin:80 - create IPUIPlugin
2026-08-27 15:58:53,518 [INFO] PluginManager:220 - loadIPPluginJar : add resmgrutility
2026-08-27 15:58:53,613 [INFO] IPUIPlugin:80 - create IPUIPlugin
2026-08-27 15:58:53,613 [INFO] PluginManager:220 - loadIPPluginJar : add sai
2026-08-27 15:58:53,691 [INFO] IPUIPlugin:80 - create IPUIPlugin
2026-08-27 15:58:53,691 [INFO] PluginManager:220 - loadIPPluginJar : add spi
2026-08-27 15:58:53,699 [INFO] IPUIPlugin:80 - create IPUIPlugin
2026-08-27 15:58:53,699 [INFO] PluginManager:220 - loadIPPluginJar : add stm32_wpan
2026-08-27 15:58:53,767 [INFO] IPUIPlugin:80 - create IPUIPlugin
2026-08-27 15:58:53,767 [INFO] PluginManager:220 - loadIPPluginJar : add tim
2026-08-27 15:58:53,857 [INFO] IPUIPlugin:80 - create IPUIPlugin
2026-08-27 15:58:53,858 [INFO] PluginManager:220 - loadIPPluginJar : add touchsensing
2026-08-27 15:58:53,918 [INFO] IPUIPlugin:80 - create IPUIPlugin
2026-08-27 15:58:53,918 [INFO] PluginManager:220 - loadIPPluginJar : add tracer_emb
2026-08-27 15:58:53,953 [INFO] IPUIPlugin:80 - create IPUIPlugin
2026-08-27 15:58:53,953 [INFO] PluginManager:220 - loadIPPluginJar : add ts
2026-08-27 15:58:54,029 [INFO] IPUIPlugin:80 - create IPUIPlugin
2026-08-27 15:58:54,029 [INFO] PluginManager:220 - loadIPPluginJar : add tsc
2026-08-27 15:58:54,101 [INFO] IPUIPlugin:80 - create IPUIPlugin
2026-08-27 15:58:54,101 [INFO] PluginManager:220 - loadIPPluginJar : add ucpd
2026-08-27 15:58:54,193 [INFO] IPUIPlugin:80 - create IPUIPlugin
2026-08-27 15:58:54,193 [INFO] PluginManager:220 - loadIPPluginJar : add usart
2026-08-27 15:58:54,284 [INFO] IPUIPlugin:80 - create IPUIPlugin
2026-08-27 15:58:54,284 [INFO] PluginManager:220 - loadIPPluginJar : add usbx
2026-08-27 15:58:54,392 [INFO] ThirdPartyUpdaterWithRetryManager:70 - Updater plugin not ready yet. [4/15]
2026-08-27 15:58:54,654 [FATAL] Updater:351 - Updater called before beeing initialized
2026-08-27 15:58:54,754 [INFO] RulesReader:64 - Compatibility file has been processed (317 Rules)
2026-08-27 15:58:54,764 [INFO] RulesReader:64 - Compatibility file has been processed (317 Rules)
2026-08-27 15:58:54,771 [INFO] CADModel:165 - CPN selected for project level
2026-08-27 15:58:54,772 [INFO] CADModel:114 - Register for checkConnection events
2026-08-27 15:58:54,772 [FATAL] Updater:351 - Updater called before beeing initialized
2026-08-27 15:58:54,772 [ERROR] CADModel:125 - Updater not yet initialized, retry later 
2026-08-27 15:58:55,225 [FATAL] Updater:351 - Updater called before beeing initialized
2026-08-27 15:58:55,226 [INFO] CADModel:165 - CPN selected for project level
2026-08-27 15:58:55,227 [INFO] CADModel:114 - Register for checkConnection events
2026-08-27 15:58:55,227 [FATAL] Updater:351 - Updater called before beeing initialized
2026-08-27 15:58:55,227 [ERROR] CADModel:125 - Updater not yet initialized, retry later 
2026-08-27 15:58:55,229 [FATAL] Updater:351 - Updater called before beeing initialized
2026-08-27 15:58:55,706 [FATAL] Updater:351 - Updater called before beeing initialized
2026-08-27 15:58:55,764 [INFO] DbMcusAds:53 - JSON generation date=Thu Sep 30 12:25:09 IST 2021 (1632984909247)
2026-08-27 15:58:55,764 [FATAL] Updater:351 - Updater called before beeing initialized
2026-08-27 15:58:56,103 [WARN] DetailPanel:346 - Failed to get advertising image, set to default
2026-08-27 15:58:56,293 [FATAL] Updater:351 - Updater called before beeing initialized
2026-08-27 15:58:56,295 [FATAL] Updater:351 - Updater called before beeing initialized
2026-08-27 15:58:56,295 [FATAL] Updater:351 - Updater called before beeing initialized
2026-08-27 15:58:56,295 [WARN] DetailPanel:346 - Failed to get advertising image, set to default
2026-08-27 15:58:56,296 [FATAL] Updater:351 - Updater called before beeing initialized
2026-08-27 15:58:56,486 [ERROR] Updater:1198 - MainUpdater not yet initialized. External WinMGr cannot be set.
2026-08-27 15:58:56,518 [INFO] Updater:1134 - Updater Version found : 6.15.0
2026-08-27 15:58:56,611 [INFO] ApplicationProperties:184 - Using Application install path: C:\ST\STM32CubeIDE_1.19.0\STM32CubeIDE\plugins\com.st.stm32cube.common.mx_6.15.0.202507011659
2026-08-27 15:58:56,777 [INFO] MainUpdater:525 - Copy updater definitions from MX database
2026-08-27 15:58:56,851 [INFO] MainUpdater:558 - Copy flag file definitions from MX database
2026-08-27 15:58:56,855 [INFO] MainUpdater:574 - Copy thirdparty index definitions from MX database
2026-08-27 15:58:56,876 [INFO] MainUpdater:593 - Copy default thirdparty db definitions from MX database
2026-08-27 15:58:57,392 [FATAL] Updater:351 - Updater called before beeing initialized
2026-08-27 15:58:57,392 [ERROR] IntegrityCheckThread:130 - Cannot retrieve database content from updater: error 21
2026-08-27 15:58:57,393 [INFO] ThirdParty:978 - Integrity check success = false
2026-08-27 15:58:57,393 [INFO] IntegrityCheckThread:100 - exiting critical section [integrity check]
2026-08-27 15:58:57,393 [INFO] IntegrityCheckThread:103 - End integrity checks thread
2026-08-27 15:58:58,087 [INFO] MainUpdater:2872 - connection check result : 10
2026-08-27 15:58:58,087 [INFO] MainUpdater:3604 - Updater definition file requires update
2026-08-27 15:58:58,088 [INFO] MainUpdater:289 - Updater Check For Update Now.
2026-08-27 15:58:58,088 [INFO] MicroXplorer:498 - Change Database Version : DB.6.0.150
2026-08-27 15:58:58,296 [INFO] McuFinderGlobals:63 - Set McuFinder mode to 2 (CubeIDE integrated)
2026-08-27 15:58:58,296 [INFO] UserAuth:171 - activating auth plugin
2026-08-27 15:58:58,321 [INFO] ServerAccessManage:452 - Complete download http(s) 200
2026-08-27 15:58:58,321 [INFO] UserAuth:487 - Internet connection configuration mode: 1
2026-08-27 15:58:58,322 [INFO] ServerAccessManage:509 - Download File updaters.zip
2026-08-27 15:58:58,886 [INFO] JxBrowserEngine:152 - Initiate JxBrowser Engine with user profile folder
2026-08-27 15:58:59,155 [INFO] FileExtend:248 - Unzip File : updaters.zip
2026-08-27 15:58:59,155 [INFO] FileExtend:263 - Standard Zip Deflate
2026-08-27 15:59:01,243 [INFO] ServerAccessManage:452 - Complete download http(s) 200
2026-08-27 15:59:01,243 [INFO] ServerAccessManage:509 - Download File PacksControlFlags.xml
2026-08-27 15:59:01,697 [INFO] ServerAccessManage:452 - Complete download http(s) 200
2026-08-27 15:59:01,697 [INFO] ServerAccessManage:509 - Download File cubemx.pidx
2026-08-27 15:59:03,316 [INFO] ServerAccessManage:452 - Complete download http(s) 200
2026-08-27 15:59:03,316 [INFO] ServerAccessManage:509 - Download File STMicroelectronics.FP-ATR-ASTRA1.pdsc
2026-08-27 15:59:03,775 [INFO] ServerAccessManage:452 - Complete download http(s) 200
2026-08-27 15:59:03,775 [INFO] ServerAccessManage:509 - Download File STMicroelectronics.FP-ATR-SIGFOX1.pdsc
2026-08-27 15:59:03,996 [INFO] ServerAccessManage:452 - Complete download http(s) 200
2026-08-27 15:59:03,996 [INFO] ServerAccessManage:509 - Download File STMicroelectronics.FP-SNS-STBOX1.pdsc
2026-08-27 15:59:04,349 [INFO] ServerAccessManage:452 - Complete download http(s) 200
2026-08-27 15:59:04,349 [INFO] ServerAccessManage:509 - Download File STMicroelectronics.FP-SNS-FLIGHT1.pdsc
2026-08-27 15:59:04,663 [INFO] ServerAccessManage:452 - Complete download http(s) 200
2026-08-27 15:59:04,664 [INFO] ServerAccessManage:509 - Download File STMicroelectronics.FP-SNS-MOTENV1.pdsc
2026-08-27 15:59:05,104 [INFO] ServerAccessManage:452 - Complete download http(s) 200
2026-08-27 15:59:05,104 [INFO] ServerAccessManage:509 - Download File STMicroelectronics.FP-SNS-MOTENVWB1.pdsc
2026-08-27 15:59:05,568 [INFO] ServerAccessManage:452 - Complete download http(s) 200
2026-08-27 15:59:05,568 [INFO] ServerAccessManage:509 - Download File STMicroelectronics.FP-SNS-SMARTAG2.pdsc
2026-08-27 15:59:05,805 [INFO] ServerAccessManage:452 - Complete download http(s) 200
2026-08-27 15:59:05,806 [INFO] ServerAccessManage:509 - Download File STMicroelectronics.FP-SNS-STAIOTCFT.pdsc
2026-08-27 15:59:06,481 [INFO] ServerAccessManage:452 - Complete download http(s) 200
2026-08-27 15:59:06,482 [INFO] ServerAccessManage:509 - Download File STMicroelectronics.X-CUBE-AI.pdsc
2026-08-27 15:59:07,798 [INFO] ServerAccessManage:452 - Complete download http(s) 200
2026-08-27 15:59:07,798 [INFO] ServerAccessManage:509 - Download File STMicroelectronics.X-CUBE-ALS.pdsc
2026-08-27 15:59:08,076 [INFO] ServerAccessManage:452 - Complete download http(s) 200
2026-08-27 15:59:08,076 [INFO] ServerAccessManage:509 - Download File STMicroelectronics.X-CUBE-BLE1.pdsc
2026-08-27 15:59:09,475 [ERROR] ServerAccessManage:1212 - Problem, file not found on Server
2026-08-27 15:59:09,562 [INFO] ServerAccessManage:452 - Complete download http(s) 200
2026-08-27 15:59:09,562 [INFO] ServerAccessManage:509 - Download File STMicroelectronics.X-CUBE-BLE2.pdsc
2026-08-27 15:59:10,312 [INFO] ServerAccessManage:452 - Complete download http(s) 200
2026-08-27 15:59:10,312 [INFO] ServerAccessManage:509 - Download File STMicroelectronics.X-CUBE-BLEMGR.pdsc
2026-08-27 15:59:11,214 [ERROR] ServerAccessManage:1212 - Problem, file not found on Server
2026-08-27 15:59:11,689 [INFO] ServerAccessManage:452 - Complete download http(s) 200
2026-08-27 15:59:11,689 [INFO] ServerAccessManage:509 - Download File STMicroelectronics.X-CUBE-DISPLAY.pdsc
2026-08-27 15:59:12,203 [INFO] ServerAccessManage:452 - Complete download http(s) 200
2026-08-27 15:59:12,204 [INFO] ServerAccessManage:509 - Download File STMicroelectronics.X-CUBE-DPOWER.pdsc
2026-08-27 15:59:13,029 [ERROR] ServerAccessManage:1212 - Problem, file not found on Server
2026-08-27 15:59:13,561 [ERROR] ServerAccessManage:1212 - Problem, file not found on Server
2026-08-27 15:59:13,823 [ERROR] ServerAccessManage:1212 - Problem, file not found on Server
2026-08-27 15:59:14,119 [ERROR] ServerAccessManage:1212 - Problem, file not found on Server
2026-08-27 15:59:14,633 [ERROR] ServerAccessManage:1212 - Problem, file not found on Server
2026-08-27 15:59:14,896 [ERROR] ServerAccessManage:1212 - Problem, file not found on Server
2026-08-27 15:59:15,133 [ERROR] ServerAccessManage:1212 - Problem, file not found on Server
2026-08-27 15:59:15,363 [ERROR] ServerAccessManage:1212 - Problem, file not found on Server
2026-08-27 15:59:15,884 [ERROR] ServerAccessManage:1212 - Problem, file not found on Server
2026-08-27 15:59:16,415 [ERROR] ServerAccessManage:1212 - Problem, file not found on Server
2026-08-27 15:59:16,677 [ERROR] ServerAccessManage:1212 - Problem, file not found on Server
2026-08-27 15:59:16,766 [INFO] ServerAccessManage:452 - Complete download http(s) 200
2026-08-27 15:59:16,766 [INFO] ServerAccessManage:509 - Download File STMicroelectronics.X-CUBE-EEPRMA1.pdsc
2026-08-27 15:59:17,731 [ERROR] ServerAccessManage:1212 - Problem, file not found on Server
2026-08-27 15:59:18,376 [ERROR] ServerAccessManage:1212 - Problem, file not found on Server
2026-08-27 15:59:18,628 [INFO] ServerAccessManage:452 - Complete download http(s) 200
2026-08-27 15:59:18,628 [INFO] ServerAccessManage:509 - Download File STMicroelectronics.X-CUBE-FREERTOS.pdsc
2026-08-27 15:59:19,516 [INFO] ServerAccessManage:452 - Complete download http(s) 200
2026-08-27 15:59:19,517 [INFO] ServerAccessManage:509 - Download File STMicroelectronics.X-CUBE-GNSS1.pdsc
2026-08-27 15:59:20,898 [ERROR] ServerAccessManage:1212 - Problem, file not found on Server
2026-08-27 15:59:21,489 [ERROR] ServerAccessManage:1212 - Problem, file not found on Server
2026-08-27 15:59:21,781 [ERROR] ServerAccessManage:1212 - Problem, file not found on Server
2026-08-27 15:59:22,310 [ERROR] ServerAccessManage:1212 - Problem, file not found on Server
2026-08-27 15:59:22,865 [ERROR] ServerAccessManage:1212 - Problem, file not found on Server
2026-08-27 15:59:23,137 [ERROR] ServerAccessManage:1212 - Problem, file not found on Server
2026-08-27 15:59:23,207 [INFO] ServerAccessManage:452 - Complete download http(s) 200
2026-08-27 15:59:23,207 [INFO] ServerAccessManage:509 - Download File STMicroelectronics.X-CUBE-ISPU.pdsc
2026-08-27 15:59:23,734 [INFO] ServerAccessManage:452 - Complete download http(s) 200
2026-08-27 15:59:23,735 [INFO] ServerAccessManage:509 - Download File STMicroelectronics.X-CUBE-IPS.pdsc
2026-08-27 15:59:24,617 [INFO] ServerAccessManage:452 - Complete download http(s) 200
2026-08-27 15:59:24,617 [INFO] ServerAccessManage:509 - Download File STMicroelectronics.X-CUBE-MEMS1.pdsc
2026-08-27 15:59:27,459 [INFO] ServerAccessManage:452 - Complete download http(s) 200
2026-08-27 15:59:27,459 [INFO] ServerAccessManage:509 - Download File STMicroelectronics.X-CUBE-NFC4.pdsc
2026-08-27 15:59:28,392 [INFO] ServerAccessManage:452 - Complete download http(s) 200
2026-08-27 15:59:28,392 [INFO] ServerAccessManage:509 - Download File STMicroelectronics.X-CUBE-NFC6.pdsc
2026-08-27 15:59:28,813 [INFO] ServerAccessManage:452 - Complete download http(s) 200
2026-08-27 15:59:28,813 [INFO] ServerAccessManage:509 - Download File STMicroelectronics.X-CUBE-NFC7.pdsc
2026-08-27 15:59:29,105 [INFO] ServerAccessManage:452 - Complete download http(s) 200
2026-08-27 15:59:29,105 [INFO] ServerAccessManage:509 - Download File STMicroelectronics.X-CUBE-NFC9.pdsc
2026-08-27 15:59:29,351 [INFO] ServerAccessManage:452 - Complete download http(s) 200
2026-08-27 15:59:29,351 [INFO] ServerAccessManage:509 - Download File STMicroelectronics.X-CUBE-NFC10.pdsc
2026-08-27 15:59:29,595 [INFO] ServerAccessManage:452 - Complete download http(s) 200
2026-08-27 15:59:29,595 [INFO] ServerAccessManage:509 - Download File STMicroelectronics.X-CUBE-NFC12.pdsc
2026-08-27 15:59:29,825 [INFO] ServerAccessManage:452 - Complete download http(s) 200
2026-08-27 15:59:29,826 [INFO] ServerAccessManage:509 - Download File STMicroelectronics.X-CUBE-NFC13.pdsc
2026-08-27 15:59:30,057 [INFO] ServerAccessManage:452 - Complete download http(s) 200
2026-08-27 15:59:30,058 [INFO] ServerAccessManage:509 - Download File STMicroelectronics.X-CUBE-SFXS2LP1.pdsc
2026-08-27 15:59:30,506 [INFO] ServerAccessManage:452 - Complete download http(s) 200
2026-08-27 15:59:30,506 [INFO] ServerAccessManage:509 - Download File STMicroelectronics.X-CUBE-SUBG2.pdsc
2026-08-27 15:59:31,266 [INFO] ServerAccessManage:452 - Complete download http(s) 200
2026-08-27 15:59:31,266 [INFO] ServerAccessManage:509 - Download File STMicroelectronics.X-CUBE-SMBUS.pdsc
2026-08-27 15:59:32,003 [ERROR] ServerAccessManage:1212 - Problem, file not found on Server
2026-08-27 15:59:32,080 [INFO] ServerAccessManage:452 - Complete download http(s) 200
2026-08-27 15:59:32,080 [INFO] ServerAccessManage:509 - Download File STMicroelectronics.X-CUBE-ST60.pdsc
2026-08-27 15:59:32,294 [INFO] ServerAccessManage:452 - Complete download http(s) 200
2026-08-27 15:59:32,294 [INFO] ServerAccessManage:509 - Download File STMicroelectronics.X-CUBE-ST67W61.pdsc
2026-08-27 15:59:32,540 [INFO] ServerAccessManage:452 - Complete download http(s) 200
2026-08-27 15:59:32,540 [INFO] ServerAccessManage:509 - Download File STMicroelectronics.X-CUBE-STSE01.pdsc
2026-08-27 15:59:32,830 [INFO] ServerAccessManage:452 - Complete download http(s) 200
2026-08-27 15:59:32,830 [INFO] ServerAccessManage:509 - Download File STMicroelectronics.X-CUBE-PM33A1.pdsc
2026-08-27 15:59:33,006 [INFO] ServerAccessManage:452 - Complete download http(s) 200
2026-08-27 15:59:33,007 [INFO] ServerAccessManage:509 - Download File STMicroelectronics.X-CUBE-TCPP.pdsc
2026-08-27 15:59:33,487 [INFO] ServerAccessManage:452 - Complete download http(s) 200
2026-08-27 15:59:33,487 [INFO] ServerAccessManage:509 - Download File STMicroelectronics.X-CUBE-TOF1.pdsc
2026-08-27 15:59:35,070 [ERROR] ServerAccessManage:1212 - Problem, file not found on Server
2026-08-27 15:59:35,208 [INFO] ServerAccessManage:452 - Complete download http(s) 200
2026-08-27 15:59:35,209 [INFO] ServerAccessManage:509 - Download File STMicroelectronics.X-CUBE-TOUCHGFX.pdsc
2026-08-27 15:59:37,162 [INFO] ServerAccessManage:452 - Complete download http(s) 200
2026-08-27 15:59:37,162 [INFO] ServerAccessManage:509 - Download File STMicroelectronics.X-CUBE-ALGOBUILD.pdsc
2026-08-27 15:59:37,717 [INFO] ServerAccessManage:452 - Complete download http(s) 200
2026-08-27 15:59:37,881 [INFO] ServerAccessManage:509 - Download File STMicroelectronics.X-CUBE-AZRTOS-H7.pdsc
2026-08-27 15:59:39,650 [INFO] ServerAccessManage:452 - Complete download http(s) 200
2026-08-27 15:59:39,810 [INFO] ServerAccessManage:509 - Download File STMicroelectronics.X-CUBE-AZRTOS-H7RS.pdsc
2026-08-27 15:59:41,879 [INFO] ServerAccessManage:452 - Complete download http(s) 200
2026-08-27 15:59:41,879 [INFO] ServerAccessManage:509 - Download File STMicroelectronics.X-CUBE-AZRTOS-F4.pdsc
2026-08-27 15:59:44,093 [INFO] ServerAccessManage:452 - Complete download http(s) 200
2026-08-27 15:59:44,093 [INFO] ServerAccessManage:509 - Download File STMicroelectronics.X-CUBE-AZRTOS-F7.pdsc
2026-08-27 15:59:44,910 [INFO] ServerAccessManage:452 - Complete download http(s) 200
2026-08-27 15:59:44,910 [INFO] ServerAccessManage:509 - Download File STMicroelectronics.X-CUBE-AZRTOS-L4.pdsc
2026-08-27 15:59:48,191 [INFO] ServerAccessManage:452 - Complete download http(s) 200
2026-08-27 15:59:48,192 [INFO] ServerAccessManage:509 - Download File STMicroelectronics.X-CUBE-AZRTOS-L5.pdsc
2026-08-27 15:59:49,200 [INFO] ServerAccessManage:452 - Complete download http(s) 200
2026-08-27 15:59:49,200 [INFO] ServerAccessManage:509 - Download File STMicroelectronics.X-CUBE-AZRTOS-G0.pdsc
2026-08-27 15:59:50,022 [INFO] ServerAccessManage:452 - Complete download http(s) 200
2026-08-27 15:59:50,022 [INFO] ServerAccessManage:509 - Download File STMicroelectronics.X-CUBE-AZRTOS-G4.pdsc
2026-08-27 15:59:52,004 [INFO] ServerAccessManage:452 - Complete download http(s) 200
2026-08-27 15:59:52,004 [INFO] ServerAccessManage:509 - Download File STMicroelectronics.X-CUBE-AZRTOS-WB.pdsc
2026-08-27 15:59:52,875 [INFO] ServerAccessManage:452 - Complete download http(s) 200
2026-08-27 15:59:52,875 [INFO] ServerAccessManage:509 - Download File STMicroelectronics.X-CUBE-AZRTOS-WL.pdsc
2026-08-27 15:59:53,633 [INFO] ServerAccessManage:452 - Complete download http(s) 200
2026-08-27 15:59:53,634 [INFO] ServerAccessManage:509 - Download File STMicroelectronics.X-CUBE-WB05N.pdsc
2026-08-27 15:59:54,055 [INFO] ServerAccessManage:452 - Complete download http(s) 200
2026-08-27 15:59:54,055 [INFO] ServerAccessManage:509 - Download File STMicroelectronics.X-CUBE-WBA.pdsc
2026-08-27 15:59:54,366 [INFO] ServerAccessManage:452 - Complete download http(s) 200
2026-08-27 15:59:54,366 [INFO] ServerAccessManage:509 - Download File STMicroelectronics.eDS-WB_DPC_VIENNA.pdsc
2026-08-27 15:59:55,072 [ERROR] ServerAccessManage:1212 - Problem, file not found on Server
2026-08-27 15:59:55,592 [ERROR] ServerAccessManage:1212 - Problem, file not found on Server
2026-08-27 15:59:56,107 [ERROR] ServerAccessManage:1212 - Problem, file not found on Server
2026-08-27 15:59:56,671 [ERROR] ServerAccessManage:1212 - Problem, file not found on Server
2026-08-27 15:59:56,893 [ERROR] ServerAccessManage:1212 - Problem, file not found on Server
2026-08-27 15:59:56,956 [INFO] ServerAccessManage:452 - Complete download http(s) 200
2026-08-27 15:59:56,956 [INFO] ServerAccessManage:509 - Download File STMicroelectronics.eDS-WB_DPC_TT-BIDIR.pdsc
2026-08-27 15:59:57,682 [ERROR] ServerAccessManage:1212 - Problem, file not found on Server
2026-08-27 15:59:57,910 [ERROR] ServerAccessManage:1212 - Problem, file not found on Server
2026-08-27 15:59:58,501 [ERROR] ServerAccessManage:1212 - Problem, file not found on Server
2026-08-27 15:59:59,036 [ERROR] ServerAccessManage:1212 - Problem, file not found on Server
2026-08-27 15:59:59,097 [INFO] ServerAccessManage:452 - Complete download http(s) 200
2026-08-27 15:59:59,098 [INFO] ServerAccessManage:509 - Download File STMicroelectronics.eDS-WB_DPC_3PH2L-BIDIR.pdsc
2026-08-27 15:59:59,834 [ERROR] ServerAccessManage:1212 - Problem, file not found on Server
2026-08-27 16:00:00,060 [ERROR] ServerAccessManage:1212 - Problem, file not found on Server
2026-08-27 16:00:00,244 [INFO] ServerAccessManage:452 - Complete download http(s) 200
2026-08-27 16:00:00,244 [INFO] ServerAccessManage:509 - Download File wolfSSL.I-CUBE-wolfSSL.pdsc
2026-08-27 16:00:02,108 [INFO] WebApp:169 - Instantiating new browser for Auth
2026-08-27 16:00:02,330 [ERROR] ServerAccessManage:1212 - Problem, file not found on Server
2026-08-27 16:00:02,381 [ERROR] ServerAccessManage:1212 - Problem, file not found on Server
2026-08-27 16:00:02,451 [ERROR] ServerAccessManage:1212 - Problem, file not found on Server
2026-08-27 16:00:02,473 [INFO] ServerAccessManage:452 - Complete download http(s) 200
2026-08-27 16:00:02,473 [INFO] ServerAccessManage:509 - Download File wolfSSL.I-CUBE-wolfMQTT.pdsc
2026-08-27 16:00:02,770 [INFO] ServerAccessManage:452 - Complete download http(s) 200
2026-08-27 16:00:02,771 [INFO] ServerAccessManage:509 - Download File wolfSSL.I-CUBE-wolfTPM.pdsc
2026-08-27 16:00:03,356 [INFO] ServerAccessManage:452 - Complete download http(s) 200
2026-08-27 16:00:03,356 [INFO] ServerAccessManage:509 - Download File wolfSSL.I-CUBE-wolfSSH.pdsc
2026-08-27 16:00:04,347 [INFO] ServerAccessManage:452 - Complete download http(s) 200
2026-08-27 16:00:04,347 [INFO] ServerAccessManage:509 - Download File RealThread.X-CUBE-RT-Thread_Nano.pdsc
2026-08-27 16:00:05,783 [INFO] ServerAccessManage:452 - Complete download http(s) 200
2026-08-27 16:00:05,783 [INFO] ServerAccessManage:509 - Download File SEGGER.I-CUBE-embOS.pdsc
2026-08-27 16:00:08,339 [INFO] ServerAccessManage:452 - Complete download http(s) 200
2026-08-27 16:00:08,339 [INFO] ServerAccessManage:509 - Download File emotas.I-CUBE-CANOPEN.pdsc
2026-08-27 16:00:10,410 [INFO] ServerAccessManage:452 - Complete download http(s) 200
2026-08-27 16:00:10,410 [INFO] ServerAccessManage:509 - Download File WES.I-CUBE-Cesium.pdsc
2026-08-27 16:00:10,637 [INFO] WebApp:463 - Apply proxy settings
2026-08-27 16:00:10,638 [INFO] WebApp:548 - Chromium requires no authentication
2026-08-27 16:00:11,243 [INFO] WebApp:491 - Direct internet connection detected
2026-08-27 16:00:11,634 [ERROR] ServerAccessManage:1212 - Problem, file not found on Server
2026-08-27 16:00:11,982 [ERROR] ServerAccessManage:1212 - Problem, file not found on Server
2026-08-27 16:00:12,548 [INFO] WebApp:900 - Register for checkConnection events
2026-08-27 16:00:12,548 [INFO] WebApp:463 - Apply proxy settings
2026-08-27 16:00:12,549 [INFO] WebApp:548 - Chromium requires no authentication
2026-08-27 16:00:12,549 [INFO] WebApp:491 - Direct internet connection detected
2026-08-27 16:00:12,998 [INFO] ServerAccessManage:452 - Complete download http(s) 200
2026-08-27 16:00:12,998 [INFO] ServerAccessManage:509 - Download File ITTIA_DB.I-CUBE-ITTIADB.pdsc
2026-08-27 16:00:14,049 [INFO] WebApp:191 - Connection restablished
2026-08-27 16:00:18,136 [INFO] ServerAccessManage:452 - Complete download http(s) 200
2026-08-27 16:00:18,136 [INFO] ServerAccessManage:509 - Download File Infineon.AIROC-Wi-Fi-Bluetooth-STM32.pdsc
2026-08-27 16:00:21,323 [INFO] WebApp:225 - Starting web application
2026-08-27 16:00:21,323 [INFO] WebApp:593 - Web application path used C:\ST\STM32CubeIDE_1.19.0\STM32CubeIDE\plugins\com.st.stm32cube.common.mx_6.15.0.202507011659\db\plugins\mcufinder\reactClient1\index.html
2026-08-27 16:00:22,432 [INFO] ServerAccessManage:452 - Complete download http(s) 200
2026-08-27 16:00:22,432 [INFO] ServerAccessManage:509 - Download File Cesanta.I-CUBE-Mongoose.pdsc
2026-08-27 16:00:28,096 [INFO] ServerAccessManage:452 - Complete download http(s) 200
2026-08-27 16:00:28,096 [INFO] ServerAccessManage:509 - Download File EmbeddedOffice.I-CUBE-FS-RTOS.pdsc
2026-08-27 16:00:30,238 [INFO] ServerAccessManage:452 - Complete download http(s) 200
2026-08-27 16:00:30,239 [INFO] ServerAccessManage:509 - Download File quantropi.X-CUBE-qispace-sdk-base.pdsc
2026-08-27 16:00:31,296 [ERROR] ServerAccessManage:1295 - Problem during Server Connection :  IO error PKIX path building failed: sun.security.provider.certpath.SunCertPathBuilderException: unable to find valid certification path to requested target
2026-08-27 16:00:31,296 [ERROR] ServerAccessManage:740 - Problem during Server Connection :  : Avnet-IOTCONNECT.X-CUBE-iotc-st67-sdk.pdsc.
2026-08-27 16:00:31,875 [WARN] CheckServerUpdateThread:151 - Open CheckUpdateFile Fail
2026-08-27 16:00:32,023 [WARN] PackLoader:240 - Cannot read IP mode file for STMicroelectronics.FP-ATR-ASTRA1.2.0.3
2026-08-27 16:00:32,079 [WARN] PackLoader:240 - Cannot read IP mode file for STMicroelectronics.FP-ATR-SIGFOX1.3.2.0
2026-08-27 16:00:32,346 [WARN] PackLoader:240 - Cannot read IP mode file for STMicroelectronics.FP-SNS-STBOX1.2.1.0
2026-08-27 16:00:32,427 [WARN] PackLoader:240 - Cannot read IP mode file for STMicroelectronics.FP-SNS-FLIGHT1.5.1.0
2026-08-27 16:00:32,479 [WARN] PackLoader:240 - Cannot read IP mode file for STMicroelectronics.FP-SNS-MOTENV1.5.1.0
2026-08-27 16:00:32,578 [WARN] PackLoader:240 - Cannot read IP mode file for STMicroelectronics.FP-SNS-MOTENVWB1.1.5.0
2026-08-27 16:00:32,715 [WARN] PackLoader:240 - Cannot read IP mode file for STMicroelectronics.FP-SNS-SMARTAG2.1.2.0
2026-08-27 16:00:32,898 [WARN] PackLoader:240 - Cannot read IP mode file for STMicroelectronics.FP-SNS-STAIOTCFT.1.1.0
2026-08-27 16:00:33,073 [WARN] PackLoader:240 - Cannot read IP mode file for STMicroelectronics.X-CUBE-AI.10.2.1
2026-08-27 16:00:33,241 [WARN] PackLoader:240 - Cannot read IP mode file for STMicroelectronics.X-CUBE-ALS.1.0.2
2026-08-27 16:00:33,401 [WARN] PackLoader:240 - Cannot read IP mode file for STMicroelectronics.X-CUBE-BLE1.7.1.0
2026-08-27 16:00:33,474 [WARN] PackLoader:240 - Cannot read IP mode file for STMicroelectronics.X-CUBE-BLE2.3.3.0
2026-08-27 16:00:33,561 [WARN] PopulateThirdPartyThread:106 - Error when creating pack: C:/Users/student/.stm32cubemx/thirdparties/pdsc/STMicroelectronics.X-CUBE-BLEMGR.pdsc
2026-08-27 16:00:33,709 [WARN] PackLoader:240 - Cannot read IP mode file for STMicroelectronics.X-CUBE-DISPLAY.3.0.0
2026-08-27 16:00:33,757 [WARN] PackLoader:240 - Cannot read IP mode file for STMicroelectronics.X-CUBE-DPower.1.3.0
2026-08-27 16:00:33,830 [WARN] PackLoader:240 - Cannot read IP mode file for STMicroelectronics.X-CUBE-EEPRMA1.5.2.0
2026-08-27 16:00:33,883 [WARN] PackLoader:240 - Cannot read IP mode file for STMicroelectronics.X-CUBE-FREERTOS.1.6.0
2026-08-27 16:00:33,905 [WARN] PackLoader:240 - Cannot read IP mode file for STMicroelectronics.X-CUBE-GNSS1.7.1.1
2026-08-27 16:00:33,997 [WARN] PackLoader:240 - Cannot read IP mode file for STMicroelectronics.X-CUBE-ISPU.2.1.0
2026-08-27 16:00:34,080 [WARN] PackLoader:240 - Cannot read IP mode file for STMicroelectronics.X-CUBE-IPS.3.2.0
2026-08-27 16:00:34,327 [WARN] PackLoader:240 - Cannot read IP mode file for STMicroelectronics.X-CUBE-MEMS1.13.0.0
2026-08-27 16:00:34,653 [WARN] PackLoader:240 - Cannot read IP mode file for STMicroelectronics.X-CUBE-NFC4.3.0.0
2026-08-27 16:00:34,713 [WARN] PackLoader:240 - Cannot read IP mode file for STMicroelectronics.X-CUBE-NFC6.3.2.0
2026-08-27 16:00:34,754 [WARN] PackLoader:240 - Cannot read IP mode file for STMicroelectronics.X-CUBE-NFC7.2.0.0
2026-08-27 16:00:34,855 [WARN] PackLoader:240 - Cannot read IP mode file for STMicroelectronics.X-CUBE-NFC9.1.0.0
2026-08-27 16:00:34,961 [WARN] PackLoader:240 - Cannot read IP mode file for STMicroelectronics.X-CUBE-NFC10.1.0.0
2026-08-27 16:00:35,168 [WARN] PackLoader:240 - Cannot read IP mode file for STMicroelectronics.X-CUBE-NFC12.1.0.0
2026-08-27 16:00:35,278 [WARN] PackLoader:240 - Cannot read IP mode file for STMicroelectronics.X-CUBE-NFC13.1.0.0
2026-08-27 16:00:35,484 [WARN] PackLoader:240 - Cannot read IP mode file for STMicroelectronics.X-CUBE-SFXS2LP1.4.0.0
2026-08-27 16:00:35,596 [WARN] PackLoader:240 - Cannot read IP mode file for STMicroelectronics.X-CUBE-SUBG2.5.0.0
2026-08-27 16:00:35,623 [WARN] PopulateThirdPartyThread:106 - Error when creating pack: C:/Users/student/.stm32cubemx/thirdparties/pdsc/STMicroelectronics.X-CUBE-SMBUS.pdsc
2026-08-27 16:00:35,717 [WARN] PackLoader:240 - Cannot read IP mode file for STMicroelectronics.X-CUBE-ST60.1.1.0
2026-08-27 16:00:35,800 [WARN] PopulateThirdPartyThread:106 - Error when creating pack: C:/Users/student/.stm32cubemx/thirdparties/pdsc/STMicroelectronics.X-CUBE-ST67W61.pdsc
2026-08-27 16:00:35,878 [WARN] PackLoader:240 - Cannot read IP mode file for STMicroelectronics.X-CUBE-STSE01.2.0.0
2026-08-27 16:00:35,944 [WARN] PackLoader:240 - Cannot read IP mode file for STMicroelectronics.X-CUBE-PM33A1.1.0.0
2026-08-27 16:00:36,016 [WARN] PackLoader:240 - Cannot read IP mode file for STMicroelectronics.X-CUBE-TCPP.4.2.0
2026-08-27 16:00:36,167 [WARN] PackLoader:240 - Cannot read IP mode file for STMicroelectronics.X-CUBE-TOF1.3.4.3
2026-08-27 16:00:36,282 [WARN] PackLoader:240 - Cannot read IP mode file for STMicroelectronics.X-CUBE-TOUCHGFX.4.26.1
2026-08-27 16:00:36,367 [WARN] PackLoader:240 - Cannot read IP mode file for STMicroelectronics.X-CUBE-ALGOBUILD.1.5.0
2026-08-27 16:00:36,483 [WARN] PackLoader:240 - Cannot read IP mode file for STMicroelectronics.X-CUBE-AZRTOS-H7.3.5.0
2026-08-27 16:00:36,588 [WARN] PackLoader:240 - Cannot read IP mode file for STMicroelectronics.X-CUBE-AZRTOS-H7RS.1.3.0
2026-08-27 16:00:36,679 [WARN] PackLoader:240 - Cannot read IP mode file for STMicroelectronics.X-CUBE-AZRTOS-F4.1.1.0
2026-08-27 16:00:36,788 [WARN] PackLoader:240 - Cannot read IP mode file for STMicroelectronics.X-CUBE-AZRTOS-F7.1.1.0
2026-08-27 16:00:36,873 [WARN] ConditionMgr:438 - getConditionDescription Invalid condition id : LAN8742 Phy interface Condition cause : null
2026-08-27 16:00:36,873 [WARN] PackLoader:240 - Cannot read IP mode file for STMicroelectronics.X-CUBE-AZRTOS-L4.2.0.0
2026-08-27 16:00:36,875 [WARN] ConditionMgr:1044 - genDependencies : Invalid condition id : LAN8742 Phy interface Condition cause : null
2026-08-27 16:00:36,875 [WARN] ConditionMgr:1044 - genDependencies : Invalid condition id : LAN8742 Phy interface Condition cause : null
2026-08-27 16:00:36,876 [WARN] ConditionMgr:1044 - genDependencies : Invalid condition id : LAN8742 Phy interface Condition cause : null
2026-08-27 16:00:36,971 [WARN] PackLoader:240 - Cannot read IP mode file for STMicroelectronics.X-CUBE-AZRTOS-L5.2.0.0
2026-08-27 16:00:37,055 [WARN] PackLoader:240 - Cannot read IP mode file for STMicroelectronics.X-CUBE-AZRTOS-G0.1.1.0
2026-08-27 16:00:37,088 [WARN] PackLoader:240 - Cannot read IP mode file for STMicroelectronics.X-CUBE-AZRTOS-G4.2.0.0
2026-08-27 16:00:37,097 [WARN] ConditionMgr:438 - getConditionDescription Invalid condition id : UX DEVICE CLASS RTOS Condition cause : null
2026-08-27 16:00:37,097 [WARN] ConditionMgr:438 - getConditionDescription Invalid condition id : UX DEVICE CLASS RTOS Condition cause : null
2026-08-27 16:00:37,099 [WARN] PackLoader:240 - Cannot read IP mode file for STMicroelectronics.X-CUBE-AZRTOS-WB.2.0.0
2026-08-27 16:00:37,099 [WARN] ConditionMgr:1044 - genDependencies : Invalid condition id : UX DEVICE CLASS RTOS Condition cause : null
2026-08-27 16:00:37,099 [WARN] ConditionMgr:1044 - genDependencies : Invalid condition id : UX DEVICE CLASS RTOS Condition cause : null
2026-08-27 16:00:37,099 [WARN] ConditionMgr:1044 - genDependencies : Invalid condition id : UX DEVICE CLASS RTOS Condition cause : null
2026-08-27 16:00:37,100 [WARN] ConditionMgr:1044 - genDependencies : Invalid condition id : UX DEVICE CLASS RTOS Condition cause : null
2026-08-27 16:00:37,100 [WARN] ConditionMgr:1044 - genDependencies : Invalid condition id : UX DEVICE CLASS RTOS Condition cause : null
2026-08-27 16:00:37,216 [INFO] LogOutputStream:77 - [STDOUT_REDIRECT] 1 : Invalid condition id : UX_CORESTACK_Condition cause : null
2026-08-27 16:00:37,217 [INFO] LogOutputStream:77 - [STDOUT_REDIRECT] 1 : Invalid condition id : UX_CORESTACK_Condition cause : null
2026-08-27 16:00:37,218 [INFO] LogOutputStream:77 - [STDOUT_REDIRECT] 1 : Invalid condition id : UX_CORESTACK_Condition cause : null
2026-08-27 16:00:37,219 [INFO] LogOutputStream:77 - [STDOUT_REDIRECT] 1 : Invalid condition id : UX_CORESTACK_Condition cause : null
2026-08-27 16:00:37,220 [INFO] LogOutputStream:77 - [STDOUT_REDIRECT] 1 : Invalid condition id : UX_CORESTACK_Condition cause : null
2026-08-27 16:00:37,221 [WARN] PackLoader:240 - Cannot read IP mode file for STMicroelectronics.X-CUBE-AZRTOS-WL.2.0.0
2026-08-27 16:00:37,289 [WARN] PackLoader:240 - Cannot read IP mode file for STMicroelectronics.X-CUBE-WB05N.2.1.0
2026-08-27 16:00:37,333 [WARN] PopulateThirdPartyThread:106 - Error when creating pack: C:/Users/student/.stm32cubemx/thirdparties/pdsc/STMicroelectronics.X-CUBE-WBA.pdsc
2026-08-27 16:00:37,402 [WARN] PackLoader:240 - Cannot read IP mode file for STMicroelectronics.eDS-WB_DPC_VIENNA.1.2.0
2026-08-27 16:00:37,404 [WARN] PackLoader:240 - Cannot read IP mode file for STMicroelectronics.eDS-WB_DPC_TT-BIDIR.2.1.1
2026-08-27 16:00:37,493 [WARN] PackLoader:240 - Cannot read IP mode file for STMicroelectronics.eDS-WB_DPC_3PH2L-BIDIR.1.1.1
2026-08-27 16:00:37,546 [WARN] PackLoader:240 - Cannot read IP mode file for wolfSSL.I-CUBE-wolfSSL.5.9.2
2026-08-27 16:00:37,548 [WARN] PackLoader:240 - Cannot read IP mode file for wolfSSL.I-CUBE-wolfMQTT.1.19.2
2026-08-27 16:00:37,550 [WARN] PackLoader:240 - Cannot read IP mode file for wolfSSL.I-CUBE-wolfTPM.3.8.0
2026-08-27 16:00:37,553 [WARN] PackLoader:240 - Cannot read IP mode file for wolfSSL.I-CUBE-wolfSSH.1.4.20
2026-08-27 16:00:37,560 [WARN] PackLoader:240 - Cannot read IP mode file for RealThread.X-CUBE-RT-Thread_Nano.4.1.1
2026-08-27 16:00:37,582 [WARN] PackLoader:240 - Cannot read IP mode file for SEGGER.I-CUBE-embOS.1.3.1
2026-08-27 16:00:37,617 [WARN] PackLoader:240 - Cannot read IP mode file for emotas.I-CUBE-CANOPEN.1.3.0
2026-08-27 16:00:37,623 [WARN] PackLoader:240 - Cannot read IP mode file for WES.I-CUBE-Cesium.1.4.0
2026-08-27 16:00:37,630 [WARN] PackLoader:240 - Cannot read IP mode file for ITTIA_DB.I-CUBE-ITTIADB.8.9.0
2026-08-27 16:00:37,647 [WARN] PackLoader:240 - Cannot read IP mode file for Infineon.AIROC-Wi-Fi-Bluetooth-STM32.1.8.0
2026-08-27 16:00:37,653 [WARN] PackLoader:240 - Cannot read IP mode file for Cesanta.I-CUBE-Mongoose.7.21.7
2026-08-27 16:00:37,663 [WARN] PackLoader:240 - Cannot read IP mode file for EmbeddedOffice.I-CUBE-FS-RTOS.1.0.1
2026-08-27 16:00:37,668 [WARN] ConditionMgr:438 - getConditionDescription Invalid condition id : Cortex-A Device cause : null
2026-08-27 16:00:37,769 [WARN] ConditionMgr:1044 - genDependencies : Invalid condition id : Cortex-A Device cause : null
2026-08-27 16:00:37,769 [WARN] ConditionMgr:1044 - genDependencies : Invalid condition id : Cortex-A Device cause : null
2026-08-27 16:00:37,769 [WARN] ConditionMgr:1044 - genDependencies : Invalid condition id : Cortex-A Device cause : null
2026-08-27 16:00:37,769 [INFO] PopulateThirdPartyThread:66 - Ending populate Thread
2026-08-27 16:00:37,772 [INFO] ThirdParty:1030 - CMSIS Pack Vendor :STMicroelectronics X-CUBE-AZRTOS-H7 3.5.0
2026-08-27 16:00:37,772 [INFO] ThirdParty:1030 - CMSIS Pack Vendor :STMicroelectronics X-CUBE-PM33A1 1.0.0
2026-08-27 16:00:37,772 [INFO] ThirdParty:1030 - CMSIS Pack Vendor :STMicroelectronics X-CUBE-NFC9 1.0.0
2026-08-27 16:00:37,772 [INFO] ThirdParty:1030 - CMSIS Pack Vendor :STMicroelectronics FP-ATR-ASTRA1 2.0.3
2026-08-27 16:00:37,772 [INFO] ThirdParty:1030 - CMSIS Pack Vendor :STMicroelectronics X-CUBE-AZRTOS-F4 1.1.0
2026-08-27 16:00:37,772 [INFO] ThirdParty:1030 - CMSIS Pack Vendor :STMicroelectronics X-CUBE-BLE1 7.1.0
2026-08-27 16:00:37,772 [INFO] ThirdParty:1030 - CMSIS Pack Vendor :wolfSSL I-CUBE-wolfMQTT 1.19.2
2026-08-27 16:00:37,772 [INFO] ThirdParty:1030 - CMSIS Pack Vendor :STMicroelectronics X-CUBE-ISPU 2.1.0
2026-08-27 16:00:37,772 [INFO] ThirdParty:1030 - CMSIS Pack Vendor :STMicroelectronics X-CUBE-EEPRMA1 5.2.0
2026-08-27 16:00:37,772 [INFO] ThirdParty:1030 - CMSIS Pack Vendor :STMicroelectronics X-CUBE-IPS 3.2.0
2026-08-27 16:00:37,772 [INFO] ThirdParty:1030 - CMSIS Pack Vendor :STMicroelectronics eDS-WB_DPC_TT-BIDIR 2.1.1
2026-08-27 16:00:37,772 [INFO] ThirdParty:1030 - CMSIS Pack Vendor :STMicroelectronics X-CUBE-AZRTOS-WB 2.0.0
2026-08-27 16:00:37,772 [INFO] ThirdParty:1030 - CMSIS Pack Vendor :STMicroelectronics X-CUBE-NFC12 1.0.0
2026-08-27 16:00:37,772 [INFO] ThirdParty:1030 - CMSIS Pack Vendor :STMicroelectronics X-CUBE-AZRTOS-F7 1.1.0
2026-08-27 16:00:37,772 [INFO] ThirdParty:1030 - CMSIS Pack Vendor :STMicroelectronics X-CUBE-AZRTOS-L5 2.0.0
2026-08-27 16:00:37,772 [INFO] ThirdParty:1030 - CMSIS Pack Vendor :STMicroelectronics X-CUBE-FREERTOS 1.6.0
2026-08-27 16:00:37,772 [INFO] ThirdParty:1030 - CMSIS Pack Vendor :STMicroelectronics FP-SNS-STAIOTCFT 1.1.0
2026-08-27 16:00:37,773 [INFO] ThirdParty:1030 - CMSIS Pack Vendor :quantropi X-CUBE-qispace-sdk-base 2.1.0
2026-08-27 16:00:37,773 [INFO] ThirdParty:1030 - CMSIS Pack Vendor :STMicroelectronics X-CUBE-STSE01 2.0.0
2026-08-27 16:00:37,773 [INFO] ThirdParty:1030 - CMSIS Pack Vendor :STMicroelectronics X-CUBE-ALGOBUILD 1.5.0
2026-08-27 16:00:37,773 [INFO] ThirdParty:1030 - CMSIS Pack Vendor :STMicroelectronics FP-SNS-MOTENV1 5.1.0
2026-08-27 16:00:37,773 [INFO] ThirdParty:1030 - CMSIS Pack Vendor :STMicroelectronics X-CUBE-AZRTOS-H7RS 1.3.0
2026-08-27 16:00:37,773 [INFO] ThirdParty:1030 - CMSIS Pack Vendor :STMicroelectronics X-CUBE-AZRTOS-G0 1.1.0
2026-08-27 16:00:37,773 [INFO] ThirdParty:1030 - CMSIS Pack Vendor :STMicroelectronics X-CUBE-NFC4 3.0.0
2026-08-27 16:00:37,773 [INFO] ThirdParty:1030 - CMSIS Pack Vendor :STMicroelectronics X-CUBE-SUBG2 5.0.0
2026-08-27 16:00:37,773 [INFO] ThirdParty:1030 - CMSIS Pack Vendor :STMicroelectronics eDS-WB_DPC_VIENNA 1.2.0
2026-08-27 16:00:37,773 [INFO] ThirdParty:1030 - CMSIS Pack Vendor :EmbeddedOffice I-CUBE-FS-RTOS 1.0.1
2026-08-27 16:00:37,773 [INFO] ThirdParty:1030 - CMSIS Pack Vendor :STMicroelectronics X-CUBE-MEMS1 13.0.0
2026-08-27 16:00:37,773 [INFO] ThirdParty:1030 - CMSIS Pack Vendor :WES I-CUBE-Cesium 1.4.0
2026-08-27 16:00:37,773 [INFO] ThirdParty:1030 - CMSIS Pack Vendor :STMicroelectronics eDS-WB_DPC_3PH2L-BIDIR 1.1.1
2026-08-27 16:00:37,773 [INFO] ThirdParty:1030 - CMSIS Pack Vendor :STMicroelectronics X-CUBE-AZRTOS-G4 2.0.0
2026-08-27 16:00:37,773 [INFO] ThirdParty:1030 - CMSIS Pack Vendor :wolfSSL I-CUBE-wolfTPM 3.8.0
2026-08-27 16:00:37,773 [INFO] ThirdParty:1030 - CMSIS Pack Vendor :STMicroelectronics X-CUBE-DISPLAY 3.0.0
2026-08-27 16:00:37,773 [INFO] ThirdParty:1030 - CMSIS Pack Vendor :wolfSSL I-CUBE-wolfSSH 1.4.20
2026-08-27 16:00:37,773 [INFO] ThirdParty:1030 - CMSIS Pack Vendor :STMicroelectronics X-CUBE-NFC7 2.0.0
2026-08-27 16:00:37,773 [INFO] ThirdParty:1030 - CMSIS Pack Vendor :STMicroelectronics FP-SNS-MOTENVWB1 1.5.0
2026-08-27 16:00:37,773 [INFO] ThirdParty:1030 - CMSIS Pack Vendor :STMicroelectronics X-CUBE-GNSS1 7.1.1
2026-08-27 16:00:37,773 [INFO] ThirdParty:1030 - CMSIS Pack Vendor :STMicroelectronics X-CUBE-TCPP 4.2.0
2026-08-27 16:00:37,773 [INFO] ThirdParty:1030 - CMSIS Pack Vendor :RealThread X-CUBE-RT-Thread_Nano 4.1.1
2026-08-27 16:00:37,774 [INFO] ThirdParty:1030 - CMSIS Pack Vendor :STMicroelectronics FP-ATR-SIGFOX1 3.2.0
2026-08-27 16:00:37,774 [INFO] ThirdParty:1030 - CMSIS Pack Vendor :STMicroelectronics X-CUBE-NFC10 1.0.0
2026-08-27 16:00:37,774 [INFO] ThirdParty:1030 - CMSIS Pack Vendor :STMicroelectronics X-CUBE-ALS 1.0.2
2026-08-27 16:00:37,774 [INFO] ThirdParty:1030 - CMSIS Pack Vendor :STMicroelectronics X-CUBE-ST60 1.1.0
2026-08-27 16:00:37,774 [INFO] ThirdParty:1030 - CMSIS Pack Vendor :emotas I-CUBE-CANOPEN 1.3.0
2026-08-27 16:00:37,774 [INFO] ThirdParty:1030 - CMSIS Pack Vendor :wolfSSL I-CUBE-wolfSSL 5.9.2
2026-08-27 16:00:37,774 [INFO] ThirdParty:1030 - CMSIS Pack Vendor :ITTIA_DB I-CUBE-ITTIADB 8.9.0
2026-08-27 16:00:37,774 [INFO] ThirdParty:1030 - CMSIS Pack Vendor :Cesanta I-CUBE-Mongoose 7.21.7
2026-08-27 16:00:37,774 [INFO] ThirdParty:1030 - CMSIS Pack Vendor :STMicroelectronics X-CUBE-TOUCHGFX 4.26.1
2026-08-27 16:00:37,774 [INFO] ThirdParty:1030 - CMSIS Pack Vendor :STMicroelectronics X-CUBE-NFC6 3.2.0
2026-08-27 16:00:37,776 [INFO] ThirdParty:1030 - CMSIS Pack Vendor :STMicroelectronics FP-SNS-STBOX1 2.1.0
2026-08-27 16:00:37,776 [INFO] ThirdParty:1030 - CMSIS Pack Vendor :STMicroelectronics X-CUBE-AI 10.2.1
2026-08-27 16:00:37,776 [INFO] ThirdParty:1030 - CMSIS Pack Vendor :STMicroelectronics FP-SNS-SMARTAG2 1.2.0
2026-08-27 16:00:37,776 [INFO] ThirdParty:1030 - CMSIS Pack Vendor :STMicroelectronics FP-SNS-FLIGHT1 5.1.0
2026-08-27 16:00:37,776 [INFO] ThirdParty:1030 - CMSIS Pack Vendor :STMicroelectronics X-CUBE-AZRTOS-WL 2.0.0
2026-08-27 16:00:37,776 [INFO] ThirdParty:1030 - CMSIS Pack Vendor :SEGGER I-CUBE-embOS 1.3.1
2026-08-27 16:00:37,776 [INFO] ThirdParty:1030 - CMSIS Pack Vendor :STMicroelectronics X-CUBE-DPower 1.3.0
2026-08-27 16:00:37,776 [INFO] ThirdParty:1030 - CMSIS Pack Vendor :STMicroelectronics X-CUBE-AZRTOS-L4 2.0.0
2026-08-27 16:00:37,776 [INFO] ThirdParty:1030 - CMSIS Pack Vendor :STMicroelectronics X-CUBE-SFXS2LP1 4.0.0
2026-08-27 16:00:37,776 [INFO] ThirdParty:1030 - CMSIS Pack Vendor :STMicroelectronics X-CUBE-BLE2 3.3.0
2026-08-27 16:00:37,776 [INFO] ThirdParty:1030 - CMSIS Pack Vendor :STMicroelectronics X-CUBE-TOF1 3.4.3
2026-08-27 16:00:37,776 [INFO] ThirdParty:1030 - CMSIS Pack Vendor :Infineon AIROC-Wi-Fi-Bluetooth-STM32 1.8.0
2026-08-27 16:00:37,777 [INFO] ThirdParty:1030 - CMSIS Pack Vendor :STMicroelectronics X-CUBE-NFC13 1.0.0
2026-08-27 16:00:37,777 [INFO] ThirdParty:1030 - CMSIS Pack Vendor :STMicroelectronics X-CUBE-WB05N 2.1.0
2026-08-27 16:00:37,777 [INFO] LoadServerUpdatesThread:375 - End of LoadServerUpdate Thread
2026-08-27 16:00:54,102 [INFO] CheckServerUpdateThread:120 - End of CheckServer Thread
2026-08-27 16:01:15,208 [INFO] McuFinderGlobals:63 - Set McuFinder mode to 2 (CubeIDE integrated)
2026-08-27 16:01:15,472 [INFO] MainUpdater:2872 - connection check result : 10
2026-08-27 16:01:15,713 [INFO] McuFinderGlobals:76 - Set McuFinderConnectedMode to true
2026-08-27 16:01:16,041 [INFO] ServerAccessManage:452 - Complete download http(s) 200
2026-08-27 16:01:16,041 [INFO] ServerAccessManage:509 - Download File mcusAds.json._tmp_
2026-08-27 16:01:16,232 [INFO] LoadUrlFilesThread:156 - End of LoadUrlFiles Thread
2026-08-27 16:01:16,324 [INFO] ServerAccessManage:452 - Complete download http(s) 200
2026-08-27 16:01:16,325 [INFO] ServerAccessManage:509 - Download File cube-finder-db.zip
2026-08-27 16:01:18,123 [INFO] FileExtend:248 - Unzip File : cube-finder-db.zip
2026-08-27 16:01:18,124 [INFO] FileExtend:263 - Standard Zip Deflate
2026-08-27 16:01:26,061 [INFO] LoadUrlFilesThread:156 - End of LoadUrlFiles Thread
2026-08-27 16:01:41,512 [ERROR] ServerAccessManage:1295 - Problem during Server Connection :  IO error Connection reset
2026-08-27 16:01:41,513 [ERROR] ServerAccessManage:740 - Problem during Server Connection :  : crdb.zip.
2026-08-27 16:01:52,724 [INFO] LoadUrlFilesThread:156 - End of LoadUrlFiles Thread
2026-08-27 16:01:54,376 [INFO] DbMcusAds:53 - JSON generation date=Wed Jul 15 15:14:54 IST 2026 (1784108694001)
2026-08-27 16:01:54,384 [ERROR] TargetSelectorAdapter:267 - Unable to refresh data
2026-08-27 16:01:55,946 [INFO] ApiDb:581 - Connected to CubeFinder SQLite database (C:\Users\student\.stmcufinder\plugins\mcufinder\mcu\cube-finder-db.db)
2026-08-27 16:01:56,600 [INFO] ApiDb:668 - CubeFinder database Data Model version=2.1
2026-08-27 16:01:56,600 [INFO] ApiDb:669 - CubeFinder database Configuration version=3.0.42
2026-08-27 16:01:56,600 [INFO] ApiDb:670 - CubeFinder database generation date=2026-08-04 (1785840812)
2026-08-27 16:01:56,600 [INFO] ApiDb:671 - CubeFinder database FW Pack versions=[FP-ATR-ASTRA1_V2.0.0, FP-SNS-FLIGHT1_V5.1.0, FP-SNS-MOTENV1_V5.1.0, FP-SNS-MOTENVWB1_V1.5.0, FP-SNS-SMARTAG2_V1.2.0, FP-SNS-STBOX1_V2.1.0, STM32Cube_FW_C0_V1.4.1, STM32Cube_FW_F4_V1.28.3, STM32Cube_FW_F7_V1.17.4, STM32Cube_FW_G0_V1.6.3, STM32Cube_FW_G4_V1.6.2, STM32Cube_FW_H5_V1.7.0, STM32Cube_FW_H7RS_V1.3.0, STM32Cube_FW_H7_V1.13.0, STM32Cube_FW_L0_V1.12.2, STM32Cube_FW_L4_V1.18.2, STM32Cube_FW_L5_V1.6.0, STM32Cube_FW_N6_V1.4.0, STM32Cube_FW_U0_V1.3.0, STM32Cube_FW_U3_V1.4.0, STM32Cube_FW_U5_V1.9.0, STM32Cube_FW_WB0_V1.5.0, STM32Cube_FW_WBA_V1.10.0, STM32Cube_FW_WB_V1.24.0, STM32Cube_FW_WL3_V1.5.0, STM32Cube_FW_WL_V1.6.0, X-CUBE-ALGOBUILD_V1.5.0, X-CUBE-ALS_V1.0.2, X-CUBE-AZRTOS-F4_V1.1.0, X-CUBE-AZRTOS-F7_V1.1.0, X-CUBE-AZRTOS-G0_V1.1.0, X-CUBE-AZRTOS-G4_V2.0.0, X-CUBE-AZRTOS-H7RS_V1.3.0, X-CUBE-AZRTOS-H7_V3.5.0, X-CUBE-AZRTOS-L4_V2.0.0, X-CUBE-AZRTOS-L5_V2.0.0, X-CUBE-AZRTOS-WB_V2.0.0, X-CUBE-AZRTOS-WL_V2.0.0, X-CUBE-BLE1_V7.1.0, X-CUBE-BLE2_V3.3.0, X-CUBE-BLEMGR_V4.2.0, X-CUBE-EEPRMA1_V5.2.0, X-CUBE-FREERTOS_V1.6.0, X-CUBE-GNSS1_V7.1.1, X-CUBE-MEMS1_V13.0.0, X-CUBE-NFC4_V3.0.0, X-CUBE-NFC7_V2.0.0, X-CUBE-SFXS2LP1_V4.0.0, X-CUBE-ST67W61_V1.3.0, X-CUBE-SUBG2_V5.0.0, X-CUBE-TOF1_V3.4.3]
2026-08-27 16:02:00,399 [INFO] ApiDb:240 - Found 880 in-development CPN: [B-G473E-ZEST1S, B-WB1M-WPAN1, B-WBA5M-WPAN, B-WL5M-SUBG1, NUCLEO-C031C6, NUCLEO-C051C8, NUCLEO-C071RB, NUCLEO-C092RC, NUCLEO-H503RB, NUCLEO-H533RE, NUCLEO-H563ZI, NUCLEO-H7S3L8, NUCLEO-N657X0-Q, NUCLEO-U031R8, NUCLEO-U083RC, NUCLEO-U385RG-Q, NUCLEO-U545RE-Q, NUCLEO-U5A5ZJ-Q, NUCLEO-WB05KZ, NUCLEO-WB07CC, NUCLEO-WB09KE, NUCLEO-WBA52CG, NUCLEO-WBA55CG, NUCLEO-WL33CC1, NUCLEO-WL33CC2, STEVAL-PROTEUS1, STEVAL-SMARTAG2, STEVAL-STWINBX1, STM320518-EVAL, STM32C0116-DK, STM32C011D6Y3TR, STM32C011D6Y6TR, STM32C011F4P3, STM32C011F4P6, STM32C011F4U3, STM32C011F4U6TR, STM32C011F6P3, STM32C011F6P6, STM32C011F6U3, STM32C011F6U6TR, STM32C011J4M3, STM32C011J4M6, STM32C011J6M3, STM32C011J6M6, STM32C0316-DK, STM32C031C4T3, STM32C031C4T6, STM32C031C4U3, STM32C031C4U6, STM32C031C6T3, STM32C031C6T6, STM32C031C6U3, STM32C031C6U6, STM32C031F4P3, STM32C031F4P6, STM32C031F6P3, STM32C031F6P6, STM32C031G4U3, STM32C031G4U6, STM32C031G6U3, STM32C031G6U6, STM32C031K4T3, STM32C031K4T6, STM32C031K4U3, STM32C031K4U6, STM32C031K6T3, STM32C031K6T6, STM32C031K6U3, STM32C031K6U6, STM32C051C6T6, STM32C051C6U6, STM32C051C8T6, STM32C051C8U6, STM32C051D8Y6TR, STM32C051F6P6, STM32C051F8P6, STM32C051G6U6, STM32C051G8U6, STM32C051K6T6, STM32C051K6U6, STM32C051K8T6, STM32C071C8T6, STM32C071C8T6N, STM32C071C8U6, STM32C071C8U6N, STM32C071CBT6, STM32C071CBT6N, STM32C071CBU6, STM32C071CBU6N, STM32C071F8P6, STM32C071F8P6N, STM32C071FBP6, STM32C071FBP6N, STM32C071FBY6TR, STM32C071G8U6, STM32C071G8U6N, STM32C071GBU6, STM32C071GBU6N, STM32C071K8T6, STM32C071K8T6N, STM32C071K8U6, STM32C071K8U6N, STM32C071KBT6, STM32C071KBT6N, STM32C071KBU6, STM32C071KBU6N, STM32C071R8T6, STM32C071R8T6N, STM32C071RBI6N, STM32C071RBT6, STM32C071RBT6N, STM32C091CBT6, STM32C091CBU6, STM32C091CCT6, STM32C091CCU6, STM32C091ECY6TR, STM32C091FBP6, STM32C091FCP6, STM32C091GBU6, STM32C091GCU6, STM32C091KBT6, STM32C091KBU6, STM32C091KCT6, STM32C091KCU6, STM32C091RBT6, STM32C091RCI6, STM32C091RCT6, STM32C092CBT6, STM32C092CBU6, STM32C092CCT6, STM32C092CCU6, STM32C092ECY6TR, STM32C092FBP6, STM32C092FCP6, STM32C092GBU6, STM32C092GCU6, STM32C092KBT6, STM32C092KBU6, STM32C092KCT6, STM32C092KCU6, STM32C092RBT6, STM32C092RCI6, STM32C092RCT6, STM32G071K8TXN, STM32G071K8UXN, STM32G081GBU6N, STM32G081KBT6N, STM32G081KBUXN, STM32G0B1CCT6N, STM32G0B1KCT6, STM32G0B1NEY6TR, STM32G0B1RCT6N, STM32G0C1CCT6, STM32G0C1CCT6N, STM32G0C1CCU6N, STM32G0C1CET6N, STM32G0C1CEU6N, STM32G0C1KCT6, STM32G0C1NEY6TR, STM32G0C1RCI6N, STM32G0C1RCT6N, STM32G0C1REI6N, STM32G0C1RET6N, STM32G0C1VCI6, STM32G0C1VEI6, STM32G411C6T3, STM32G411C6T6, STM32G411C6U3, STM32G411C6U6, STM32G411C8T3, STM32G411C8T6, STM32G411C8U3, STM32G411C8U6, STM32G411CBT3, STM32G411CBT6, STM32G411CBU3, STM32G411CBU6, STM32G411K6T3, STM32G411K6T6, STM32G411K6U3, STM32G411K6U6, STM32G411K8T3, STM32G411K8T6, STM32G411K8U3, STM32G411K8U6, STM32G411KBT3, STM32G411KBT6, STM32G411KBU3, STM32G411KBU6, STM32G411M6T3, STM32G411M6T6, STM32G411M8T3, STM32G411M8T6, STM32G411MBT3, STM32G411MBT6, STM32G411R6T3, STM32G411R6T6, STM32G411R8T3, STM32G411R8T6, STM32G411RBT3, STM32G411RBT6, STM32G414CBT3, STM32G414CBT6, STM32G414CBU3, STM32G414CBU6, STM32G414CCT3, STM32G414CCT6, STM32G414CCU3, STM32G414CCU6, STM32G414MBT3, STM32G414MBT6, STM32G414MCT3, STM32G414MCT6, STM32G414RBT3, STM32G414RBT6, STM32G414RCT3, STM32G414RCT6, STM32G414VBT3, STM32G414VBT6, STM32G414VCT3, STM32G414VCT6, STM32G431CBT3Z, STM32G431RBT3Z, STM32G471CCT6, STM32G471CCU6, STM32G471CET3, STM32G471CET6, STM32G471CEU3, STM32G471CEU6, STM32G471MCT6, STM32G471MET3, STM32G471MET6, STM32G471MEY6TR, STM32G471QCT6, STM32G471QET3, STM32G471RCT6, STM32G471RET3, STM32G471RET6, STM32G471VCH6, STM32G471VCI6, STM32G471VCT6, STM32G471VEH3, STM32G471VEH6, STM32G471VEI3, STM32G471VEI6, STM32G471VET3, STM32G471VET6, STM32G473QET3Z, STM32G473RET3Z, STM32G474CCT6, STM32G491RET3Z, STM32H503CBT6, STM32H503CBU6, STM32H503EBY6TR, STM32H503KBU6, STM32H503RBT6, STM32H523CCT6, STM32H523CCU6, STM32H523CET6, STM32H523CEU6, STM32H523HEY6TR, STM32H523RCT6, STM32H523RET6, STM32H523VCI6, STM32H523VCT6, STM32H523VEI6, STM32H523VET6, STM32H523ZCJ6, STM32H523ZCT6, STM32H523ZEJ6, STM32H523ZET6, STM32H533CET6, STM32H533CEU6, STM32H533HEY6TR, STM32H533RET6, STM32H533VEI6, STM32H533VET6, STM32H533ZEJ6, STM32H533ZET6, STM32H562AGI6, STM32H562AII6, STM32H562IGK6, STM32H562IGT6, STM32H562IIK6, STM32H562IIT6, STM32H562RGT6, STM32H562RGV6, STM32H562RIT6, STM32H562RIV6, STM32H562VGT6, STM32H562VIT6, STM32H562ZGT6, STM32H562ZIT6, STM32H563AGI6, STM32H563AII3Q, STM32H563AII6, STM32H563IGK6, STM32H563IGT6, STM32H563IIK3Q, STM32H563IIK6, STM32H563IIT3Q, STM32H563IIT6, STM32H563MIY3QTR, STM32H563RGT6, STM32H563RGV6, STM32H563RIT6, STM32H563RIV6, STM32H563VGT6, STM32H563VIT3Q, STM32H563VIT6, STM32H563ZGT6, STM32H563ZIT3Q, STM32H563ZIT6, STM32H573AII3Q, STM32H573AII6, STM32H573I-DK, STM32H573IIK3Q, STM32H573IIK6, STM32H573IIT3Q, STM32H573IIT6, STM32H573MIY3QTR, STM32H573RIT6, STM32H573RIV6, STM32H573VIT3Q, STM32H573VIT6, STM32H573ZIT3Q, STM32H573ZIT6, STM32H7R3A8I6, STM32H7R3I8K6, STM32H7R3I8T6, STM32H7R3L8H6, STM32H7R3L8H6H, STM32H7R3R8V6, STM32H7R3V8H6, STM32H7R3V8T6, STM32H7R3V8Y6TR, STM32H7R3Z8J6, STM32H7R3Z8T6, STM32H7R7A8I6, STM32H7R7I8K6, STM32H7R7I8T6, STM32H7R7L8H6, STM32H7R7L8H6H, STM32H7R7Z8J6, STM32H7S3A8I6, STM32H7S3I8K6, STM32H7S3I8T6, STM32H7S3L8H6, STM32H7S3L8H6H, STM32H7S3R8V6, STM32H7S3V8H6, STM32H7S3V8T6, STM32H7S3V8Y6TR, STM32H7S3Z8J6, STM32H7S3Z8T6, STM32H7S78-DK, STM32H7S7A8I6, STM32H7S7I8K6, STM32H7S7I8T6, STM32H7S7L8H6, STM32H7S7L8H6H, STM32H7S7Z8J6, STM32L4R5QGI6STR, STM32MP131AAE3, STM32MP131AAF3, STM32MP131AAG3, STM32MP131CAE3, STM32MP131CAF3, STM32MP131CAG3, STM32MP131DAE7, STM32MP131DAF7, STM32MP131DAG7, STM32MP131FAE7, STM32MP131FAF7, STM32MP131FAG7, STM32MP133AAE3, STM32MP133AAF3, STM32MP133AAG3, STM32MP133CAE3, STM32MP133CAF3, STM32MP133CAG3, STM32MP133DAE7, STM32MP133DAF7, STM32MP133DAG7, STM32MP133FAE7, STM32MP133FAF7, STM32MP133FAG7, STM32MP135AAE3, STM32MP135AAF3, STM32MP135AAG3, STM32MP135CAE3, STM32MP135CAF3, STM32MP135CAG3, STM32MP135DAE7, STM32MP135DAF7, STM32MP135DAG7, STM32MP135F-DK, STM32MP135FAE7, STM32MP135FAF7, STM32MP135FAF7T, STM32MP135FAF7U, STM32MP135FAG7, STM32MP211AAL3, STM32MP211AAM3, STM32MP211AAN3, STM32MP211AAO3, STM32MP211CAL3, STM32MP211CAM3, STM32MP211CAN3, STM32MP211CAO3, STM32MP211DAL3, STM32MP211DAM3, STM32MP211DAN3, STM32MP211DAO3, STM32MP211FAL3, STM32MP211FAM3, STM32MP211FAN3, STM32MP211FAO3, STM32MP213AAL3, STM32MP213AAM3, STM32MP213AAN3, STM32MP213AAO3, STM32MP213CAL3, STM32MP213CAM3, STM32MP213CAN3, STM32MP213CAO3, STM32MP213DAL3, STM32MP213DAM3, STM32MP213DAN3, STM32MP213DAO3, STM32MP213FAL3, STM32MP213FAM3, STM32MP213FAN3, STM32MP213FAO3, STM32MP215AAL3, STM32MP215AAM3, STM32MP215AAN3, STM32MP215AAO3, STM32MP215CAL3, STM32MP215CAM3, STM32MP215CAN3, STM32MP215CAO3, STM32MP215DAL3, STM32MP215DAM3, STM32MP215DAN3, STM32MP215DAO3, STM32MP215F-DK, STM32MP215FAL3, STM32MP215FAM3, STM32MP215FAN3, STM32MP215FAO3, STM32MP231AAJ3, STM32MP231AAK3, STM32MP231AAL3, STM32MP231CAJ3, STM32MP231CAK3, STM32MP231CAL3, STM32MP231DAJ3, STM32MP231DAK3, STM32MP231DAL3, STM32MP231FAJ3, STM32MP231FAK3, STM32MP231FAL3, STM32MP233AAJ3, STM32MP233AAK3, STM32MP233AAL3, STM32MP233CAJ3, STM32MP233CAK3, STM32MP233CAL3, STM32MP233DAJ3, STM32MP233DAK3, STM32MP233DAL3, STM32MP233FAJ3, STM32MP233FAK3, STM32MP233FAL3, STM32MP235AAJ3, STM32MP235AAK3, STM32MP235AAL3, STM32MP235CAJ3, STM32MP235CAK3, STM32MP235CAL3, STM32MP235DAJ3, STM32MP235DAK3, STM32MP235DAL3, STM32MP235FAJ3, STM32MP235FAK3, STM32MP235FAL3, STM32MP251AAI3, STM32MP251AAK3, STM32MP251AAL3, STM32MP251CAI3, STM32MP251CAK3, STM32MP251CAL3, STM32MP251DAI3, STM32MP251DAK3, STM32MP251DAL3, STM32MP251FAI3, STM32MP251FAK3, STM32MP251FAL3, STM32MP253AAI3, STM32MP253AAK3, STM32MP253AAL3, STM32MP253CAI3, STM32MP253CAK3, STM32MP253CAL3, STM32MP253DAI3, STM32MP253DAK3, STM32MP253DAL3, STM32MP253FAI3, STM32MP253FAK3, STM32MP253FAL3, STM32MP255AAI3, STM32MP255AAK3, STM32MP255AAL3, STM32MP255CAI3, STM32MP255CAK3, STM32MP255CAL3, STM32MP255DAI3, STM32MP255DAK3, STM32MP255DAL3, STM32MP255FAI3, STM32MP255FAK3, STM32MP255FAL3, STM32MP257AAI3, STM32MP257AAK3, STM32MP257AAL3, STM32MP257CAI3, STM32MP257CAK3, STM32MP257CAL3, STM32MP257DAI3, STM32MP257DAK3, STM32MP257DAL3, STM32MP257F-DK, STM32MP257F-EV1, STM32MP257FAI3, STM32MP257FAK3, STM32MP257FAL3, STM32N645A0H3Q, STM32N645B0H3Q, STM32N645I0H3Q, STM32N645L0H3Q, STM32N645X0H3Q, STM32N645Z0H3Q, STM32N647A0H3Q, STM32N647B0H3Q, STM32N647I0H3Q, STM32N647L0H3Q, STM32N647X0H3Q, STM32N647Z0H3Q, STM32N655A0H3Q, STM32N655B0H3Q, STM32N655I0H3Q, STM32N655L0H3Q, STM32N655X0H3Q, STM32N655Z0H3Q, STM32N6570-DK, STM32N657A0H3Q, STM32N657B0H3Q, STM32N657I0H3Q, STM32N657L0H3Q, STM32N657X0H3Q, STM32N657Z0H3Q, STM32U031C6T6, STM32U031C6U6, STM32U031C8T6, STM32U031C8U6, STM32U031F4P6, STM32U031F6P6, STM32U031F8P6, STM32U031G6Y6TR, STM32U031G8Y6TR, STM32U031K4U6, STM32U031K6U6, STM32U031K8U6, STM32U031R6I6, STM32U031R6T6, STM32U031R8I6, STM32U031R8T6, STM32U073C8T6, STM32U073C8U6, STM32U073CBT6, STM32U073CBU6, STM32U073CCT6, STM32U073CCU6, STM32U073H8Y6TR, STM32U073HBY6TR, STM32U073HCY6TR, STM32U073K8U6, STM32U073KBU6, STM32U073KCU6, STM32U073M8I6, STM32U073M8T6, STM32U073MBI6, STM32U073MBT6, STM32U073MCI6, STM32U073MCT6, STM32U073R8I6, STM32U073R8T6, STM32U073RBI6, STM32U073RBT6, STM32U073RCI6, STM32U073RCT6, STM32U083C-DK, STM32U083CCT6, STM32U083CCU6, STM32U083HCY6TR, STM32U083KCU6, STM32U083MCI6, STM32U083MCT6, STM32U083RCI6, STM32U083RCT6, STM32U375CET6, STM32U375CET6Q, STM32U375CEU6, STM32U375CEU6Q, STM32U375CEY6QTR, STM32U375CGT6, STM32U375CGT6Q, STM32U375CGU6, STM32U375CGU6Q, STM32U375CGY6QTR, STM32U375KEU6, STM32U375KGU6, STM32U375REI6, STM32U375REI6Q, STM32U375RET6, STM32U375RET6Q, STM32U375REY6GTR, STM32U375REY6QTR, STM32U375RGI6, STM32U375RGI6Q, STM32U375RGT6, STM32U375RGT6Q, STM32U375RGY6GTR, STM32U375RGY6QTR, STM32U375VEI6, STM32U375VEI6Q, STM32U375VET6, STM32U375VET6Q, STM32U375VGI6, STM32U375VGI6Q, STM32U375VGT6, STM32U375VGT6Q, STM32U385CGT6, STM32U385CGT6Q, STM32U385CGU6, STM32U385CGU6Q, STM32U385CGY6QTR, STM32U385KGU6, STM32U385RGI6, STM32U385RGI6Q, STM32U385RGT6, STM32U385RGT6Q, STM32U385RGY6GTR, STM32U385RGY6QTR, STM32U385VGI6, STM32U385VGI6Q, STM32U385VGT6, STM32U385VGT6Q, STM32U535CBT6, STM32U535CBT6Q, STM32U535CBU6, STM32U535CBU6Q, STM32U535CCT6, STM32U535CCT6Q, STM32U535CCU6, STM32U535CCU6Q, STM32U535CET6, STM32U535CET6Q, STM32U535CEU6, STM32U535CEU6Q, STM32U535JEY6QTR, STM32U535NCY6QTR, STM32U535NEY6QTR, STM32U535RBI6, STM32U535RBI6Q, STM32U535RBT6, STM32U535RBT6Q, STM32U535RCI6, STM32U535RCI6Q, STM32U535RCT6, STM32U535RCT6Q, STM32U535REI6, STM32U535REI6Q, STM32U535RET6, STM32U535RET6Q, STM32U535VCI6, STM32U535VCI6Q, STM32U535VCT6, STM32U535VCT6Q, STM32U535VEI6, STM32U535VEI6Q, STM32U535VET6, STM32U535VET6Q, STM32U545CET6, STM32U545CET6Q, STM32U545CEU6, STM32U545CEU6Q, STM32U545JEY6QTR, STM32U545NEY6QTR, STM32U545REI6, STM32U545REI6Q, STM32U545RET6, STM32U545RET6Q, STM32U545VEI6, STM32U545VEI6Q, STM32U545VET6, STM32U545VET6Q, STM32U595AIH6, STM32U595AIH6Q, STM32U595AJH6, STM32U595AJH6Q, STM32U595QII6, STM32U595QII6Q, STM32U595QJI6, STM32U595QJI6Q, STM32U595RIT6, STM32U595RIT6Q, STM32U595RJT6, STM32U595RJT6Q, STM32U595VIT6, STM32U595VIT6Q, STM32U595VJT6, STM32U595VJT6Q, STM32U595ZIT6, STM32U595ZIT6Q, STM32U595ZIY6QTR, STM32U595ZJT6, STM32U595ZJT6Q, STM32U595ZJY6QTR, STM32U599BJY6QTR, STM32U599NIH6Q, STM32U599NJH6Q, STM32U599VIT6Q, STM32U599VJT6, STM32U599VJT6Q, STM32U599ZIT6Q, STM32U599ZIY6QTR, STM32U599ZJT6Q, STM32U599ZJY6QTR, STM32U5A5AJH6, STM32U5A5AJH6Q, STM32U5A5QII3Q , STM32U5A5QJI6, STM32U5A5QJI6Q, STM32U5A5RJT6, STM32U5A5RJT6Q, STM32U5A5VJT6, STM32U5A5VJT6Q, STM32U5A5ZJT6, STM32U5A5ZJT6Q, STM32U5A5ZJY6QTR, STM32U5A9BJY6QTR, STM32U5A9J-DK, STM32U5A9NJH6Q, STM32U5A9VJT6Q, STM32U5A9ZJT6Q, STM32U5A9ZJY6QTR, STM32U5F7VIT6, STM32U5F7VIT6Q, STM32U5F7VJT6, STM32U5F7VJT6Q, STM32U5F9BJY6QTR, STM32U5F9NJH6Q, STM32U5F9VIT6Q, STM32U5F9VJT6Q, STM32U5F9ZIJ6QTR, STM32U5F9ZIT6Q, STM32U5F9ZJJ6QTR, STM32U5F9ZJT6Q, STM32U5G7VJT6, STM32U5G7VJT6Q, STM32U5G9BJY6QTR, STM32U5G9J-DK1, STM32U5G9J-DK2, STM32U5G9NJH6Q, STM32U5G9VJT6Q, STM32U5G9ZJJ6QTR, STM32U5G9ZJT6Q, STM32WB05KZV6TR, STM32WB05KZV7TR, STM32WB05TZF6TR, STM32WB05TZF7TR, STM32WB06CCF6TR, STM32WB06CCF7TR, STM32WB06CCV6TR, STM32WB06CCV7TR, STM32WB06KCV6TR, STM32WB06KCV7TR, STM32WB07CCF6TR, STM32WB07CCF7TR, STM32WB07CCV6TR, STM32WB07CCV7TR, STM32WB07KCV6TR, STM32WB07KCV7TR, STM32WB09KEV6TR, STM32WB09KEV7TR, STM32WB09TEF6TR, STM32WB09TEF7TR, STM32WB1MMCH6, STM32WBA50KGU6, STM32WBA50KGU6TR, STM32WBA52CEU6, STM32WBA52CEU6TR, STM32WBA52CEU7, STM32WBA52CEU7TR, STM32WBA52CGU6, STM32WBA52CGU6TR, STM32WBA52CGU6U, STM32WBA52CGU7, STM32WBA52CGU7TR, STM32WBA52KEU6, STM32WBA52KEU6TR, STM32WBA52KGU6, STM32WBA52KGU6TR, STM32WBA54CEU6, STM32WBA54CEU6TR, STM32WBA54CEU7, STM32WBA54CEU7TR, STM32WBA54CGU6, STM32WBA54CGU6TR, STM32WBA54CGU7, STM32WBA54CGU7TR, STM32WBA54KEU6, STM32WBA54KEU6TR, STM32WBA54KEU7, STM32WBA54KEU7TR, STM32WBA54KGU6, STM32WBA54KGU6TR, STM32WBA54KGU7, STM32WBA54KGU7TR, STM32WBA55CEU6, STM32WBA55CEU6TR, STM32WBA55CEU7, STM32WBA55CEU7TR, STM32WBA55CGU6, STM32WBA55CGU6TR, STM32WBA55CGU6U, STM32WBA55CGU7, STM32WBA55CGU7TR, STM32WBA55G-DK1, STM32WBA55HEF6, STM32WBA55HEF7, STM32WBA55HGF6, STM32WBA55HGF7, STM32WBA55UEI6, STM32WBA55UEI6TR, STM32WBA55UEI7, STM32WBA55UEI7TR, STM32WBA55UGI6, STM32WBA55UGI6TR, STM32WBA55UGI7, STM32WBA55UGI7TR, STM32WBA5MMGH6TR, STM32WBA62MGF6, STM32WBA62MIF6, STM32WBA65MGF7, STM32WBA65MIF6, STM32WBA65MIF7, STM32WL30K8V6, STM32WL30KBV6, STM32WL31C8V6, STM32WL31CBV6, STM32WL31K8V6, STM32WL31KBV6, STM32WL33C8V6, STM32WL33C8V6X, STM32WL33CBV6, STM32WL33CBV6X, STM32WL33CCV6, STM32WL33CCV6A, STM32WL33CCV6X, STM32WL33K8V7, STM32WL33K8V7X, STM32WL33KBV7 , STM32WL33KBV7X, STM32WL33KCV7, STM32WL33KCV7X, STM32WL5MOCH6, STM32WL5MOCH6TR]
2026-08-27 16:02:00,407 [INFO] DbMcus:218 - Found 5314 MCUs, 5126 are supported
2026-08-27 16:02:00,407 [INFO] ApiDb:414 - User favorites file not found: C:\Users\student/.stm32cubeide/favorites.mcus.txt
2026-08-27 16:02:00,407 [INFO] DbMcus:224 - Set 0 / 0 favorites MCUs
2026-08-27 16:02:01,181 [INFO] ApiDb:668 - CubeFinder database Data Model version=2.1
2026-08-27 16:02:01,181 [INFO] ApiDb:669 - CubeFinder database Configuration version=3.0.42
2026-08-27 16:02:01,181 [INFO] ApiDb:670 - CubeFinder database generation date=2026-08-04 (1785840812)
2026-08-27 16:02:01,181 [INFO] ApiDb:671 - CubeFinder database FW Pack versions=[FP-ATR-ASTRA1_V2.0.0, FP-SNS-FLIGHT1_V5.1.0, FP-SNS-MOTENV1_V5.1.0, FP-SNS-MOTENVWB1_V1.5.0, FP-SNS-SMARTAG2_V1.2.0, FP-SNS-STBOX1_V2.1.0, STM32Cube_FW_C0_V1.4.1, STM32Cube_FW_F4_V1.28.3, STM32Cube_FW_F7_V1.17.4, STM32Cube_FW_G0_V1.6.3, STM32Cube_FW_G4_V1.6.2, STM32Cube_FW_H5_V1.7.0, STM32Cube_FW_H7RS_V1.3.0, STM32Cube_FW_H7_V1.13.0, STM32Cube_FW_L0_V1.12.2, STM32Cube_FW_L4_V1.18.2, STM32Cube_FW_L5_V1.6.0, STM32Cube_FW_N6_V1.4.0, STM32Cube_FW_U0_V1.3.0, STM32Cube_FW_U3_V1.4.0, STM32Cube_FW_U5_V1.9.0, STM32Cube_FW_WB0_V1.5.0, STM32Cube_FW_WBA_V1.10.0, STM32Cube_FW_WB_V1.24.0, STM32Cube_FW_WL3_V1.5.0, STM32Cube_FW_WL_V1.6.0, X-CUBE-ALGOBUILD_V1.5.0, X-CUBE-ALS_V1.0.2, X-CUBE-AZRTOS-F4_V1.1.0, X-CUBE-AZRTOS-F7_V1.1.0, X-CUBE-AZRTOS-G0_V1.1.0, X-CUBE-AZRTOS-G4_V2.0.0, X-CUBE-AZRTOS-H7RS_V1.3.0, X-CUBE-AZRTOS-H7_V3.5.0, X-CUBE-AZRTOS-L4_V2.0.0, X-CUBE-AZRTOS-L5_V2.0.0, X-CUBE-AZRTOS-WB_V2.0.0, X-CUBE-AZRTOS-WL_V2.0.0, X-CUBE-BLE1_V7.1.0, X-CUBE-BLE2_V3.3.0, X-CUBE-BLEMGR_V4.2.0, X-CUBE-EEPRMA1_V5.2.0, X-CUBE-FREERTOS_V1.6.0, X-CUBE-GNSS1_V7.1.1, X-CUBE-MEMS1_V13.0.0, X-CUBE-NFC4_V3.0.0, X-CUBE-NFC7_V2.0.0, X-CUBE-SFXS2LP1_V4.0.0, X-CUBE-ST67W61_V1.3.0, X-CUBE-SUBG2_V5.0.0, X-CUBE-TOF1_V3.4.3]
2026-08-27 16:02:01,294 [INFO] DbBoardsSqlite:226 - include board P-NUCLEO-WB55-NUCLEO as a kit item of type 'Nucleo-64'
2026-08-27 16:02:01,294 [INFO] DbBoardsSqlite:226 - include board P-NUCLEO-WB55-USBDONGLE as a kit item of type 'Nucleo USB Dongle'
2026-08-27 16:02:01,295 [INFO] DbBoardsSqlite:226 - include board STEVAL-IDP005V1 as a kit item of type 'Evaluation Board'
2026-08-27 16:02:01,295 [INFO] DbBoardsSqlite:226 - include board STEVAL-IDP005V2 as a kit item of type 'Evaluation Board'
2026-08-27 16:02:01,428 [INFO] ApiDb:240 - Found 880 in-development CPN: [B-G473E-ZEST1S, B-WB1M-WPAN1, B-WBA5M-WPAN, B-WL5M-SUBG1, NUCLEO-C031C6, NUCLEO-C051C8, NUCLEO-C071RB, NUCLEO-C092RC, NUCLEO-H503RB, NUCLEO-H533RE, NUCLEO-H563ZI, NUCLEO-H7S3L8, NUCLEO-N657X0-Q, NUCLEO-U031R8, NUCLEO-U083RC, NUCLEO-U385RG-Q, NUCLEO-U545RE-Q, NUCLEO-U5A5ZJ-Q, NUCLEO-WB05KZ, NUCLEO-WB07CC, NUCLEO-WB09KE, NUCLEO-WBA52CG, NUCLEO-WBA55CG, NUCLEO-WL33CC1, NUCLEO-WL33CC2, STEVAL-PROTEUS1, STEVAL-SMARTAG2, STEVAL-STWINBX1, STM320518-EVAL, STM32C0116-DK, STM32C011D6Y3TR, STM32C011D6Y6TR, STM32C011F4P3, STM32C011F4P6, STM32C011F4U3, STM32C011F4U6TR, STM32C011F6P3, STM32C011F6P6, STM32C011F6U3, STM32C011F6U6TR, STM32C011J4M3, STM32C011J4M6, STM32C011J6M3, STM32C011J6M6, STM32C0316-DK, STM32C031C4T3, STM32C031C4T6, STM32C031C4U3, STM32C031C4U6, STM32C031C6T3, STM32C031C6T6, STM32C031C6U3, STM32C031C6U6, STM32C031F4P3, STM32C031F4P6, STM32C031F6P3, STM32C031F6P6, STM32C031G4U3, STM32C031G4U6, STM32C031G6U3, STM32C031G6U6, STM32C031K4T3, STM32C031K4T6, STM32C031K4U3, STM32C031K4U6, STM32C031K6T3, STM32C031K6T6, STM32C031K6U3, STM32C031K6U6, STM32C051C6T6, STM32C051C6U6, STM32C051C8T6, STM32C051C8U6, STM32C051D8Y6TR, STM32C051F6P6, STM32C051F8P6, STM32C051G6U6, STM32C051G8U6, STM32C051K6T6, STM32C051K6U6, STM32C051K8T6, STM32C071C8T6, STM32C071C8T6N, STM32C071C8U6, STM32C071C8U6N, STM32C071CBT6, STM32C071CBT6N, STM32C071CBU6, STM32C071CBU6N, STM32C071F8P6, STM32C071F8P6N, STM32C071FBP6, STM32C071FBP6N, STM32C071FBY6TR, STM32C071G8U6, STM32C071G8U6N, STM32C071GBU6, STM32C071GBU6N, STM32C071K8T6, STM32C071K8T6N, STM32C071K8U6, STM32C071K8U6N, STM32C071KBT6, STM32C071KBT6N, STM32C071KBU6, STM32C071KBU6N, STM32C071R8T6, STM32C071R8T6N, STM32C071RBI6N, STM32C071RBT6, STM32C071RBT6N, STM32C091CBT6, STM32C091CBU6, STM32C091CCT6, STM32C091CCU6, STM32C091ECY6TR, STM32C091FBP6, STM32C091FCP6, STM32C091GBU6, STM32C091GCU6, STM32C091KBT6, STM32C091KBU6, STM32C091KCT6, STM32C091KCU6, STM32C091RBT6, STM32C091RCI6, STM32C091RCT6, STM32C092CBT6, STM32C092CBU6, STM32C092CCT6, STM32C092CCU6, STM32C092ECY6TR, STM32C092FBP6, STM32C092FCP6, STM32C092GBU6, STM32C092GCU6, STM32C092KBT6, STM32C092KBU6, STM32C092KCT6, STM32C092KCU6, STM32C092RBT6, STM32C092RCI6, STM32C092RCT6, STM32G071K8TXN, STM32G071K8UXN, STM32G081GBU6N, STM32G081KBT6N, STM32G081KBUXN, STM32G0B1CCT6N, STM32G0B1KCT6, STM32G0B1NEY6TR, STM32G0B1RCT6N, STM32G0C1CCT6, STM32G0C1CCT6N, STM32G0C1CCU6N, STM32G0C1CET6N, STM32G0C1CEU6N, STM32G0C1KCT6, STM32G0C1NEY6TR, STM32G0C1RCI6N, STM32G0C1RCT6N, STM32G0C1REI6N, STM32G0C1RET6N, STM32G0C1VCI6, STM32G0C1VEI6, STM32G411C6T3, STM32G411C6T6, STM32G411C6U3, STM32G411C6U6, STM32G411C8T3, STM32G411C8T6, STM32G411C8U3, STM32G411C8U6, STM32G411CBT3, STM32G411CBT6, STM32G411CBU3, STM32G411CBU6, STM32G411K6T3, STM32G411K6T6, STM32G411K6U3, STM32G411K6U6, STM32G411K8T3, STM32G411K8T6, STM32G411K8U3, STM32G411K8U6, STM32G411KBT3, STM32G411KBT6, STM32G411KBU3, STM32G411KBU6, STM32G411M6T3, STM32G411M6T6, STM32G411M8T3, STM32G411M8T6, STM32G411MBT3, STM32G411MBT6, STM32G411R6T3, STM32G411R6T6, STM32G411R8T3, STM32G411R8T6, STM32G411RBT3, STM32G411RBT6, STM32G414CBT3, STM32G414CBT6, STM32G414CBU3, STM32G414CBU6, STM32G414CCT3, STM32G414CCT6, STM32G414CCU3, STM32G414CCU6, STM32G414MBT3, STM32G414MBT6, STM32G414MCT3, STM32G414MCT6, STM32G414RBT3, STM32G414RBT6, STM32G414RCT3, STM32G414RCT6, STM32G414VBT3, STM32G414VBT6, STM32G414VCT3, STM32G414VCT6, STM32G431CBT3Z, STM32G431RBT3Z, STM32G471CCT6, STM32G471CCU6, STM32G471CET3, STM32G471CET6, STM32G471CEU3, STM32G471CEU6, STM32G471MCT6, STM32G471MET3, STM32G471MET6, STM32G471MEY6TR, STM32G471QCT6, STM32G471QET3, STM32G471RCT6, STM32G471RET3, STM32G471RET6, STM32G471VCH6, STM32G471VCI6, STM32G471VCT6, STM32G471VEH3, STM32G471VEH6, STM32G471VEI3, STM32G471VEI6, STM32G471VET3, STM32G471VET6, STM32G473QET3Z, STM32G473RET3Z, STM32G474CCT6, STM32G491RET3Z, STM32H503CBT6, STM32H503CBU6, STM32H503EBY6TR, STM32H503KBU6, STM32H503RBT6, STM32H523CCT6, STM32H523CCU6, STM32H523CET6, STM32H523CEU6, STM32H523HEY6TR, STM32H523RCT6, STM32H523RET6, STM32H523VCI6, STM32H523VCT6, STM32H523VEI6, STM32H523VET6, STM32H523ZCJ6, STM32H523ZCT6, STM32H523ZEJ6, STM32H523ZET6, STM32H533CET6, STM32H533CEU6, STM32H533HEY6TR, STM32H533RET6, STM32H533VEI6, STM32H533VET6, STM32H533ZEJ6, STM32H533ZET6, STM32H562AGI6, STM32H562AII6, STM32H562IGK6, STM32H562IGT6, STM32H562IIK6, STM32H562IIT6, STM32H562RGT6, STM32H562RGV6, STM32H562RIT6, STM32H562RIV6, STM32H562VGT6, STM32H562VIT6, STM32H562ZGT6, STM32H562ZIT6, STM32H563AGI6, STM32H563AII3Q, STM32H563AII6, STM32H563IGK6, STM32H563IGT6, STM32H563IIK3Q, STM32H563IIK6, STM32H563IIT3Q, STM32H563IIT6, STM32H563MIY3QTR, STM32H563RGT6, STM32H563RGV6, STM32H563RIT6, STM32H563RIV6, STM32H563VGT6, STM32H563VIT3Q, STM32H563VIT6, STM32H563ZGT6, STM32H563ZIT3Q, STM32H563ZIT6, STM32H573AII3Q, STM32H573AII6, STM32H573I-DK, STM32H573IIK3Q, STM32H573IIK6, STM32H573IIT3Q, STM32H573IIT6, STM32H573MIY3QTR, STM32H573RIT6, STM32H573RIV6, STM32H573VIT3Q, STM32H573VIT6, STM32H573ZIT3Q, STM32H573ZIT6, STM32H7R3A8I6, STM32H7R3I8K6, STM32H7R3I8T6, STM32H7R3L8H6, STM32H7R3L8H6H, STM32H7R3R8V6, STM32H7R3V8H6, STM32H7R3V8T6, STM32H7R3V8Y6TR, STM32H7R3Z8J6, STM32H7R3Z8T6, STM32H7R7A8I6, STM32H7R7I8K6, STM32H7R7I8T6, STM32H7R7L8H6, STM32H7R7L8H6H, STM32H7R7Z8J6, STM32H7S3A8I6, STM32H7S3I8K6, STM32H7S3I8T6, STM32H7S3L8H6, STM32H7S3L8H6H, STM32H7S3R8V6, STM32H7S3V8H6, STM32H7S3V8T6, STM32H7S3V8Y6TR, STM32H7S3Z8J6, STM32H7S3Z8T6, STM32H7S78-DK, STM32H7S7A8I6, STM32H7S7I8K6, STM32H7S7I8T6, STM32H7S7L8H6, STM32H7S7L8H6H, STM32H7S7Z8J6, STM32L4R5QGI6STR, STM32MP131AAE3, STM32MP131AAF3, STM32MP131AAG3, STM32MP131CAE3, STM32MP131CAF3, STM32MP131CAG3, STM32MP131DAE7, STM32MP131DAF7, STM32MP131DAG7, STM32MP131FAE7, STM32MP131FAF7, STM32MP131FAG7, STM32MP133AAE3, STM32MP133AAF3, STM32MP133AAG3, STM32MP133CAE3, STM32MP133CAF3, STM32MP133CAG3, STM32MP133DAE7, STM32MP133DAF7, STM32MP133DAG7, STM32MP133FAE7, STM32MP133FAF7, STM32MP133FAG7, STM32MP135AAE3, STM32MP135AAF3, STM32MP135AAG3, STM32MP135CAE3, STM32MP135CAF3, STM32MP135CAG3, STM32MP135DAE7, STM32MP135DAF7, STM32MP135DAG7, STM32MP135F-DK, STM32MP135FAE7, STM32MP135FAF7, STM32MP135FAF7T, STM32MP135FAF7U, STM32MP135FAG7, STM32MP211AAL3, STM32MP211AAM3, STM32MP211AAN3, STM32MP211AAO3, STM32MP211CAL3, STM32MP211CAM3, STM32MP211CAN3, STM32MP211CAO3, STM32MP211DAL3, STM32MP211DAM3, STM32MP211DAN3, STM32MP211DAO3, STM32MP211FAL3, STM32MP211FAM3, STM32MP211FAN3, STM32MP211FAO3, STM32MP213AAL3, STM32MP213AAM3, STM32MP213AAN3, STM32MP213AAO3, STM32MP213CAL3, STM32MP213CAM3, STM32MP213CAN3, STM32MP213CAO3, STM32MP213DAL3, STM32MP213DAM3, STM32MP213DAN3, STM32MP213DAO3, STM32MP213FAL3, STM32MP213FAM3, STM32MP213FAN3, STM32MP213FAO3, STM32MP215AAL3, STM32MP215AAM3, STM32MP215AAN3, STM32MP215AAO3, STM32MP215CAL3, STM32MP215CAM3, STM32MP215CAN3, STM32MP215CAO3, STM32MP215DAL3, STM32MP215DAM3, STM32MP215DAN3, STM32MP215DAO3, STM32MP215F-DK, STM32MP215FAL3, STM32MP215FAM3, STM32MP215FAN3, STM32MP215FAO3, STM32MP231AAJ3, STM32MP231AAK3, STM32MP231AAL3, STM32MP231CAJ3, STM32MP231CAK3, STM32MP231CAL3, STM32MP231DAJ3, STM32MP231DAK3, STM32MP231DAL3, STM32MP231FAJ3, STM32MP231FAK3, STM32MP231FAL3, STM32MP233AAJ3, STM32MP233AAK3, STM32MP233AAL3, STM32MP233CAJ3, STM32MP233CAK3, STM32MP233CAL3, STM32MP233DAJ3, STM32MP233DAK3, STM32MP233DAL3, STM32MP233FAJ3, STM32MP233FAK3, STM32MP233FAL3, STM32MP235AAJ3, STM32MP235AAK3, STM32MP235AAL3, STM32MP235CAJ3, STM32MP235CAK3, STM32MP235CAL3, STM32MP235DAJ3, STM32MP235DAK3, STM32MP235DAL3, STM32MP235FAJ3, STM32MP235FAK3, STM32MP235FAL3, STM32MP251AAI3, STM32MP251AAK3, STM32MP251AAL3, STM32MP251CAI3, STM32MP251CAK3, STM32MP251CAL3, STM32MP251DAI3, STM32MP251DAK3, STM32MP251DAL3, STM32MP251FAI3, STM32MP251FAK3, STM32MP251FAL3, STM32MP253AAI3, STM32MP253AAK3, STM32MP253AAL3, STM32MP253CAI3, STM32MP253CAK3, STM32MP253CAL3, STM32MP253DAI3, STM32MP253DAK3, STM32MP253DAL3, STM32MP253FAI3, STM32MP253FAK3, STM32MP253FAL3, STM32MP255AAI3, STM32MP255AAK3, STM32MP255AAL3, STM32MP255CAI3, STM32MP255CAK3, STM32MP255CAL3, STM32MP255DAI3, STM32MP255DAK3, STM32MP255DAL3, STM32MP255FAI3, STM32MP255FAK3, STM32MP255FAL3, STM32MP257AAI3, STM32MP257AAK3, STM32MP257AAL3, STM32MP257CAI3, STM32MP257CAK3, STM32MP257CAL3, STM32MP257DAI3, STM32MP257DAK3, STM32MP257DAL3, STM32MP257F-DK, STM32MP257F-EV1, STM32MP257FAI3, STM32MP257FAK3, STM32MP257FAL3, STM32N645A0H3Q, STM32N645B0H3Q, STM32N645I0H3Q, STM32N645L0H3Q, STM32N645X0H3Q, STM32N645Z0H3Q, STM32N647A0H3Q, STM32N647B0H3Q, STM32N647I0H3Q, STM32N647L0H3Q, STM32N647X0H3Q, STM32N647Z0H3Q, STM32N655A0H3Q, STM32N655B0H3Q, STM32N655I0H3Q, STM32N655L0H3Q, STM32N655X0H3Q, STM32N655Z0H3Q, STM32N6570-DK, STM32N657A0H3Q, STM32N657B0H3Q, STM32N657I0H3Q, STM32N657L0H3Q, STM32N657X0H3Q, STM32N657Z0H3Q, STM32U031C6T6, STM32U031C6U6, STM32U031C8T6, STM32U031C8U6, STM32U031F4P6, STM32U031F6P6, STM32U031F8P6, STM32U031G6Y6TR, STM32U031G8Y6TR, STM32U031K4U6, STM32U031K6U6, STM32U031K8U6, STM32U031R6I6, STM32U031R6T6, STM32U031R8I6, STM32U031R8T6, STM32U073C8T6, STM32U073C8U6, STM32U073CBT6, STM32U073CBU6, STM32U073CCT6, STM32U073CCU6, STM32U073H8Y6TR, STM32U073HBY6TR, STM32U073HCY6TR, STM32U073K8U6, STM32U073KBU6, STM32U073KCU6, STM32U073M8I6, STM32U073M8T6, STM32U073MBI6, STM32U073MBT6, STM32U073MCI6, STM32U073MCT6, STM32U073R8I6, STM32U073R8T6, STM32U073RBI6, STM32U073RBT6, STM32U073RCI6, STM32U073RCT6, STM32U083C-DK, STM32U083CCT6, STM32U083CCU6, STM32U083HCY6TR, STM32U083KCU6, STM32U083MCI6, STM32U083MCT6, STM32U083RCI6, STM32U083RCT6, STM32U375CET6, STM32U375CET6Q, STM32U375CEU6, STM32U375CEU6Q, STM32U375CEY6QTR, STM32U375CGT6, STM32U375CGT6Q, STM32U375CGU6, STM32U375CGU6Q, STM32U375CGY6QTR, STM32U375KEU6, STM32U375KGU6, STM32U375REI6, STM32U375REI6Q, STM32U375RET6, STM32U375RET6Q, STM32U375REY6GTR, STM32U375REY6QTR, STM32U375RGI6, STM32U375RGI6Q, STM32U375RGT6, STM32U375RGT6Q, STM32U375RGY6GTR, STM32U375RGY6QTR, STM32U375VEI6, STM32U375VEI6Q, STM32U375VET6, STM32U375VET6Q, STM32U375VGI6, STM32U375VGI6Q, STM32U375VGT6, STM32U375VGT6Q, STM32U385CGT6, STM32U385CGT6Q, STM32U385CGU6, STM32U385CGU6Q, STM32U385CGY6QTR, STM32U385KGU6, STM32U385RGI6, STM32U385RGI6Q, STM32U385RGT6, STM32U385RGT6Q, STM32U385RGY6GTR, STM32U385RGY6QTR, STM32U385VGI6, STM32U385VGI6Q, STM32U385VGT6, STM32U385VGT6Q, STM32U535CBT6, STM32U535CBT6Q, STM32U535CBU6, STM32U535CBU6Q, STM32U535CCT6, STM32U535CCT6Q, STM32U535CCU6, STM32U535CCU6Q, STM32U535CET6, STM32U535CET6Q, STM32U535CEU6, STM32U535CEU6Q, STM32U535JEY6QTR, STM32U535NCY6QTR, STM32U535NEY6QTR, STM32U535RBI6, STM32U535RBI6Q, STM32U535RBT6, STM32U535RBT6Q, STM32U535RCI6, STM32U535RCI6Q, STM32U535RCT6, STM32U535RCT6Q, STM32U535REI6, STM32U535REI6Q, STM32U535RET6, STM32U535RET6Q, STM32U535VCI6, STM32U535VCI6Q, STM32U535VCT6, STM32U535VCT6Q, STM32U535VEI6, STM32U535VEI6Q, STM32U535VET6, STM32U535VET6Q, STM32U545CET6, STM32U545CET6Q, STM32U545CEU6, STM32U545CEU6Q, STM32U545JEY6QTR, STM32U545NEY6QTR, STM32U545REI6, STM32U545REI6Q, STM32U545RET6, STM32U545RET6Q, STM32U545VEI6, STM32U545VEI6Q, STM32U545VET6, STM32U545VET6Q, STM32U595AIH6, STM32U595AIH6Q, STM32U595AJH6, STM32U595AJH6Q, STM32U595QII6, STM32U595QII6Q, STM32U595QJI6, STM32U595QJI6Q, STM32U595RIT6, STM32U595RIT6Q, STM32U595RJT6, STM32U595RJT6Q, STM32U595VIT6, STM32U595VIT6Q, STM32U595VJT6, STM32U595VJT6Q, STM32U595ZIT6, STM32U595ZIT6Q, STM32U595ZIY6QTR, STM32U595ZJT6, STM32U595ZJT6Q, STM32U595ZJY6QTR, STM32U599BJY6QTR, STM32U599NIH6Q, STM32U599NJH6Q, STM32U599VIT6Q, STM32U599VJT6, STM32U599VJT6Q, STM32U599ZIT6Q, STM32U599ZIY6QTR, STM32U599ZJT6Q, STM32U599ZJY6QTR, STM32U5A5AJH6, STM32U5A5AJH6Q, STM32U5A5QII3Q , STM32U5A5QJI6, STM32U5A5QJI6Q, STM32U5A5RJT6, STM32U5A5RJT6Q, STM32U5A5VJT6, STM32U5A5VJT6Q, STM32U5A5ZJT6, STM32U5A5ZJT6Q, STM32U5A5ZJY6QTR, STM32U5A9BJY6QTR, STM32U5A9J-DK, STM32U5A9NJH6Q, STM32U5A9VJT6Q, STM32U5A9ZJT6Q, STM32U5A9ZJY6QTR, STM32U5F7VIT6, STM32U5F7VIT6Q, STM32U5F7VJT6, STM32U5F7VJT6Q, STM32U5F9BJY6QTR, STM32U5F9NJH6Q, STM32U5F9VIT6Q, STM32U5F9VJT6Q, STM32U5F9ZIJ6QTR, STM32U5F9ZIT6Q, STM32U5F9ZJJ6QTR, STM32U5F9ZJT6Q, STM32U5G7VJT6, STM32U5G7VJT6Q, STM32U5G9BJY6QTR, STM32U5G9J-DK1, STM32U5G9J-DK2, STM32U5G9NJH6Q, STM32U5G9VJT6Q, STM32U5G9ZJJ6QTR, STM32U5G9ZJT6Q, STM32WB05KZV6TR, STM32WB05KZV7TR, STM32WB05TZF6TR, STM32WB05TZF7TR, STM32WB06CCF6TR, STM32WB06CCF7TR, STM32WB06CCV6TR, STM32WB06CCV7TR, STM32WB06KCV6TR, STM32WB06KCV7TR, STM32WB07CCF6TR, STM32WB07CCF7TR, STM32WB07CCV6TR, STM32WB07CCV7TR, STM32WB07KCV6TR, STM32WB07KCV7TR, STM32WB09KEV6TR, STM32WB09KEV7TR, STM32WB09TEF6TR, STM32WB09TEF7TR, STM32WB1MMCH6, STM32WBA50KGU6, STM32WBA50KGU6TR, STM32WBA52CEU6, STM32WBA52CEU6TR, STM32WBA52CEU7, STM32WBA52CEU7TR, STM32WBA52CGU6, STM32WBA52CGU6TR, STM32WBA52CGU6U, STM32WBA52CGU7, STM32WBA52CGU7TR, STM32WBA52KEU6, STM32WBA52KEU6TR, STM32WBA52KGU6, STM32WBA52KGU6TR, STM32WBA54CEU6, STM32WBA54CEU6TR, STM32WBA54CEU7, STM32WBA54CEU7TR, STM32WBA54CGU6, STM32WBA54CGU6TR, STM32WBA54CGU7, STM32WBA54CGU7TR, STM32WBA54KEU6, STM32WBA54KEU6TR, STM32WBA54KEU7, STM32WBA54KEU7TR, STM32WBA54KGU6, STM32WBA54KGU6TR, STM32WBA54KGU7, STM32WBA54KGU7TR, STM32WBA55CEU6, STM32WBA55CEU6TR, STM32WBA55CEU7, STM32WBA55CEU7TR, STM32WBA55CGU6, STM32WBA55CGU6TR, STM32WBA55CGU6U, STM32WBA55CGU7, STM32WBA55CGU7TR, STM32WBA55G-DK1, STM32WBA55HEF6, STM32WBA55HEF7, STM32WBA55HGF6, STM32WBA55HGF7, STM32WBA55UEI6, STM32WBA55UEI6TR, STM32WBA55UEI7, STM32WBA55UEI7TR, STM32WBA55UGI6, STM32WBA55UGI6TR, STM32WBA55UGI7, STM32WBA55UGI7TR, STM32WBA5MMGH6TR, STM32WBA62MGF6, STM32WBA62MIF6, STM32WBA65MGF7, STM32WBA65MIF6, STM32WBA65MIF7, STM32WL30K8V6, STM32WL30KBV6, STM32WL31C8V6, STM32WL31CBV6, STM32WL31K8V6, STM32WL31KBV6, STM32WL33C8V6, STM32WL33C8V6X, STM32WL33CBV6, STM32WL33CBV6X, STM32WL33CCV6, STM32WL33CCV6A, STM32WL33CCV6X, STM32WL33K8V7, STM32WL33K8V7X, STM32WL33KBV7 , STM32WL33KBV7X, STM32WL33KCV7, STM32WL33KCV7X, STM32WL5MOCH6, STM32WL5MOCH6TR]
2026-08-27 16:02:01,675 [INFO] BoardInfo:889 - No configuration file found for board NUCLEO-H553ZG
2026-08-27 16:02:01,677 [INFO] DbBoards:161 - Board is not supported: NUCLEO-H553ZG
2026-08-27 16:02:01,681 [INFO] BoardInfo:889 - No configuration file found for board NUCLEO-H5E5ZJ
2026-08-27 16:02:01,682 [INFO] DbBoards:161 - Board is not supported: NUCLEO-H5E5ZJ
2026-08-27 16:02:01,773 [INFO] BoardInfo:889 - No configuration file found for board NUCLEO-U3C5ZI-Q
2026-08-27 16:02:01,775 [INFO] DbBoards:161 - Board is not supported: NUCLEO-U3C5ZI-Q
2026-08-27 16:02:01,799 [INFO] BoardInfo:889 - No configuration file found for board NUCLEO-WBA25CE1
2026-08-27 16:02:01,800 [INFO] DbBoards:161 - Board is not supported: NUCLEO-WBA25CE1
2026-08-27 16:02:01,816 [INFO] BoardInfo:889 - No configuration file found for board NUCLEO-WL3RKB1
2026-08-27 16:02:01,817 [INFO] DbBoards:161 - Board is not supported: NUCLEO-WL3RKB1
2026-08-27 16:02:01,818 [INFO] BoardInfo:889 - No configuration file found for board NUCLEO-WL3RKB2
2026-08-27 16:02:01,820 [INFO] DbBoards:161 - Board is not supported: NUCLEO-WL3RKB2
2026-08-27 16:02:01,833 [INFO] BoardInfo:889 - No configuration file found for board P-NUCLEO-WB55
2026-08-27 16:02:01,835 [INFO] DbBoards:161 - Kit is not supported: P-NUCLEO-WB55
2026-08-27 16:02:01,845 [INFO] BoardInfo:889 - No configuration file found for board STEVAL-BFA001V1B
2026-08-27 16:02:01,847 [INFO] DbBoards:161 - Kit is not supported: STEVAL-BFA001V1B
2026-08-27 16:02:01,848 [INFO] BoardInfo:889 - No configuration file found for board STEVAL-BFA001V2B
2026-08-27 16:02:01,850 [INFO] DbBoards:161 - Kit is not supported: STEVAL-BFA001V2B
2026-08-27 16:02:02,055 [INFO] BoardInfo:889 - No configuration file found for board STM32H5F5J-DK
2026-08-27 16:02:02,057 [INFO] DbBoards:161 - Board is not supported: STM32H5F5J-DK
2026-08-27 16:02:02,194 [INFO] DbBoards:168 - Found 219 boards, 209 are supported
2026-08-27 16:02:02,194 [INFO] DbBoards:169 - Found 219 boards, 43 of them is supported for  Bsp
2026-08-27 16:02:02,197 [INFO] ApiDb:414 - User favorites file not found: C:\Users\student/.stm32cubeide/favorites.boards.txt
2026-08-27 16:02:02,197 [INFO] DbBoards:198 - Set 0 / 0 favorites Boards
2026-08-27 16:02:02,197 [INFO] McuFinderGlobals:76 - Set McuFinderConnectedMode to true
2026-08-27 16:02:02,227 [INFO] MultiScanPanel:200 - Auto-refresh data requested => check proxy status ongoing
2026-08-27 16:02:02,236 [INFO] FinderPluginLoader:96 - Searching for filters in installed packs
2026-08-27 16:02:04,573 [INFO] ServerAccessManage:452 - Complete download http(s) 200
2026-08-27 16:02:04,573 [INFO] ServerAccessManage:509 - Download File 
2026-08-27 16:02:04,892 [INFO] LoadUrlFilesThread:185 - End of LoadServerUrlFiles without Thread
2026-08-27 16:02:05,067 [INFO] DetailPanel:341 - Set advertising image to C:/Users/student/STM32Cube/Repository/\en.stm32h5cubemxbanner.png
2026-08-27 16:07:42,693 [INFO] MultiScanPanel:200 - Auto-refresh data requested => check proxy status ongoing
2026-08-27 16:07:42,826 [INFO] LoadUrlFilesThread:185 - End of LoadServerUrlFiles without Thread
2026-08-27 16:07:42,826 [INFO] DetailPanel:341 - Set advertising image to C:/Users/student/STM32Cube/Repository/\en.stm32h5cubemxbanner.png
2026-08-27 16:07:42,838 [INFO] DbBoards:642 - Loading board mini-images...
2026-08-27 16:07:43,557 [ERROR] DbBoards:659 - Image file not found for board NUCLEO-H553ZG: C:\Users\student\.stmcufinder\plugins\mcufinder//mcu//boards_images/NUCLEO-H553ZG.jpg
2026-08-27 16:07:46,873 [INFO] DbBoards:665 - Loaded 218 board mini-images
2026-08-27 16:09:16,743 [INFO] MainUpdater:2872 - connection check result : 10
2026-08-27 16:09:16,743 [INFO] MainUpdater:2872 - connection check result : 10
2026-08-27 16:09:16,809 [INFO] MicroXplorer:468 - Change Database Path : 
2026-08-27 16:09:16,809 [INFO] MicroXplorer:498 - Change Database Version : DB.6.0.150
2026-08-27 16:09:16,825 [WARN] ThirdParty:871 - waiting for thirdparty lock release [close project]
2026-08-27 16:09:16,826 [INFO] ThirdParty:873 - entering critical section [close project]
2026-08-27 16:09:16,826 [INFO] ThirdParty:883 - exiting critical section [close project]
2026-08-27 16:09:16,830 [INFO] PinOutPanel:1589 - setPackage(No Configuration,No Configuration)
2026-08-27 16:09:16,831 [INFO] UtilMem:75 - Begin LoadConfig() Used Memory: 982943712 Bytes (1073741824)
2026-08-27 16:09:16,873 [INFO] OpenFileManager:355 - Change cursor
2026-08-27 16:09:16,913 [WARN] IntegrityCheckThread:84 - waiting for thirdparty lock release [integrity check]
2026-08-27 16:09:16,914 [INFO] IntegrityCheckThread:86 - entering critical section [integrity check]
2026-08-27 16:09:17,429 [WARN] PackLoader:240 - Cannot read IP mode file for STMicroelectronics.X-CUBE-AZRTOS-H7.3.5.0
2026-08-27 16:09:17,474 [WARN] PackLoader:240 - Cannot read IP mode file for STMicroelectronics.FP-ATR-ASTRA1.2.0.3
2026-08-27 16:09:17,489 [ERROR] Engine:466 - C:\Users\student\.stm32cubemx\thirdparties\pdsc\STMicroelectronics.X-CUBE-SMBUS.2.1.1.pdsc: PDSC version is not supported
2026-08-27 16:09:17,523 [WARN] PackLoader:240 - Cannot read IP mode file for STMicroelectronics.X-CUBE-AZRTOS-F7.1.1.0
2026-08-27 16:09:17,544 [WARN] PackLoader:240 - Cannot read IP mode file for STMicroelectronics.X-CUBE-FREERTOS.1.6.0
2026-08-27 16:09:17,559 [WARN] PackLoader:240 - Cannot read IP mode file for STMicroelectronics.FP-SNS-MOTENV1.5.1.0
2026-08-27 16:09:17,591 [WARN] PackLoader:240 - Cannot read IP mode file for STMicroelectronics.X-CUBE-AZRTOS-H7RS.1.3.0
2026-08-27 16:09:17,605 [WARN] PackLoader:240 - Cannot read IP mode file for WES.I-CUBE-Cesium.1.4.0
2026-08-27 16:09:17,621 [WARN] PackLoader:240 - Cannot read IP mode file for STMicroelectronics.X-CUBE-DISPLAY.3.0.0
2026-08-27 16:09:17,638 [WARN] PackLoader:240 - Cannot read IP mode file for STMicroelectronics.X-CUBE-GNSS1.7.1.1
2026-08-27 16:09:17,652 [WARN] PackLoader:240 - Cannot read IP mode file for STMicroelectronics.FP-SNS-MOTENVWB1.1.5.0
2026-08-27 16:09:17,672 [WARN] PackLoader:240 - Cannot read IP mode file for STMicroelectronics.X-CUBE-NFC10.1.0.0
2026-08-27 16:09:17,677 [WARN] PackLoader:240 - Cannot read IP mode file for STMicroelectronics.X-CUBE-ST60.1.1.0
2026-08-27 16:09:17,692 [WARN] PackLoader:240 - Cannot read IP mode file for emotas.I-CUBE-CANOPEN.1.3.0
2026-08-27 16:09:17,709 [WARN] PackLoader:240 - Cannot read IP mode file for wolfSSL.I-CUBE-wolfSSL.5.9.2
2026-08-27 16:09:17,722 [ERROR] Engine:466 - C:\Users\student\.stm32cubemx\thirdparties\pdsc\STMicroelectronics.X-CUBE-WBA.1.1.0.pdsc: PDSC version is not supported
2026-08-27 16:09:17,757 [WARN] PackLoader:240 - Cannot read IP mode file for STMicroelectronics.FP-SNS-STBOX1.2.1.0
2026-08-27 16:09:17,813 [WARN] PackLoader:240 - Cannot read IP mode file for STMicroelectronics.FP-SNS-SMARTAG2.1.2.0
2026-08-27 16:09:17,864 [WARN] PackLoader:240 - Cannot read IP mode file for STMicroelectronics.FP-SNS-FLIGHT1.5.1.0
2026-08-27 16:09:17,894 [INFO] LogOutputStream:77 - [STDOUT_REDIRECT] 1 : Invalid condition id : UX_CORESTACK_Condition cause : null
2026-08-27 16:09:17,896 [INFO] LogOutputStream:77 - [STDOUT_REDIRECT] 1 : Invalid condition id : UX_CORESTACK_Condition cause : null
2026-08-27 16:09:17,897 [INFO] LogOutputStream:77 - [STDOUT_REDIRECT] 1 : Invalid condition id : UX_CORESTACK_Condition cause : null
2026-08-27 16:09:17,898 [INFO] LogOutputStream:77 - [STDOUT_REDIRECT] 1 : Invalid condition id : UX_CORESTACK_Condition cause : null
2026-08-27 16:09:17,900 [INFO] LogOutputStream:77 - [STDOUT_REDIRECT] 1 : Invalid condition id : UX_CORESTACK_Condition cause : null
2026-08-27 16:09:17,902 [WARN] PackLoader:240 - Cannot read IP mode file for STMicroelectronics.X-CUBE-AZRTOS-WL.2.0.0
2026-08-27 16:09:17,924 [WARN] PackLoader:240 - Cannot read IP mode file for STMicroelectronics.X-CUBE-BLE2.3.3.0
2026-08-27 16:09:17,973 [WARN] PackLoader:240 - Cannot read IP mode file for Infineon.AIROC-Wi-Fi-Bluetooth-STM32.1.8.0
2026-08-27 16:09:18,005 [WARN] PackLoader:240 - Cannot read IP mode file for STMicroelectronics.X-CUBE-NFC9.1.0.0
2026-08-27 16:09:18,031 [WARN] PackLoader:240 - Cannot read IP mode file for STMicroelectronics.X-CUBE-BLE1.7.1.0
2026-08-27 16:09:18,054 [WARN] PackLoader:240 - Cannot read IP mode file for wolfSSL.I-CUBE-wolfMQTT.1.19.2
2026-08-27 16:09:18,116 [WARN] PackLoader:240 - Cannot read IP mode file for STMicroelectronics.X-CUBE-EEPRMA1.5.2.0
2026-08-27 16:09:18,140 [WARN] PackLoader:240 - Cannot read IP mode file for STMicroelectronics.FP-SNS-STAIOTCFT.1.1.0
2026-08-27 16:09:18,172 [WARN] PackLoader:240 - Cannot read IP mode file for STMicroelectronics.X-CUBE-AZRTOS-G0.1.1.0
2026-08-27 16:09:18,202 [WARN] PackLoader:240 - Cannot read IP mode file for STMicroelectronics.X-CUBE-NFC4.3.0.0
2026-08-27 16:09:18,241 [WARN] PackLoader:240 - Cannot read IP mode file for EmbeddedOffice.I-CUBE-FS-RTOS.1.0.1
2026-08-27 16:09:18,245 [WARN] PackLoader:240 - Cannot read IP mode file for wolfSSL.I-CUBE-wolfTPM.3.8.0
2026-08-27 16:09:18,266 [WARN] PackLoader:240 - Cannot read IP mode file for STMicroelectronics.X-CUBE-TCPP.4.2.0
2026-08-27 16:09:18,285 [WARN] PackLoader:240 - Cannot read IP mode file for RealThread.X-CUBE-RT-Thread_Nano.4.1.1
2026-08-27 16:09:18,297 [WARN] PackLoader:240 - Cannot read IP mode file for STMicroelectronics.FP-ATR-SIGFOX1.3.2.0
2026-08-27 16:09:18,319 [WARN] PackLoader:240 - Cannot read IP mode file for ITTIA_DB.I-CUBE-ITTIADB.8.9.0
2026-08-27 16:09:18,329 [WARN] PackLoader:240 - Cannot read IP mode file for Cesanta.I-CUBE-Mongoose.7.21.7
2026-08-27 16:09:18,341 [WARN] PackLoader:240 - Cannot read IP mode file for STMicroelectronics.X-CUBE-NFC6.3.2.0
2026-08-27 16:09:18,357 [WARN] PackLoader:240 - Cannot read IP mode file for STMicroelectronics.X-CUBE-AI.10.2.1
2026-08-27 16:09:18,721 [WARN] PackLoader:240 - Cannot read IP mode file for SEGGER.I-CUBE-embOS.1.3.1
2026-08-27 16:09:18,758 [WARN] PackLoader:240 - Cannot read IP mode file for STMicroelectronics.X-CUBE-NFC13.1.0.0
2026-08-27 16:09:18,781 [WARN] PackLoader:240 - Cannot read IP mode file for STMicroelectronics.X-CUBE-PM33A1.1.0.0
2026-08-27 16:09:18,819 [WARN] PackLoader:240 - Cannot read IP mode file for STMicroelectronics.X-CUBE-AZRTOS-F4.1.1.0
2026-08-27 16:09:18,843 [WARN] PackLoader:240 - Cannot read IP mode file for STMicroelectronics.X-CUBE-ISPU.2.1.0
2026-08-27 16:09:18,853 [WARN] PackLoader:240 - Cannot read IP mode file for STMicroelectronics.X-CUBE-IPS.3.2.0
2026-08-27 16:09:18,868 [WARN] PackLoader:240 - Cannot read IP mode file for STMicroelectronics.eDS-WB_DPC_TT-BIDIR.2.1.1
2026-08-27 16:09:18,887 [WARN] PackLoader:240 - Cannot read IP mode file for STMicroelectronics.X-CUBE-NFC12.1.0.0
2026-08-27 16:09:18,910 [WARN] PackLoader:240 - Cannot read IP mode file for STMicroelectronics.X-CUBE-AZRTOS-L5.2.0.0
2026-08-27 16:09:18,926 [WARN] PackLoader:240 - Cannot read IP mode file for STMicroelectronics.X-CUBE-ALGOBUILD.1.5.0
2026-08-27 16:09:18,956 [WARN] PackLoader:240 - Cannot read IP mode file for STMicroelectronics.eDS-WB_DPC_VIENNA.1.2.0
2026-08-27 16:09:19,003 [WARN] PackLoader:240 - Cannot read IP mode file for STMicroelectronics.X-CUBE-MEMS1.13.0.0
2026-08-27 16:09:19,073 [WARN] PackLoader:240 - Cannot read IP mode file for STMicroelectronics.eDS-WB_DPC_3PH2L-BIDIR.1.1.1
2026-08-27 16:09:19,090 [ERROR] Engine:466 - C:\Users\student\.stm32cubemx\thirdparties\pdsc\STMicroelectronics.X-CUBE-ST67W61.1.3.0.pdsc: PDSC version is not supported
2026-08-27 16:09:19,106 [WARN] PackLoader:240 - Cannot read IP mode file for STMicroelectronics.X-CUBE-TOUCHGFX.4.26.1
2026-08-27 16:09:19,124 [WARN] PackLoader:240 - Cannot read IP mode file for STMicroelectronics.X-CUBE-DPower.1.3.0
2026-08-27 16:09:19,147 [WARN] ConditionMgr:438 - getConditionDescription Invalid condition id : LAN8742 Phy interface Condition cause : null
2026-08-27 16:09:19,147 [WARN] PackLoader:240 - Cannot read IP mode file for STMicroelectronics.X-CUBE-AZRTOS-L4.2.0.0
2026-08-27 16:09:19,149 [WARN] ConditionMgr:1044 - genDependencies : Invalid condition id : LAN8742 Phy interface Condition cause : null
2026-08-27 16:09:19,149 [WARN] ConditionMgr:1044 - genDependencies : Invalid condition id : LAN8742 Phy interface Condition cause : null
2026-08-27 16:09:19,150 [WARN] ConditionMgr:1044 - genDependencies : Invalid condition id : LAN8742 Phy interface Condition cause : null
2026-08-27 16:09:19,165 [WARN] PackLoader:240 - Cannot read IP mode file for STMicroelectronics.X-CUBE-SFXS2LP1.4.0.0
2026-08-27 16:09:19,201 [WARN] PackLoader:240 - Cannot read IP mode file for STMicroelectronics.X-CUBE-WB05N.2.1.0
2026-08-27 16:09:19,222 [WARN] ConditionMgr:438 - getConditionDescription Invalid condition id : UX DEVICE CLASS RTOS Condition cause : null
2026-08-27 16:09:19,222 [WARN] ConditionMgr:438 - getConditionDescription Invalid condition id : UX DEVICE CLASS RTOS Condition cause : null
2026-08-27 16:09:19,224 [WARN] PackLoader:240 - Cannot read IP mode file for STMicroelectronics.X-CUBE-AZRTOS-WB.2.0.0
2026-08-27 16:09:19,224 [WARN] ConditionMgr:1044 - genDependencies : Invalid condition id : UX DEVICE CLASS RTOS Condition cause : null
2026-08-27 16:09:19,224 [WARN] ConditionMgr:1044 - genDependencies : Invalid condition id : UX DEVICE CLASS RTOS Condition cause : null
2026-08-27 16:09:19,225 [WARN] ConditionMgr:1044 - genDependencies : Invalid condition id : UX DEVICE CLASS RTOS Condition cause : null
2026-08-27 16:09:19,225 [WARN] ConditionMgr:1044 - genDependencies : Invalid condition id : UX DEVICE CLASS RTOS Condition cause : null
2026-08-27 16:09:19,225 [WARN] ConditionMgr:1044 - genDependencies : Invalid condition id : UX DEVICE CLASS RTOS Condition cause : null
2026-08-27 16:09:19,235 [WARN] ConditionMgr:438 - getConditionDescription Invalid condition id : Cortex-A Device cause : null
2026-08-27 16:09:19,248 [WARN] ConditionMgr:1044 - genDependencies : Invalid condition id : Cortex-A Device cause : null
2026-08-27 16:09:19,248 [WARN] ConditionMgr:1044 - genDependencies : Invalid condition id : Cortex-A Device cause : null
2026-08-27 16:09:19,248 [WARN] ConditionMgr:1044 - genDependencies : Invalid condition id : Cortex-A Device cause : null
2026-08-27 16:09:19,278 [WARN] PackLoader:240 - Cannot read IP mode file for STMicroelectronics.X-CUBE-STSE01.2.0.0
2026-08-27 16:09:19,299 [WARN] PackLoader:240 - Cannot read IP mode file for STMicroelectronics.X-CUBE-SUBG2.5.0.0
2026-08-27 16:09:19,326 [WARN] PackLoader:240 - Cannot read IP mode file for STMicroelectronics.X-CUBE-AZRTOS-G4.2.0.0
2026-08-27 16:09:19,336 [WARN] PackLoader:240 - Cannot read IP mode file for wolfSSL.I-CUBE-wolfSSH.1.4.20
2026-08-27 16:09:19,341 [WARN] PackLoader:240 - Cannot read IP mode file for STMicroelectronics.X-CUBE-NFC7.2.0.0
2026-08-27 16:09:19,372 [ERROR] Engine:466 - C:\Users\student\.stm32cubemx\thirdparties\pdsc\STMicroelectronics.X-CUBE-BLEMGR.4.2.0.pdsc: PDSC version is not supported
2026-08-27 16:09:19,375 [WARN] PackLoader:240 - Cannot read IP mode file for STMicroelectronics.X-CUBE-ALS.1.0.2
2026-08-27 16:09:19,400 [WARN] PackLoader:240 - Cannot read IP mode file for STMicroelectronics.X-CUBE-TOF1.3.4.3
2026-08-27 16:09:19,409 [INFO] ThirdParty:978 - Integrity check success = true
2026-08-27 16:09:19,409 [INFO] IntegrityCheckThread:100 - exiting critical section [integrity check]
2026-08-27 16:09:19,409 [INFO] IntegrityCheckThread:103 - End integrity checks thread
2026-08-27 16:09:19,540 [INFO] ProjectFactory:514 - No CPN specified for board B-L4S5I-IOT01A => set CPN to STM32L4S5VIT6
2026-08-27 16:09:19,542 [INFO] Mcu:2029 - Initializing MCU STM32L4S5VITx STM32L4S5VITx STM32L4S5VIT6
2026-08-27 16:09:24,226 [INFO] Context:786 - Trying to add GPIOservice into a context  which must be forbidden
2026-08-27 16:09:24,947 [INFO] Rule:233 - rule 117617 - U5Cobra4M][GTZC] default value MPCBB3 and MPCBB5 - Not Secured memory - MPCBB1 is applicable
2026-08-27 16:09:24,947 [INFO] Rule:233 - rule 117617 - U5Cobra4M][GTZC] default value MPCBB3 and MPCBB5 - Not Secured memory - MPCBB1 is applicable
2026-08-27 16:09:24,947 [INFO] Rule:233 - rule 117617 - U5Cobra4M][GTZC] default value MPCBB3 and MPCBB5 - Not Secured memory - MPCBB2 is applicable
2026-08-27 16:09:24,947 [INFO] Rule:233 - rule 117617 - U5Cobra4M][GTZC] default value MPCBB3 and MPCBB5 - Not Secured memory - MPCBB2 is applicable
2026-08-27 16:09:24,947 [INFO] Rule:233 - rule 117617 - U5Cobra4M][GTZC] default value MPCBB3 and MPCBB5 - Not Secured memory - MPCBB3 is applicable
2026-08-27 16:09:24,947 [INFO] Rule:233 - rule 117617 - U5Cobra4M][GTZC] default value MPCBB3 and MPCBB5 - Not Secured memory - MPCBB3 is applicable
2026-08-27 16:09:24,947 [INFO] Rule:233 - rule 117617 - U5Cobra4M][GTZC] default value MPCBB3 and MPCBB5 - Not Secured memory - MPCBB4 is applicable
2026-08-27 16:09:24,947 [INFO] Rule:233 - rule 117617 - U5Cobra4M][GTZC] default value MPCBB3 and MPCBB5 - Not Secured memory - MPCBB4 is applicable
2026-08-27 16:09:24,947 [INFO] Rule:233 - rule 117617 - U5Cobra4M][GTZC] default value MPCBB3 and MPCBB5 - Secured memory - MPCBB1 is applicable
2026-08-27 16:09:24,947 [INFO] Rule:233 - rule 117617 - U5Cobra4M][GTZC] default value MPCBB3 and MPCBB5 - Secured memory - MPCBB2 is applicable
2026-08-27 16:09:24,947 [INFO] Rule:233 - rule 117617 - U5Cobra4M][GTZC] default value MPCBB3 and MPCBB5 - Secured memory - MPCBB3 is applicable
2026-08-27 16:09:24,947 [INFO] Rule:233 - rule 117617 - U5Cobra4M][GTZC] default value MPCBB3 and MPCBB5 - Secured memory - MPCBB4 is applicable
2026-08-27 16:09:24,947 [INFO] Rule:233 - rule 117617 - U5Cobra4M][GTZC] default value MPCBB3 and MPCBB5 - Privileged memory - MPCBB1 is applicable
2026-08-27 16:09:24,947 [INFO] Rule:233 - rule 117617 - U5Cobra4M][GTZC] default value MPCBB3 and MPCBB5 - Privileged memory - MPCBB2 is applicable
2026-08-27 16:09:24,948 [INFO] Rule:233 - rule 117617 - U5Cobra4M][GTZC] default value MPCBB3 and MPCBB5 - Privileged memory - MPCBB3 is applicable
2026-08-27 16:09:24,948 [INFO] Rule:233 - rule 117617 - U5Cobra4M][GTZC] default value MPCBB3 and MPCBB5 - Privileged memory - MPCBB4 is applicable
2026-08-27 16:09:24,948 [INFO] Rule:233 - rule 117617 - U5Cobra4M][GTZC] default value MPCBB3 and MPCBB5 - Not Privileged memory - MPCBB1 is applicable
2026-08-27 16:09:24,948 [INFO] Rule:233 - rule 117617 - U5Cobra4M][GTZC] default value MPCBB3 and MPCBB5 - Not Privileged memory - MPCBB2 is applicable
2026-08-27 16:09:24,948 [INFO] Rule:233 - rule 117617 - U5Cobra4M][GTZC] default value MPCBB3 and MPCBB5 - Not Privileged memory - MPCBB3 is applicable
2026-08-27 16:09:24,948 [INFO] Rule:233 - rule 117617 - U5Cobra4M][GTZC] default value MPCBB3 and MPCBB5 - Not Privileged memory - MPCBB4 is applicable
2026-08-27 16:09:24,948 [INFO] Rule:233 - rule 117617 - U5Cobra4M][GTZC] default value MPCBB3 and MPCBB5 - Privileged memory - MPCBB1 is applicable
2026-08-27 16:09:24,948 [INFO] Rule:233 - rule 117617 - U5Cobra4M][GTZC] default value MPCBB3 and MPCBB5 - Privileged memory - MPCBB2 is applicable
2026-08-27 16:09:24,948 [INFO] Rule:233 - rule 117617 - U5Cobra4M][GTZC] default value MPCBB3 and MPCBB5 - Privileged memory - MPCBB3 is applicable
2026-08-27 16:09:24,948 [INFO] Rule:233 - rule 117617 - U5Cobra4M][GTZC] default value MPCBB3 and MPCBB5 - Privileged memory - MPCBB4 is applicable
2026-08-27 16:09:24,948 [INFO] Rule:233 - rule 117617 - U5Cobra4M][GTZC] default value MPCBB3 and MPCBB5 - Privileged memory - MPCBB1 is applicable
2026-08-27 16:09:24,948 [INFO] Rule:233 - rule 117617 - U5Cobra4M][GTZC] default value MPCBB3 and MPCBB5 - Privileged memory - MPCBB2 is applicable
2026-08-27 16:09:24,948 [INFO] Rule:233 - rule 117617 - U5Cobra4M][GTZC] default value MPCBB3 and MPCBB5 - Privileged memory - MPCBB3 is applicable
2026-08-27 16:09:24,948 [INFO] Rule:233 - rule 117617 - U5Cobra4M][GTZC] default value MPCBB3 and MPCBB5 - Privileged memory - MPCBB4 is applicable
2026-08-27 16:09:24,948 [INFO] Rule:233 - rule 117617 - U5Cobra4M][GTZC] default value MPCBB3 and MPCBB5 - Not Privileged memory - MPCBB1 is applicable
2026-08-27 16:09:24,948 [INFO] Rule:233 - rule 117617 - U5Cobra4M][GTZC] default value MPCBB3 and MPCBB5 - Not Privileged memory - MPCBB2 is applicable
2026-08-27 16:09:24,948 [INFO] Rule:233 - rule 117617 - U5Cobra4M][GTZC] default value MPCBB3 and MPCBB5 - Not Privileged memory - MPCBB3 is applicable
2026-08-27 16:09:24,948 [INFO] Rule:233 - rule 117617 - U5Cobra4M][GTZC] default value MPCBB3 and MPCBB5 - Not Privileged memory - MPCBB4 is applicable
2026-08-27 16:09:24,948 [INFO] Rule:233 - rule 117617 - U5Cobra4M][GTZC] default value MPCBB3 and MPCBB5 - Privileged memory - MPCBB1 is applicable
2026-08-27 16:09:24,948 [INFO] Rule:233 - rule 117617 - U5Cobra4M][GTZC] default value MPCBB3 and MPCBB5 - Privileged memory - MPCBB2 is applicable
2026-08-27 16:09:24,948 [INFO] Rule:233 - rule 117617 - U5Cobra4M][GTZC] default value MPCBB3 and MPCBB5 - Privileged memory - MPCBB3 is applicable
2026-08-27 16:09:24,948 [INFO] Rule:233 - rule 117617 - U5Cobra4M][GTZC] default value MPCBB3 and MPCBB5 - Privileged memory - MPCBB4 is applicable
2026-08-27 16:09:24,948 [INFO] Rule:233 - rule WakeUp0 Mode is applicable
2026-08-27 16:09:24,948 [INFO] Rule:233 - rule WakeUp0 SIGNAL is applicable
2026-08-27 16:09:24,949 [INFO] Rule:233 - rule WakeUp1 Mode is applicable
2026-08-27 16:09:24,949 [INFO] Rule:233 - rule WakeUp1 SIGNAL is applicable
2026-08-27 16:09:24,949 [INFO] Rule:233 - rule WakeUp2 Mode is applicable
2026-08-27 16:09:24,949 [INFO] Rule:233 - rule WakeUp2 SIGNAL is applicable
2026-08-27 16:09:24,949 [INFO] Rule:233 - rule WakeUp4 Mode is applicable
2026-08-27 16:09:24,949 [INFO] Rule:233 - rule WakeUp4 SIGNAL is applicable
2026-08-27 16:09:24,949 [INFO] Rule:233 - rule WakeUp5 Mode is applicable
2026-08-27 16:09:24,949 [INFO] Rule:233 - rule WakeUp5 SIGNAL is applicable
2026-08-27 16:09:24,949 [INFO] Rule:233 - rule Change Default Value for LSE Drive Capability for WB family is applicable
2026-08-27 16:09:24,949 [INFO] Rule:233 - rule change FDCAN default value is applicable
2026-08-27 16:09:24,950 [INFO] Rule:233 - rule Adapt Old IOC before rework replace old CORTEX_M33/CORTEX_M55 attributes by the new one. is applicable
2026-08-27 16:09:24,950 [INFO] Rule:233 - rule Rename parametre of RCC RCC_APBDBG_DIV2 to RCC_TIMPRES_DIV2 is applicable
2026-08-27 16:09:24,950 [INFO] Rule:233 - rule Rename DIE493 pin PA10 [PA12] -> PA10 is applicable
2026-08-27 16:09:24,950 [INFO] Rule:233 - rule Rename DIE493 pin PA9 [PA11] -> PA9 is applicable
2026-08-27 16:09:24,950 [INFO] Rule:233 - rule Rename DIE492 PartNumber CPN STM32WBA5MJGHx -> STM32WBA5MMGHx is applicable
2026-08-27 16:09:24,950 [INFO] Rule:233 - rule Rename DIE492 PartNumber  Name STM32WBA5MJGHx -> STM32WBA5MMGHx is applicable
2026-08-27 16:09:24,950 [INFO] Rule:233 - rule Rename DIE492 PartNumber UserName STM32WBA5MJGHx -> STM32WBA5MMGHx is applicable
2026-08-27 16:09:24,950 [INFO] Rule:233 - rule Rename DIE492 PartNumber DeviceId STM32WBA5MJGHx -> STM32WBA5MMGHx is applicable
2026-08-27 16:09:24,950 [INFO] Rule:233 - rule Adapt Old IOC CSI. is applicable
2026-08-27 16:09:24,950 [INFO] Rule:233 - rule Adapt Old IOC DCMIPP. is applicable
2026-08-27 16:09:24,950 [INFO] Rule:233 - rule Adapt Old IOC DCMIPP Mode Parallel. is applicable
2026-08-27 16:09:24,950 [INFO] Rule:233 - rule Adapt Old IOC LTDC. is applicable
2026-08-27 16:09:24,950 [INFO] Rule:233 - rule Rename STM32MP2 RIF Peripheral LTDC RIF.RISUP.LTDC_L0L1.Privilege -> RIF.RISUP.LTDC_L1L2.Privilege is applicable
2026-08-27 16:09:24,950 [INFO] Rule:233 - rule Rename STM32MP2 RIF Peripheral LTDC RIF.RISUP.LTDC_L0L1.Privilege -> RIF.RISUP.LTDC_L1L2.Privilege is applicable
2026-08-27 16:09:24,950 [INFO] Rule:233 - rule Rename STM32MP2 RIF Peripheral LTDC RIF.RISUP.LTDC_L0L1.Lock -> RIF.RISUP.LTDC_L1L2.Lock is applicable
2026-08-27 16:09:24,950 [INFO] Rule:233 - rule Rename STM32MP2 RIF Peripheral LTDC RIF.RISUP.LTDC_L2.Lock -> RIF.RISUP.LTDC_L3.Lock is applicable
2026-08-27 16:09:24,950 [INFO] Rule:233 - rule Adapt the old IOC example for updating the SYS when it is misconfigured. is applicable
2026-08-27 16:09:24,950 [INFO] Rule:233 - rule Rename STM32C09 Mcu.Package LQFP64 -> LQFP48 is applicable
2026-08-27 16:09:24,950 [INFO] Rule:233 - rule Adapt the old IOC example for updating the SYS when it is misconfigured. is applicable
2026-08-27 16:09:24,950 [INFO] Rule:233 - rule Adapt the old IOC example for updating the SYS when it is misconfigured. is applicable
2026-08-27 16:09:24,958 [INFO] DbConfProperties:307 - Apply Compatibility (5/68 Rules)
2026-08-27 16:09:24,996 [INFO] ImportTextPane:234 - (OptionalMessage_ERROR) Pin84 (VP_RIF_VS_RIF1) cannot be retrieved for this MCU
2026-08-27 16:09:25,125 [INFO] RtosManager:558 - Registered RTOS mode: class=CMSIS, group=RTOS, mode=CMSIS_V1, owner=FREERTOS
2026-08-27 16:09:25,125 [INFO] RtosManager:558 - Registered RTOS mode: class=CMSIS, group=RTOS2, mode=CMSIS_V2, owner=FREERTOS
2026-08-27 16:09:25,125 [INFO] RtosManager:558 - Registered RTOS mode: class=RTOS, group=Core, mode=CMSIS_V1, owner=FREERTOS
2026-08-27 16:09:25,126 [INFO] RtosManager:558 - Registered RTOS mode: class=RTOS, group=Core, mode=CMSIS_V2, owner=FREERTOS
2026-08-27 16:09:25,126 [WARN] ModelIntegratedComponent:184 - Missing modes for component STMicroelectronics:FreeRTOS:0.0.1:STMicroelectronics:RTOS:FreeRTOS:Core:::10.2.0:
2026-08-27 16:09:25,233 [WARN] ModelIntegratedComponent:63 - No mode defined for component null
2026-08-27 16:09:25,233 [WARN] ModelIntegratedComponent:63 - No mode defined for component null
2026-08-27 16:09:25,233 [WARN] ModelIntegratedComponent:63 - No mode defined for component null
2026-08-27 16:09:25,233 [WARN] ModelIntegratedComponent:63 - No mode defined for component null
2026-08-27 16:09:25,233 [WARN] ModelIntegratedComponent:63 - No mode defined for component null
2026-08-27 16:09:25,233 [WARN] ModelIntegratedComponent:63 - No mode defined for component null
2026-08-27 16:09:25,233 [WARN] ModelIntegratedComponent:63 - No mode defined for component null
2026-08-27 16:09:25,233 [WARN] ModelIntegratedComponent:63 - No mode defined for component null
2026-08-27 16:09:25,233 [WARN] ModelIntegratedComponent:63 - No mode defined for component null
2026-08-27 16:09:25,233 [WARN] ModelIntegratedComponent:63 - No mode defined for component null
2026-08-27 16:09:25,233 [WARN] ModelIntegratedComponent:63 - No mode defined for component null
2026-08-27 16:09:25,233 [WARN] ModelIntegratedComponent:63 - No mode defined for component null
2026-08-27 16:09:25,233 [WARN] ModelIntegratedComponent:63 - No mode defined for component null
2026-08-27 16:09:25,233 [WARN] ModelIntegratedComponent:63 - No mode defined for component null
2026-08-27 16:09:25,233 [WARN] ModelIntegratedComponent:63 - No mode defined for component null
2026-08-27 16:09:25,233 [WARN] ModelIntegratedComponent:63 - No mode defined for component null
2026-08-27 16:09:25,233 [WARN] ModelIntegratedComponent:63 - No mode defined for component null
2026-08-27 16:09:25,233 [WARN] ModelIntegratedComponent:63 - No mode defined for component null
2026-08-27 16:09:25,233 [WARN] ModelIntegratedComponent:63 - No mode defined for component null
2026-08-27 16:09:25,233 [WARN] ModelIntegratedComponent:63 - No mode defined for component null
2026-08-27 16:09:25,233 [WARN] ModelIntegratedComponent:63 - No mode defined for component null
2026-08-27 16:09:25,233 [WARN] ModelIntegratedComponent:63 - No mode defined for component null
2026-08-27 16:09:25,233 [WARN] ModelIntegratedComponent:63 - No mode defined for component null
2026-08-27 16:09:25,234 [WARN] ModelIntegratedComponent:63 - No mode defined for component null
2026-08-27 16:09:25,234 [WARN] ModelIntegratedComponent:63 - No mode defined for component null
2026-08-27 16:09:25,234 [WARN] ModelIntegratedComponent:63 - No mode defined for component null
2026-08-27 16:09:25,234 [WARN] ModelIntegratedComponent:63 - No mode defined for component null
2026-08-27 16:09:25,234 [WARN] ModelIntegratedComponent:63 - No mode defined for component null
2026-08-27 16:09:25,234 [WARN] ModelIntegratedComponent:63 - No mode defined for component null
2026-08-27 16:09:25,234 [WARN] ModelIntegratedComponent:63 - No mode defined for component null
2026-08-27 16:09:25,234 [WARN] ModelIntegratedComponent:63 - No mode defined for component null
2026-08-27 16:09:25,234 [WARN] ModelIntegratedComponent:63 - No mode defined for component null
2026-08-27 16:09:25,234 [WARN] ModelIntegratedComponent:63 - No mode defined for component null
2026-08-27 16:09:25,234 [WARN] ModelIntegratedComponent:63 - No mode defined for component null
2026-08-27 16:09:25,235 [WARN] ModelIntegratedComponent:63 - No mode defined for component null
2026-08-27 16:09:25,236 [WARN] ModelPack:524 - Component already loaded: STMicroelectronics:HAL Drivers:0.0.0:STMicroelectronics:Device:STMicro_Driver:XSPI:HAL::0.0.1:HAL_XSPI
2026-08-27 16:09:25,277 [INFO] ThirdPartyModel:298 - Start build external matchings
2026-08-27 16:09:25,794 [INFO] ThirdPartyModel:316 - End build external matchings
2026-08-27 16:09:25,826 [WARN] IP:2250 - MaxTran not found: check if there is a RefParameter without a condition.
2026-08-27 16:09:25,826 [WARN] IP:2250 - Refresh not found: check if there is a RefParameter without a condition.
2026-08-27 16:09:25,827 [INFO] ImportTextPane:234 - (OptionalMessage_ERROR) IP (RCC) : Invalid parameter (FamilyName)
2026-08-27 16:09:26,434 [INFO] UtilMem:75 - End LoadConfig() Used Memory: 795071928 Bytes (1073741824)
2026-08-27 16:09:26,989 [WARN] ThirdParty:833 - waiting for thirdparty lock release [change project]
2026-08-27 16:09:26,990 [INFO] ThirdParty:835 - entering critical section [change project]
2026-08-27 16:09:26,990 [INFO] ThirdParty:1030 - CMSIS Pack Vendor :STMicroelectronics X-CUBE-AZRTOS-H7 3.5.0
2026-08-27 16:09:26,990 [INFO] ThirdParty:1030 - CMSIS Pack Vendor :STMicroelectronics X-CUBE-PM33A1 1.0.0
2026-08-27 16:09:26,990 [INFO] ThirdParty:1030 - CMSIS Pack Vendor :STMicroelectronics USBPD 4.1
2026-08-27 16:09:26,990 [INFO] ThirdParty:1030 - CMSIS Pack Vendor :STMicroelectronics X-CUBE-NFC9 1.0.0
2026-08-27 16:09:26,991 [INFO] ThirdParty:1030 - CMSIS Pack Vendor :STMicroelectronics USB_HOST 2.0.0
2026-08-27 16:09:26,991 [INFO] ThirdParty:1030 - CMSIS Pack Vendor :STMicroelectronics FP-ATR-ASTRA1 2.0.3
2026-08-27 16:09:26,991 [INFO] ThirdParty:1030 - CMSIS Pack Vendor :STMicroelectronics X-CUBE-AZRTOS-F4 1.1.0
2026-08-27 16:09:26,991 [INFO] ThirdParty:1030 - CMSIS Pack Vendor :STMicroelectronics LIBJPEG 8.0.0
2026-08-27 16:09:26,991 [INFO] ThirdParty:1030 - CMSIS Pack Vendor :STMicroelectronics X-CUBE-BLE1 7.1.0
2026-08-27 16:09:26,991 [INFO] ThirdParty:1030 - CMSIS Pack Vendor :wolfSSL I-CUBE-wolfMQTT 1.19.2
2026-08-27 16:09:26,991 [INFO] ThirdParty:1030 - CMSIS Pack Vendor :STMicroelectronics USB_DEVICE 3.0.0
2026-08-27 16:09:26,991 [INFO] ThirdParty:1030 - CMSIS Pack Vendor :STMicroelectronics X-CUBE-ISPU 2.1.0
2026-08-27 16:09:26,991 [INFO] ThirdParty:1030 - CMSIS Pack Vendor :STMicroelectronics X-CUBE-EEPRMA1 5.2.0
2026-08-27 16:09:26,991 [INFO] ThirdParty:1030 - CMSIS Pack Vendor :STMicroelectronics X-CUBE-IPS 3.2.0
2026-08-27 16:09:26,992 [INFO] ThirdParty:1030 - CMSIS Pack Vendor :STMicroelectronics eDS-WB_DPC_TT-BIDIR 2.1.1
2026-08-27 16:09:26,992 [INFO] ThirdParty:1030 - CMSIS Pack Vendor :STMicroelectronics X-CUBE-AZRTOS-WB 2.0.0
2026-08-27 16:09:26,992 [INFO] ThirdParty:1030 - CMSIS Pack Vendor :STMicroelectronics X-CUBE-NFC12 1.0.0
2026-08-27 16:09:26,992 [INFO] ThirdParty:1030 - CMSIS Pack Vendor :STMicroelectronics X-CUBE-AZRTOS-F7 1.1.0
2026-08-27 16:09:26,992 [INFO] ThirdParty:1030 - CMSIS Pack Vendor :STMicroelectronics X-CUBE-AZRTOS-L5 2.0.0
2026-08-27 16:09:26,992 [INFO] ThirdParty:1030 - CMSIS Pack Vendor :STMicroelectronics USB_DEVICE 2.0.0
2026-08-27 16:09:26,992 [INFO] ThirdParty:1030 - CMSIS Pack Vendor :STMicroelectronics X-CUBE-FREERTOS 1.6.0
2026-08-27 16:09:26,992 [INFO] ThirdParty:1030 - CMSIS Pack Vendor :STMicroelectronics FP-SNS-STAIOTCFT 1.1.0
2026-08-27 16:09:26,992 [INFO] ThirdParty:1030 - CMSIS Pack Vendor :quantropi X-CUBE-qispace-sdk-base 2.1.0
2026-08-27 16:09:26,992 [INFO] ThirdParty:1030 - CMSIS Pack Vendor :STMicroelectronics X-CUBE-STSE01 2.0.0
2026-08-27 16:09:26,993 [INFO] ThirdParty:1030 - CMSIS Pack Vendor :STMicroelectronics X-CUBE-ALGOBUILD 1.5.0
2026-08-27 16:09:26,993 [INFO] ThirdParty:1030 - CMSIS Pack Vendor :STMicroelectronics FP-SNS-MOTENV1 5.1.0
2026-08-27 16:09:26,993 [INFO] ThirdParty:1030 - CMSIS Pack Vendor :STMicroelectronics FreeRTOS 0.0.1
2026-08-27 16:09:26,993 [INFO] ThirdParty:1030 - CMSIS Pack Vendor :STMicroelectronics X-CUBE-AZRTOS-H7RS 1.3.0
2026-08-27 16:09:26,993 [INFO] ThirdParty:1030 - CMSIS Pack Vendor :STMicroelectronics X-CUBE-AZRTOS-G0 1.1.0
2026-08-27 16:09:26,993 [INFO] ThirdParty:1030 - CMSIS Pack Vendor :STMicroelectronics X-CUBE-NFC4 3.0.0
2026-08-27 16:09:26,993 [INFO] ThirdParty:1030 - CMSIS Pack Vendor :STMicroelectronics X-CUBE-SUBG2 5.0.0
2026-08-27 16:09:26,993 [INFO] ThirdParty:1030 - CMSIS Pack Vendor :STMicroelectronics STM32_WPAN 1.0.0
2026-08-27 16:09:26,993 [INFO] ThirdParty:1030 - CMSIS Pack Vendor :STMicroelectronics eDS-WB_DPC_VIENNA 1.2.0
2026-08-27 16:09:26,993 [INFO] ThirdParty:1030 - CMSIS Pack Vendor :EmbeddedOffice I-CUBE-FS-RTOS 1.0.1
2026-08-27 16:09:26,994 [INFO] ThirdParty:1030 - CMSIS Pack Vendor :STMicroelectronics lwIP 2.0.3
2026-08-27 16:09:26,994 [INFO] ThirdParty:1030 - CMSIS Pack Vendor :WES I-CUBE-Cesium 1.4.0
2026-08-27 16:09:26,994 [INFO] ThirdParty:1030 - CMSIS Pack Vendor :STMicroelectronics X-CUBE-MEMS1 13.0.0
2026-08-27 16:09:26,994 [INFO] ThirdParty:1030 - CMSIS Pack Vendor :STMicroelectronics eDS-WB_DPC_3PH2L-BIDIR 1.1.1
2026-08-27 16:09:26,994 [INFO] ThirdParty:1030 - CMSIS Pack Vendor :STMicroelectronics USB_HOST 1.0.0
2026-08-27 16:09:26,994 [INFO] ThirdParty:1030 - CMSIS Pack Vendor :STMicroelectronics X-CUBE-AZRTOS-G4 2.0.0
2026-08-27 16:09:26,994 [INFO] ThirdParty:1030 - CMSIS Pack Vendor :STMicroelectronics PDM2PCM 3.1.0
2026-08-27 16:09:26,994 [INFO] ThirdParty:1030 - CMSIS Pack Vendor :STMicroelectronics PDM2PCM 3.3.0
2026-08-27 16:09:26,994 [INFO] ThirdParty:1030 - CMSIS Pack Vendor :wolfSSL I-CUBE-wolfTPM 3.8.0
2026-08-27 16:09:26,994 [INFO] ThirdParty:1030 - CMSIS Pack Vendor :STMicroelectronics X-CUBE-DISPLAY 3.0.0
2026-08-27 16:09:26,995 [INFO] ThirdParty:1030 - CMSIS Pack Vendor :wolfSSL I-CUBE-wolfSSH 1.4.20
2026-08-27 16:09:26,995 [INFO] ThirdParty:1030 - CMSIS Pack Vendor :STMicroelectronics X-CUBE-NFC7 2.0.0
2026-08-27 16:09:26,995 [INFO] ThirdParty:1030 - CMSIS Pack Vendor :STMicroelectronics X-CUBE-GNSS1 7.1.1
2026-08-27 16:09:26,995 [INFO] ThirdParty:1030 - CMSIS Pack Vendor :STMicroelectronics FP-SNS-MOTENVWB1 1.5.0
2026-08-27 16:09:26,995 [INFO] ThirdParty:1030 - CMSIS Pack Vendor :STMicroelectronics X-CUBE-TCPP 4.2.0
2026-08-27 16:09:26,995 [INFO] ThirdParty:1030 - CMSIS Pack Vendor :RealThread X-CUBE-RT-Thread_Nano 4.1.1
2026-08-27 16:09:26,995 [INFO] ThirdParty:1030 - CMSIS Pack Vendor :STMicroelectronics FP-ATR-SIGFOX1 3.2.0
2026-08-27 16:09:26,996 [INFO] ThirdParty:1030 - CMSIS Pack Vendor :STMicroelectronics X-CUBE-NFC10 1.0.0
2026-08-27 16:09:26,996 [INFO] ThirdParty:1030 - CMSIS Pack Vendor :STMicroelectronics HAL Drivers 0.0.0
2026-08-27 16:09:26,996 [INFO] ThirdParty:1030 - CMSIS Pack Vendor :STMicroelectronics MBEDTLS 2.16.2
2026-08-27 16:09:26,996 [INFO] ThirdParty:1030 - CMSIS Pack Vendor :STMicroelectronics X-CUBE-ST60 1.1.0
2026-08-27 16:09:26,996 [INFO] ThirdParty:1030 - CMSIS Pack Vendor :STMicroelectronics X-CUBE-ALS 1.0.2
2026-08-27 16:09:26,996 [INFO] ThirdParty:1030 - CMSIS Pack Vendor :emotas I-CUBE-CANOPEN 1.3.0
2026-08-27 16:09:26,996 [INFO] ThirdParty:1030 - CMSIS Pack Vendor :wolfSSL I-CUBE-wolfSSL 5.9.2
2026-08-27 16:09:26,996 [INFO] ThirdParty:1030 - CMSIS Pack Vendor :STMicroelectronics MBEDTLS 2.14.1
2026-08-27 16:09:26,996 [INFO] ThirdParty:1030 - CMSIS Pack Vendor :ITTIA_DB I-CUBE-ITTIADB 8.9.0
2026-08-27 16:09:26,996 [INFO] ThirdParty:1030 - CMSIS Pack Vendor :Cesanta I-CUBE-Mongoose 7.21.7
2026-08-27 16:09:26,997 [INFO] ThirdParty:1030 - CMSIS Pack Vendor :STMicroelectronics X-CUBE-TOUCHGFX 4.26.1
2026-08-27 16:09:26,997 [INFO] ThirdParty:1030 - CMSIS Pack Vendor :STMicroelectronics X-CUBE-NFC6 3.2.0
2026-08-27 16:09:26,997 [INFO] ThirdParty:1030 - CMSIS Pack Vendor :STMicroelectronics FP-SNS-STBOX1 2.1.0
2026-08-27 16:09:26,997 [INFO] ThirdParty:1030 - CMSIS Pack Vendor :STMicroelectronics X-CUBE-AI 10.2.1
2026-08-27 16:09:26,997 [INFO] ThirdParty:1030 - CMSIS Pack Vendor :STMicroelectronics ThreadX 1.0.0
2026-08-27 16:09:26,997 [INFO] ThirdParty:1030 - CMSIS Pack Vendor :STMicroelectronics FP-SNS-SMARTAG2 1.2.0
2026-08-27 16:09:26,997 [INFO] ThirdParty:1030 - CMSIS Pack Vendor :STMicroelectronics FP-SNS-FLIGHT1 5.1.0
2026-08-27 16:09:26,997 [INFO] ThirdParty:1030 - CMSIS Pack Vendor :STMicroelectronics X-CUBE-AZRTOS-WL 2.0.0
2026-08-27 16:09:26,998 [INFO] ThirdParty:1030 - CMSIS Pack Vendor :SEGGER I-CUBE-embOS 1.3.1
2026-08-27 16:09:26,998 [INFO] ThirdParty:1030 - CMSIS Pack Vendor :STMicroelectronics X-CUBE-DPower 1.3.0
2026-08-27 16:09:26,998 [INFO] ThirdParty:1030 - CMSIS Pack Vendor :STMicroelectronics USB_DEVICE 1.0.0
2026-08-27 16:09:26,998 [INFO] ThirdParty:1030 - CMSIS Pack Vendor :STMicroelectronics X-CUBE-AZRTOS-L4 2.0.0
2026-08-27 16:09:26,998 [INFO] ThirdParty:1030 - CMSIS Pack Vendor :STMicroelectronics ThreadX 0.0.2
2026-08-27 16:09:26,998 [INFO] ThirdParty:1030 - CMSIS Pack Vendor :STMicroelectronics lwIP 2.1.2
2026-08-27 16:09:26,998 [INFO] ThirdParty:1030 - CMSIS Pack Vendor :STMicroelectronics X-CUBE-SFXS2LP1 4.0.0
2026-08-27 16:09:26,998 [INFO] ThirdParty:1030 - CMSIS Pack Vendor :STMicroelectronics X-CUBE-BLE2 3.3.0
2026-08-27 16:09:26,998 [INFO] ThirdParty:1030 - CMSIS Pack Vendor :STMicroelectronics X-CUBE-TOF1 3.4.3
2026-08-27 16:09:26,999 [INFO] ThirdParty:1030 - CMSIS Pack Vendor :Infineon AIROC-Wi-Fi-Bluetooth-STM32 1.8.0
2026-08-27 16:09:26,999 [INFO] ThirdParty:1030 - CMSIS Pack Vendor :STMicroelectronics X-CUBE-NFC13 1.0.0
2026-08-27 16:09:26,999 [INFO] ThirdParty:1030 - CMSIS Pack Vendor :STMicroelectronics PDM2PCM 3.2.0
2026-08-27 16:09:26,999 [INFO] ThirdParty:1030 - CMSIS Pack Vendor :STMicroelectronics X-CUBE-WB05N 2.1.0
2026-08-27 16:09:26,999 [INFO] ThirdParty:841 - exiting critical section [change project]
2026-08-27 16:09:27,796 [INFO] PinOutPanel:1589 - setPackage(No Configuration,No Configuration)
2026-08-27 16:09:27,797 [INFO] PinOutPanel:1589 - setPackage(STM32L4S5VITx,LQFP100)
2026-08-27 16:09:28,629 [INFO] UtilMem:75 - Before build in PCC Used Memory: 749853392 Bytes (1073741824)
2026-08-27 16:09:29,688 [INFO] UtilMem:75 - After build in PCC Used Memory: 899510840 Bytes (1073741824)
2026-08-27 16:09:29,731 [INFO] IPUIPlugin:80 - create IPUIPlugin
2026-08-27 16:09:29,731 [INFO] IPUIPlugin:80 - create IPUIPlugin
2026-08-27 16:09:29,732 [INFO] IPUIPlugin:80 - create IPUIPlugin
2026-08-27 16:09:29,732 [INFO] IPUIPlugin:80 - create IPUIPlugin
2026-08-27 16:09:29,732 [INFO] IPUIPlugin:80 - create IPUIPlugin
2026-08-27 16:09:29,732 [INFO] IPUIPlugin:80 - create IPUIPlugin
2026-08-27 16:09:29,732 [INFO] IPUIPlugin:80 - create IPUIPlugin
2026-08-27 16:09:29,732 [INFO] IPUIPlugin:80 - create IPUIPlugin
2026-08-27 16:09:29,732 [INFO] IPUIPlugin:80 - create IPUIPlugin
2026-08-27 16:09:29,732 [INFO] IPUIPlugin:80 - create IPUIPlugin
2026-08-27 16:09:29,733 [INFO] IPUIPlugin:80 - create IPUIPlugin
2026-08-27 16:09:29,733 [INFO] IPUIPlugin:80 - create IPUIPlugin
2026-08-27 16:09:29,733 [INFO] IPUIPlugin:80 - create IPUIPlugin
2026-08-27 16:09:29,733 [INFO] IPUIPlugin:80 - create IPUIPlugin
2026-08-27 16:09:29,734 [INFO] IPUIPlugin:80 - create IPUIPlugin
2026-08-27 16:09:29,735 [INFO] IPUIPlugin:80 - create IPUIPlugin
2026-08-27 16:09:29,735 [INFO] IPUIPlugin:80 - create IPUIPlugin
2026-08-27 16:09:29,735 [INFO] IPUIPlugin:80 - create IPUIPlugin
2026-08-27 16:09:29,735 [INFO] IPUIPlugin:80 - create IPUIPlugin
2026-08-27 16:09:29,735 [INFO] IPUIPlugin:80 - create IPUIPlugin
2026-08-27 16:09:29,735 [INFO] IPUIPlugin:80 - create IPUIPlugin
2026-08-27 16:09:29,735 [INFO] IPUIPlugin:80 - create IPUIPlugin
2026-08-27 16:09:29,735 [INFO] IPUIPlugin:80 - create IPUIPlugin
2026-08-27 16:09:29,736 [INFO] IPUIPlugin:80 - create IPUIPlugin
2026-08-27 16:09:29,738 [INFO] IPUIPlugin:80 - create IPUIPlugin
2026-08-27 16:09:29,738 [INFO] IPUIPlugin:80 - create IPUIPlugin
2026-08-27 16:09:29,738 [INFO] IPUIPlugin:80 - create IPUIPlugin
2026-08-27 16:09:29,738 [INFO] IPUIPlugin:80 - create IPUIPlugin
2026-08-27 16:09:29,738 [INFO] IPUIPlugin:80 - create IPUIPlugin
2026-08-27 16:09:29,739 [INFO] IPUIPlugin:80 - create IPUIPlugin
2026-08-27 16:09:29,739 [INFO] IPUIPlugin:80 - create IPUIPlugin
2026-08-27 16:09:29,739 [INFO] IPUIPlugin:80 - create IPUIPlugin
2026-08-27 16:09:29,739 [INFO] IPUIPlugin:80 - create IPUIPlugin
2026-08-27 16:09:29,739 [INFO] IPUIPlugin:80 - create IPUIPlugin
2026-08-27 16:09:29,739 [INFO] IPUIPlugin:80 - create IPUIPlugin
2026-08-27 16:09:29,740 [INFO] IPUIPlugin:80 - create IPUIPlugin
2026-08-27 16:09:29,740 [INFO] IPUIPlugin:80 - create IPUIPlugin
2026-08-27 16:09:29,740 [INFO] IPUIPlugin:80 - create IPUIPlugin
2026-08-27 16:09:29,740 [INFO] IPUIPlugin:80 - create IPUIPlugin
2026-08-27 16:09:29,740 [INFO] IPUIPlugin:80 - create IPUIPlugin
2026-08-27 16:09:29,741 [INFO] IPUIPlugin:80 - create IPUIPlugin
2026-08-27 16:09:29,741 [INFO] IPUIPlugin:80 - create IPUIPlugin
2026-08-27 16:09:29,741 [INFO] IPUIPlugin:80 - create IPUIPlugin
2026-08-27 16:09:29,741 [INFO] IPUIPlugin:80 - create IPUIPlugin
2026-08-27 16:09:29,741 [INFO] IPUIPlugin:80 - create IPUIPlugin
2026-08-27 16:09:29,742 [INFO] IPUIPlugin:80 - create IPUIPlugin
2026-08-27 16:09:29,742 [INFO] IPUIPlugin:80 - create IPUIPlugin
2026-08-27 16:09:29,742 [INFO] IPUIPlugin:80 - create IPUIPlugin
2026-08-27 16:09:29,742 [INFO] IPUIPlugin:80 - create IPUIPlugin
2026-08-27 16:09:29,742 [INFO] IPUIPlugin:80 - create IPUIPlugin
2026-08-27 16:09:29,743 [INFO] IPUIPlugin:80 - create IPUIPlugin
2026-08-27 16:09:29,743 [INFO] IPUIPlugin:80 - create IPUIPlugin
2026-08-27 16:09:29,743 [INFO] IPUIPlugin:80 - create IPUIPlugin
2026-08-27 16:09:29,743 [INFO] IPUIPlugin:80 - create IPUIPlugin
2026-08-27 16:09:29,744 [INFO] IPUIPlugin:80 - create IPUIPlugin
2026-08-27 16:09:29,744 [INFO] IPUIPlugin:80 - create IPUIPlugin
2026-08-27 16:09:29,744 [INFO] IPUIPlugin:80 - create IPUIPlugin
2026-08-27 16:09:29,744 [INFO] IPUIPlugin:80 - create IPUIPlugin
2026-08-27 16:09:29,745 [INFO] IPUIPlugin:80 - create IPUIPlugin
2026-08-27 16:09:29,745 [INFO] IPUIPlugin:80 - create IPUIPlugin
2026-08-27 16:09:29,745 [INFO] IPUIPlugin:80 - create IPUIPlugin
2026-08-27 16:09:29,746 [INFO] IPUIPlugin:80 - create IPUIPlugin
2026-08-27 16:09:29,746 [INFO] IPUIPlugin:80 - create IPUIPlugin
2026-08-27 16:09:30,125 [INFO] CADModel:165 - CPN selected for project levelSTM32L4S5VIT6
2026-08-27 16:09:30,126 [INFO] CADModel:114 - Register for checkConnection events
2026-08-27 16:09:30,165 [INFO] OpenFileManager:386 - Restore cursor
2026-08-27 16:09:30,875 [WARN] IP:2250 - MaxTran not found: check if there is a RefParameter without a condition.
2026-08-27 16:09:30,875 [WARN] IP:2250 - Refresh not found: check if there is a RefParameter without a condition.
2026-08-27 16:09:30,876 [WARN] IP:2250 - MaxTran not found: check if there is a RefParameter without a condition.
2026-08-27 16:09:30,876 [WARN] IP:2250 - Refresh not found: check if there is a RefParameter without a condition.
2026-08-27 16:09:45,418 [INFO] UtilMem:75 - End SaveConfig() Used Memory: 900025048 Bytes (1073741824)
2026-08-27 16:09:51,344 [ERROR] ConfigurationRetriever:142 - IOException on connection: Read timed out
2026-08-27 16:09:56,350 [ERROR] ConfigurationRetriever:142 - IOException on connection: Read timed out
2026-08-27 16:11:46,335 [INFO] McuFinderGlobals:76 - Set McuFinderConnectedMode to true
2026-08-27 16:11:46,338 [INFO] ApiDb:448 - Save user favorites file C:\Users\student/.stm32cubeide/favorites.mcus.txt: 0 item(s)
2026-08-27 16:11:46,338 [INFO] ApiDb:452 - User favorites MCUs=[]
2026-08-27 16:11:46,341 [INFO] ApiDb:448 - Save user favorites file C:\Users\student/.stm32cubeide/favorites.boards.txt: 0 item(s)
2026-08-27 16:11:46,341 [INFO] ApiDb:452 - User favorites Boards=[]
2026-08-27 16:11:50,570 [ERROR] ConfigurationRetriever:142 - IOException on connection: Read timed out
2026-08-27 16:11:55,724 [ERROR] ConfigurationRetriever:142 - IOException on connection: Read timed out
                                                                                                                                                                                                                